generated_at,league_id,season,is_provisional,player_id,name,position,fantasy_positions,team,age,status,injury_status,depth_chart_order,current_season_draft_round,availability,waiver_status,can_add_now,player_metadata_fetched_at
2026-09-07T02:33:19.433492Z,1389347524489277440,2026,False,1696,Brandon Williams,CB,TE,,29,Active,,,,unrostered_at_snapshot,unknown,,2026-09-07T02:33:19.257223Z
2026-09-07T02:33:19.433492Z,1389347524489277440,2026,False,ARI,Arizona Cardinals,DEF,DEF,ARI,,,,,,unrostered_at_snapshot,unknown,,2026-09-07T02:33:19.257223Z
2026-09-07T02:33:19.433492Z,1389347524489277440,2026,False,ATL,Atlanta Falcons,DEF,DEF,ATL,,,,,,unrostered_at_snapshot,unknown,,2026-09-07T02:33:19.257223Z
2026-09-07T02:33:19.433492Z,1389347524489277440,2026,False,BUF,Buffalo Bills,DEF,DEF,BUF,,,,,,unrostered_at_snapshot,unknown,,2026-09-07T02:33:19.257223Z
2026-09-07T02:33:19.433492Z,1389347524489277440,2026,False,CAR,Carolina Panthers,DEF,DEF,CAR,,,,,,unrostered_at_snapshot,unknown,,2026-09-07T02:33:19.257223Z
2026-09-07T02:33:19.433492Z,1389347524489277440,2026,False,CHI,Chicago Bears,DEF,DEF,CHI,,,,,,unrostered_at_snapshot,unknown,,2026-09-07T02:33:19.257223Z
2026-09-07T02:33:19.433492Z,1389347524489277440,2026,False,CIN,Cincinnati Bengals,DEF,DEF,CIN,,,,,,unrostered_at_snapshot,unknown,,2026-09-07T02:33:19.257223Z
2026-09-07T02:33:19.433492Z,1389347524489277440,2026,False,CLE,Cleveland Browns,DEF,DEF,CLE,,,,,,unrostered_at_snapshot,unknown,,2026-09-07T02:33:19.257223Z
2026-09-07T02:33:19.433492Z,1389347524489277440,2026,False,GB,Green Bay Packers,DEF,DEF,GB,,,,,,unrostered_at_snapshot,unknown,,2026-09-07T02:33:19.257223Z
2026-09-07T02:33:19.433492Z,1389347524489277440,2026,False,IND,Indianapolis Colts,DEF,DEF,IND,,,,,,unrostered_at_snapshot,unknown,,2026-09-07T02:33:19.257223Z
2026-09-07T02:33:19.433492Z,1389347524489277440,2026,False,KC,Kansas City Chiefs,DEF,DEF,KC,,,,,,unrostered_at_snapshot,unknown,,2026-09-07T02:33:19.257223Z
2026-09-07T02:33:19.433492Z,1389347524489277440,2026,False,LV,Las Vegas Raiders,DEF,DEF,LV,,,,,,unrostered_at_snapshot,unknown,,2026-09-07T02:33:19.257223Z
2026-09-07T02:33:19.433492Z,1389347524489277440,2026,False,MIA,Miami Dolphins,DEF,DEF,MIA,,,,,,unrostered_at_snapshot,unknown,,2026-09-07T02:33:19.257223Z
2026-09-07T02:33:19.433492Z,1389347524489277440,2026,False,NO,New Orleans Saints,DEF,DEF,NO,,,,,,unrostered_at_snapshot,unknown,,2026-09-07T02:33:19.257223Z
2026-09-07T02:33:19.433492Z,1389347524489277440,2026,False,NYG,New York Giants,DEF,DEF,NYG,,,,,,unrostered_at_snapshot,unknown,,2026-09-07T02:33:19.257223Z
2026-09-07T02:33:19.433492Z,1389347524489277440,2026,False,NYJ,New York Jets,DEF,DEF,NYJ,,,,,,unrostered_at_snapshot,unknown,,2026-09-07T02:33:19.257223Z
2026-09-07T02:33:19.433492Z,1389347524489277440,2026,False,SF,San Francisco 49ers,DEF,DEF,SF,,,,,,unrostered_at_snapshot,unknown,,2026-09-07T02:33:19.257223Z
2026-09-07T02:33:19.433492Z,1389347524489277440,2026,False,TB,Tampa Bay Buccaneers,DEF,DEF,TB,,,,,,unrostered_at_snapshot,unknown,,2026-09-07T02:33:19.257223Z
2026-09-07T02:33:19.433492Z,1389347524489277440,2026,False,TEN,Tennessee Titans,DEF,DEF,TEN,,,,,,unrostered_at_snapshot,unknown,,2026-09-07T02:33:19.257223Z
2026-09-07T02:33:19.433492Z,1389347524489277440,2026,False,WAS,Washington Commanders,DEF,DEF,WAS,,,,,,unrostered_at_snapshot,unknown,,2026-09-07T02:33:19.257223Z
2026-09-07T02:33:19.433492Z,1389347524489277440,2026,False,8025,Adam Prentice,FB,RB,DEN,29,Active,,,,unrostered_at_snapshot,unknown,,2026-09-07T02:33:19.257223Z
2026-09-07T02:33:19.433492Z,1389347524489277440,2026,False,6109,Alec Ingold,FB,RB,LAC,30,Active,,4,,unrostered_at_snapshot,unknown,,2026-09-07T02:33:19.257223Z
2026-09-07T02:33:19.433492Z,1389347524489277440,2026,False,14071,Grant Finley,FB,RB,NYG,,Active,,,,unrostered_at_snapshot,unknown,,2026-09-07T02:33:19.257223Z
2026-09-07T02:33:19.433492Z,1389347524489277440,2026,False,11510,Hunter Luepke,FB,RB,DAL,26,Active,,4,,unrostered_at_snapshot,unknown,,2026-09-07T02:33:19.257223Z
2026-09-07T02:33:19.433492Z,1389347524489277440,2026,False,1379,Kyle Juszczyk,FB,RB,SF,35,Active,Questionable,4,,unrostered_at_snapshot,unknown,,2026-09-07T02:33:19.257223Z
2026-09-07T02:33:19.433492Z,1389347524489277440,2026,False,7868,Mason Stokke,FB,RB,CAR,,Active,,,,unrostered_at_snapshot,unknown,,2026-09-07T02:33:19.257223Z
2026-09-07T02:33:19.433492Z,1389347524489277440,2026,False,2471,Michael Burton,FB,RB,CLE,34,Active,,4,,unrostered_at_snapshot,unknown,,2026-09-07T02:33:19.257223Z
2026-09-07T02:33:19.433492Z,1389347524489277440,2026,False,4353,Patrick Ricard,FB,RB,NYG,32,Active,,5,,unrostered_at_snapshot,unknown,,2026-09-07T02:33:19.257223Z
2026-09-07T02:33:19.433492Z,1389347524489277440,2026,False,11260,Robert Burns,FB,RB,CHI,,Active,,,,unrostered_at_snapshot,unknown,,2026-09-07T02:33:19.257223Z
2026-09-07T02:33:19.433492Z,1389347524489277440,2026,False,14086,Terrelle Smith,FB,RB,WAS,48,Active,,,,unrostered_at_snapshot,unknown,,2026-09-07T02:33:19.257223Z
2026-09-07T02:33:19.433492Z,1389347524489277440,2026,False,4226,Alex Armah,FB,RB,,29,Active,,,,unrostered_at_snapshot,unknown,,2026-09-07T02:33:19.257223Z
2026-09-07T02:33:19.433492Z,1389347524489277440,2026,False,4673,Algernon Brown,FB,RB,,30,Active,,,,unrostered_at_snapshot,unknown,,2026-09-07T02:33:19.257223Z
2026-09-07T02:33:19.433492Z,1389347524489277440,2026,False,3572,Andrew Bonnet,FB,RB,,29,Active,,,,unrostered_at_snapshot,unknown,,2026-09-07T02:33:19.257223Z
2026-09-07T02:33:19.433492Z,1389347524489277440,2026,False,3332,Andy Janovich,FB,RB,,29,Active,,,,unrostered_at_snapshot,unknown,,2026-09-07T02:33:19.257223Z
2026-09-07T02:33:19.433492Z,1389347524489277440,2026,False,5238,Austin Ramesh,FB,RB,,26,Active,,,,unrostered_at_snapshot,unknown,,2026-09-07T02:33:19.257223Z
2026-09-07T02:33:19.433492Z,1389347524489277440,2026,False,7808,Ben Mason,FB,TE,,25,Active,,,,unrostered_at_snapshot,unknown,,2026-09-07T02:33:19.257223Z
2026-09-07T02:33:19.433492Z,1389347524489277440,2026,False,7315,Bobby Holly,FB,RB,,24,Active,,,,unrostered_at_snapshot,unknown,,2026-09-07T02:33:19.257223Z
2026-09-07T02:33:19.433492Z,1389347524489277440,2026,False,12983,Brock Lampe,FB,RB,,23,Active,,,,unrostered_at_snapshot,unknown,,2026-09-07T02:33:19.257223Z
2026-09-07T02:33:19.433492Z,1389347524489277440,2026,False,3832,C.J. Ham,FB,RB,,32,Active,NA,,,unrostered_at_snapshot,unknown,,2026-09-07T02:33:19.257223Z
2026-09-07T02:33:19.433492Z,1389347524489277440,2026,False,3443,Chris Swain,FB,RB,,29,Active,,,,unrostered_at_snapshot,unknown,,2026-09-07T02:33:19.257223Z
2026-09-07T02:33:19.433492Z,1389347524489277440,2026,False,8934,Clint Ratkovich,FB,RB,,25,Active,,,,unrostered_at_snapshot,unknown,,2026-09-07T02:33:19.257223Z
2026-09-07T02:33:19.433492Z,1389347524489277440,2026,False,4437,Connor Harris,FB,RB,,28,Active,,,,unrostered_at_snapshot,unknown,,2026-09-07T02:33:19.257223Z
2026-09-07T02:33:19.433492Z,1389347524489277440,2026,False,3353,Dan Vitale,FB,RB,,28,Injured Reserve,,,,unrostered_at_snapshot,unknown,,2026-09-07T02:33:19.257223Z
2026-09-07T02:33:19.433492Z,1389347524489277440,2026,False,5240,Daniel Marx,FB,RB,,26,Active,,,,unrostered_at_snapshot,unknown,,2026-09-07T02:33:19.257223Z
2026-09-07T02:33:19.433492Z,1389347524489277440,2026,False,4365,Darrin Laufasa,FB,RB,,26,Active,,,,unrostered_at_snapshot,unknown,,2026-09-07T02:33:19.257223Z
2026-09-07T02:33:19.433492Z,1389347524489277440,2026,False,3354,Derek Watt,FB,RB,,30,Active,,,,unrostered_at_snapshot,unknown,,2026-09-07T02:33:19.257223Z
2026-09-07T02:33:19.433492Z,1389347524489277440,2026,False,5296,Elijah Wellman,FB,TE,,27,Active,,,,unrostered_at_snapshot,unknown,,2026-09-07T02:33:19.257223Z
2026-09-07T02:33:19.433492Z,1389347524489277440,2026,False,4557,Freddie Stevenson,FB,RB,,26,Active,,,,unrostered_at_snapshot,unknown,,2026-09-07T02:33:19.257223Z
2026-09-07T02:33:19.433492Z,1389347524489277440,2026,False,7318,Gabe Nabers,FB,RB,,24,Active,,,,unrostered_at_snapshot,unknown,,2026-09-07T02:33:19.257223Z
2026-09-07T02:33:19.433492Z,1389347524489277440,2026,False,6435,George Aston,FB,RB,,25,Active,,,,unrostered_at_snapshot,unknown,,2026-09-07T02:33:19.257223Z
2026-09-07T02:33:19.433492Z,1389347524489277440,2026,False,7216,Giovanni Ricci,FB,TE,,29,Active,,,,unrostered_at_snapshot,unknown,,2026-09-07T02:33:19.257223Z
2026-09-07T02:33:19.433492Z,1389347524489277440,2026,False,11209,Henry Pearson,FB,RB,,24,Active,,,,unrostered_at_snapshot,unknown,,2026-09-07T02:33:19.257223Z
2026-09-07T02:33:19.433492Z,1389347524489277440,2026,False,5586,Henry Poggi,FB,RB,,27,Active,,,,unrostered_at_snapshot,unknown,,2026-09-07T02:33:19.257223Z
2026-09-07T02:33:19.433492Z,1389347524489277440,2026,False,11174,Jack Colletto,FB,RB,,25,Active,,,,unrostered_at_snapshot,unknown,,2026-09-07T02:33:19.257223Z
2026-09-07T02:33:19.433492Z,1389347524489277440,2026,False,13937,Jackson Acker,FB,RB,,23,Active,,,,unrostered_at_snapshot,unknown,,2026-09-07T02:33:19.257223Z
2026-09-07T02:33:19.433492Z,1389347524489277440,2026,False,7358,Jake Bargas,FB,RB,,26,Active,,,,unrostered_at_snapshot,unknown,,2026-09-07T02:33:19.257223Z
2026-09-07T02:33:19.433492Z,1389347524489277440,2026,False,6202,Jakob Johnson,FB,RB,,31,Active,,,,unrostered_at_snapshot,unknown,,2026-09-07T02:33:19.257223Z
2026-09-07T02:33:19.433492Z,1389347524489277440,2026,False,1303,James Develin,FB,RB,,33,Injured Reserve,,,,unrostered_at_snapshot,unknown,,2026-09-07T02:33:19.257223Z
2026-09-07T02:33:19.433492Z,1389347524489277440,2026,False,5565,Jason Cabinda,FB,RB,,27,Active,,,,unrostered_at_snapshot,unknown,,2026-09-07T02:33:19.257223Z
2026-09-07T02:33:19.433492Z,1389347524489277440,2026,False,4731,Joe Bacci,FB,RB,,27,Active,,,,unrostered_at_snapshot,unknown,,2026-09-07T02:33:19.257223Z
2026-09-07T02:33:19.433492Z,1389347524489277440,2026,False,7980,John Raine,FB,TE,,25,Active,,,,unrostered_at_snapshot,unknown,,2026-09-07T02:33:19.257223Z
2026-09-07T02:33:19.433492Z,1389347524489277440,2026,False,5569,Johnny Stanton,FB,RB,,27,Active,,,,unrostered_at_snapshot,unknown,,2026-09-07T02:33:19.257223Z
2026-09-07T02:33:19.433492Z,1389347524489277440,2026,False,7264,Jordan Jones,FB,RB,,24,Active,,,,unrostered_at_snapshot,unknown,,2026-09-07T02:33:19.257223Z
2026-09-07T02:33:19.433492Z,1389347524489277440,2026,False,7420,Josh Hokit,FB,RB,,24,Active,,,,unrostered_at_snapshot,unknown,,2026-09-07T02:33:19.257223Z
2026-09-07T02:33:19.433492Z,1389347524489277440,2026,False,2073,Keith Smith,FB,RB,,32,Active,,,,unrostered_at_snapshot,unknown,,2026-09-07T02:33:19.257223Z
2026-09-07T02:33:19.433492Z,1389347524489277440,2026,False,6379,Khari Blasingame,FB,RB,,28,Active,,,,unrostered_at_snapshot,unknown,,2026-09-07T02:33:19.257223Z
2026-09-07T02:33:19.433492Z,1389347524489277440,2026,False,3891,Kyle Coleman,FB,RB,,28,Active,,,,unrostered_at_snapshot,unknown,,2026-09-07T02:33:19.257223Z
2026-09-07T02:33:19.433492Z,1389347524489277440,2026,False,13213,Lucas Scott,FB,RB,,23,Active,,,,unrostered_at_snapshot,unknown,,2026-09-07T02:33:19.257223Z
2026-09-07T02:33:19.433492Z,1389347524489277440,2026,False,5145,Luke McNitt,FB,RB,,27,Active,,,,unrostered_at_snapshot,unknown,,2026-09-07T02:33:19.257223Z
2026-09-07T02:33:19.433492Z,1389347524489277440,2026,False,2496,Malcolm Johnson,FB,RB,,29,Active,,,,unrostered_at_snapshot,unknown,,2026-09-07T02:33:19.257223Z
2026-09-07T02:33:19.433492Z,1389347524489277440,2026,False,11088,Monte Pottebaum,FB,RB,,23,Active,,,,unrostered_at_snapshot,unknown,,2026-09-07T02:33:19.257223Z
2026-09-07T02:33:19.433492Z,1389347524489277440,2026,False,5116,Nick Bawden,FB,RB,,28,Active,,,,unrostered_at_snapshot,unknown,,2026-09-07T02:33:19.257223Z
2026-09-07T02:33:19.433492Z,1389347524489277440,2026,False,5355,Nick Sharga,FB,RB,,,Active,,,,unrostered_at_snapshot,unknown,,2026-09-07T02:33:19.257223Z
2026-09-07T02:33:19.433492Z,1389347524489277440,2026,False,1305,Patrick DiMarco,FB,RB,,32,Injured Reserve,,,,unrostered_at_snapshot,unknown,,2026-09-07T02:33:19.257223Z
2026-09-07T02:33:19.433492Z,1389347524489277440,2026,False,4350,Ricky Ortiz,FB,RB,,27,Active,,,,unrostered_at_snapshot,unknown,,2026-09-07T02:33:19.257223Z
2026-09-07T02:33:19.433492Z,1389347524489277440,2026,False,2174,Roosevelt Nix,FB,RB,,29,Injured Reserve,,,,unrostered_at_snapshot,unknown,,2026-09-07T02:33:19.257223Z
2026-09-07T02:33:19.433492Z,1389347524489277440,2026,False,2658,Ryan Mueller,FB,RB,,33,Active,,,,unrostered_at_snapshot,unknown,,2026-09-07T02:33:19.257223Z
2026-09-07T02:33:19.433492Z,1389347524489277440,2026,False,4250,Sam Rogers,FB,RB,,26,Active,,,,unrostered_at_snapshot,unknown,,2026-09-07T02:33:19.257223Z
2026-09-07T02:33:19.433492Z,1389347524489277440,2026,False,7055,Sewo Olonilua,FB,RB,,24,Active,,,,unrostered_at_snapshot,unknown,,2026-09-07T02:33:19.257223Z
2026-09-07T02:33:19.433492Z,1389347524489277440,2026,False,7212,Spencer Nigh,FB,RB,,23,Active,,,,unrostered_at_snapshot,unknown,,2026-09-07T02:33:19.257223Z
2026-09-07T02:33:19.433492Z,1389347524489277440,2026,False,6188,Sutton Smith,FB,RB,,26,Active,,,,unrostered_at_snapshot,unknown,,2026-09-07T02:33:19.257223Z
2026-09-07T02:33:19.433492Z,1389347524489277440,2026,False,7852,Tory Carter,FB,RB,,23,Active,,,,unrostered_at_snapshot,unknown,,2026-09-07T02:33:19.257223Z
2026-09-07T02:33:19.433492Z,1389347524489277440,2026,False,3670,Will Ratelle,FB,RB,,28,Active,,,,unrostered_at_snapshot,unknown,,2026-09-07T02:33:19.257223Z
2026-09-07T02:33:19.433492Z,1389347524489277440,2026,False,1693,Zach Line,FB,RB,,31,Injured Reserve,,,,unrostered_at_snapshot,unknown,,2026-09-07T02:33:19.257223Z
2026-09-07T02:33:19.433492Z,1389347524489277440,2026,False,11486,Zach Ojile,FB,RB,,24,Active,,,,unrostered_at_snapshot,unknown,,2026-09-07T02:33:19.257223Z
2026-09-07T02:33:19.433492Z,1389347524489277440,2026,False,7933,Alex Kessman,K,K,CAR,24,Active,,,,unrostered_at_snapshot,unknown,,2026-09-07T02:33:19.257223Z
2026-09-07T02:33:19.433492Z,1389347524489277440,2026,False,11261,Andre Szmyt,K,K,CLE,27,Active,,1,,unrostered_at_snapshot,unknown,,2026-09-07T02:33:19.257223Z
2026-09-07T02:33:19.433492Z,1389347524489277440,2026,False,12713,Andy Borregales,K,K,NE,23,Active,,1,,unrostered_at_snapshot,unknown,,2026-09-07T02:33:19.257223Z
2026-09-07T02:33:19.433492Z,1389347524489277440,2026,False,11058,Blake Grupe,K,K,NYJ,27,Active,,1,,unrostered_at_snapshot,unknown,,2026-09-07T02:33:19.257223Z
2026-09-07T02:33:19.433492Z,1389347524489277440,2026,False,2020,Cairo Santos,K,K,CHI,34,Active,,1,,unrostered_at_snapshot,unknown,,2026-09-07T02:33:19.257223Z
2026-09-07T02:33:19.433492Z,1389347524489277440,2026,False,10955,Chad Ryland,K,K,ARI,26,Active,,1,,unrostered_at_snapshot,unknown,,2026-09-07T02:33:19.257223Z
2026-09-07T02:33:19.433492Z,1389347524489277440,2026,False,11653,Charlie Smyth,K,K,NO,25,Active,,,,unrostered_at_snapshot,unknown,,2026-09-07T02:33:19.257223Z
2026-09-07T02:33:19.433492Z,1389347524489277440,2026,False,1945,Chris Boswell,K,K,PIT,35,Active,,1,,unrostered_at_snapshot,unknown,,2026-09-07T02:33:19.257223Z
2026-09-07T02:33:19.433492Z,1389347524489277440,2026,False,5095,Daniel Carlson,K,K,NO,31,Active,,1,,unrostered_at_snapshot,unknown,,2026-09-07T02:33:19.257223Z
2026-09-07T02:33:19.433492Z,1389347524489277440,2026,False,13833,Dominic Zvada,K,K,NYG,22,Active,,1,,unrostered_at_snapshot,unknown,,2026-09-07T02:33:19.257223Z
2026-09-07T02:33:19.433492Z,1389347524489277440,2026,False,13968,Drew Stevens,K,K,WAS,22,Active,,1,,unrostered_at_snapshot,unknown,,2026-09-07T02:33:19.257223Z
2026-09-07T02:33:19.433492Z,1389347524489277440,2026,False,4195,Jake Elliott,K,K,PHI,31,Active,,1,,unrostered_at_snapshot,unknown,,2026-09-07T02:33:19.257223Z
2026-09-07T02:33:19.433492Z,1389347524489277440,2026,False,10937,Jake Moody,K,K,BAL,26,Active,,,,unrostered_at_snapshot,unknown,,2026-09-07T02:33:19.257223Z
2026-09-07T02:33:19.433492Z,1389347524489277440,2026,False,5119,Jason Sanders,K,K,NYJ,30,Active,,,,unrostered_at_snapshot,unknown,,2026-09-07T02:33:19.257223Z
2026-09-07T02:33:19.433492Z,1389347524489277440,2026,False,6528,Joey Slye,K,K,TEN,30,Active,,1,,unrostered_at_snapshot,unknown,,2026-09-07T02:33:19.257223Z
2026-09-07T02:33:19.433492Z,1389347524489277440,2026,False,13804,Kansei Matsuzawa,K,K,LV,27,Active,,,,unrostered_at_snapshot,unknown,,2026-09-07T02:33:19.257223Z
2026-09-07T02:33:19.433492Z,1389347524489277440,2026,False,12548,Lenny Krieg,K,K,GB,24,Active,,,,unrostered_at_snapshot,unknown,,2026-09-07T02:33:19.257223Z
2026-09-07T02:33:19.433492Z,1389347524489277440,2026,False,6083,Matt Gay,K,K,LV,32,Active,,1,,unrostered_at_snapshot,unknown,,2026-09-07T02:33:19.257223Z
2026-09-07T02:33:19.433492Z,1389347524489277440,2026,False,650,Nick Folk,K,K,ATL,41,Active,,1,,unrostered_at_snapshot,unknown,,2026-09-07T02:33:19.257223Z
2026-09-07T02:33:19.433492Z,1389347524489277440,2026,False,7922,Riley Patterson,K,K,MIA,27,Active,,1,,unrostered_at_snapshot,unknown,,2026-09-07T02:33:19.257223Z
2026-09-07T02:33:19.433492Z,1389347524489277440,2026,False,12961,Ryan Fitzgerald,K,K,CAR,26,Active,,1,,unrostered_at_snapshot,unknown,,2026-09-07T02:33:19.257223Z
2026-09-07T02:33:19.433492Z,1389347524489277440,2026,False,12185,Spencer Shrader,K,K,IND,27,Active,,1,,unrostered_at_snapshot,unknown,,2026-09-07T02:33:19.257223Z
2026-09-07T02:33:19.433492Z,1389347524489277440,2026,False,13545,Trey Smack,K,K,GB,23,Active,,1,,unrostered_at_snapshot,unknown,,2026-09-07T02:33:19.257223Z
2026-09-07T02:33:19.433492Z,1389347524489277440,2026,False,7042,Tyler Bass,K,K,BUF,29,Active,,1,,unrostered_at_snapshot,unknown,,2026-09-07T02:33:19.257223Z
2026-09-07T02:33:19.433492Z,1389347524489277440,2026,False,12711,Tyler Loop,K,K,BAL,25,Active,,1,,unrostered_at_snapshot,unknown,,2026-09-07T02:33:19.257223Z
2026-09-07T02:33:19.433492Z,1389347524489277440,2026,False,3678,Wil Lutz,K,K,DEN,32,Active,,1,,unrostered_at_snapshot,unknown,,2026-09-07T02:33:19.257223Z
2026-09-07T02:33:19.433492Z,1389347524489277440,2026,False,120,Adam Vinatieri,K,K,,49,Injured Reserve,,,,unrostered_at_snapshot,unknown,,2026-09-07T02:33:19.257223Z
2026-09-07T02:33:19.433492Z,1389347524489277440,2026,False,3827,Aldrick Rosas,K,K,,27,Active,,,,unrostered_at_snapshot,unknown,,2026-09-07T02:33:19.257223Z
2026-09-07T02:33:19.433492Z,1389347524489277440,2026,False,12438,Alex Hale,K,K,,27,Active,,,,unrostered_at_snapshot,unknown,,2026-09-07T02:33:19.257223Z
2026-09-07T02:33:19.433492Z,1389347524489277440,2026,False,12180,Alex McNulty,K,K,,,Active,,,,unrostered_at_snapshot,unknown,,2026-09-07T02:33:19.257223Z
2026-09-07T02:33:19.433492Z,1389347524489277440,2026,False,10858,Alex Quevedo,K,K,,24,Active,,,,unrostered_at_snapshot,unknown,,2026-09-07T02:33:19.257223Z
2026-09-07T02:33:19.433492Z,1389347524489277440,2026,False,11008,Anders Carlson,K,K,,27,Active,,,,unrostered_at_snapshot,unknown,,2026-09-07T02:33:19.257223Z
2026-09-07T02:33:19.433492Z,1389347524489277440,2026,False,8775,Andrew Mevis,K,K,,24,Active,,,,unrostered_at_snapshot,unknown,,2026-09-07T02:33:19.257223Z
2026-09-07T02:33:19.433492Z,1389347524489277440,2026,False,4555,Andy Phillips,K,K,,32,Active,,,,unrostered_at_snapshot,unknown,,2026-09-07T02:33:19.257223Z
2026-09-07T02:33:19.433492Z,1389347524489277440,2026,False,7095,Austin MacGinnis,K,K,,26,Active,,,,unrostered_at_snapshot,unknown,,2026-09-07T02:33:19.257223Z
2026-09-07T02:33:19.433492Z,1389347524489277440,2026,False,6219,Austin Seibert,K,K,,28,Active,,,,unrostered_at_snapshot,unknown,,2026-09-07T02:33:19.257223Z
2026-09-07T02:33:19.433492Z,1389347524489277440,2026,False,11092,B.T. Potter,K,K,,26,Active,,,,unrostered_at_snapshot,unknown,,2026-09-07T02:33:19.257223Z
2026-09-07T02:33:19.433492Z,1389347524489277440,2026,False,13066,Ben Sauls,K,K,,25,Active,Questionable,,,unrostered_at_snapshot,unknown,,2026-09-07T02:33:19.257223Z
2026-09-07T02:33:19.433492Z,1389347524489277440,2026,False,7855,Blake Haubeil,K,K,,,Active,,,,unrostered_at_snapshot,unknown,,2026-09-07T02:33:19.257223Z
2026-09-07T02:33:19.433492Z,1389347524489277440,2026,False,1433,Brandon McManus,K,K,,34,Active,,,,unrostered_at_snapshot,unknown,,2026-09-07T02:33:19.257223Z
2026-09-07T02:33:19.433492Z,1389347524489277440,2026,False,11949,Brayden Narveson,K,K,,25,Active,,,,unrostered_at_snapshot,unknown,,2026-09-07T02:33:19.257223Z
2026-09-07T02:33:19.433492Z,1389347524489277440,2026,False,4958,Brett Maher,K,K,,34,Active,,,,unrostered_at_snapshot,unknown,,2026-09-07T02:33:19.257223Z
2026-09-07T02:33:19.433492Z,1389347524489277440,2026,False,8055,Brian Johnson,K,K,,23,Active,,,,unrostered_at_snapshot,unknown,,2026-09-07T02:33:19.257223Z
2026-09-07T02:33:19.433492Z,1389347524489277440,2026,False,8258,Cade York,K,K,,25,Active,,,,unrostered_at_snapshot,unknown,,2026-09-07T02:33:19.257223Z
2026-09-07T02:33:19.433492Z,1389347524489277440,2026,False,13149,Caden Davis,K,K,,24,Active,,,,unrostered_at_snapshot,unknown,,2026-09-07T02:33:19.257223Z
2026-09-07T02:33:19.433492Z,1389347524489277440,2026,False,8536,Caleb Shudak,K,K,,25,Active,,,,unrostered_at_snapshot,unknown,,2026-09-07T02:33:19.257223Z
2026-09-07T02:33:19.433492Z,1389347524489277440,2026,False,12112,Camden Lewis,K,K,,,Active,,,,unrostered_at_snapshot,unknown,,2026-09-07T02:33:19.257223Z
2026-09-07T02:33:19.433492Z,1389347524489277440,2026,False,2242,Chandler Catanzaro,K,K,,30,Injured Reserve,,,,unrostered_at_snapshot,unknown,,2026-09-07T02:33:19.257223Z
2026-09-07T02:33:19.433492Z,1389347524489277440,2026,False,6192,Chris Blewitt,K,K,,27,Active,,,,unrostered_at_snapshot,unknown,,2026-09-07T02:33:19.257223Z
2026-09-07T02:33:19.433492Z,1389347524489277440,2026,False,13764,Chris Freeman,K,K,,,Active,,,,unrostered_at_snapshot,unknown,,2026-09-07T02:33:19.257223Z
2026-09-07T02:33:19.433492Z,1389347524489277440,2026,False,8042,Chris Naggar,K,K,,24,Active,,,,unrostered_at_snapshot,unknown,,2026-09-07T02:33:19.257223Z
2026-09-07T02:33:19.433492Z,1389347524489277440,2026,False,11146,Christopher Dunn,K,K,,25,Active,,,,unrostered_at_snapshot,unknown,,2026-09-07T02:33:19.257223Z
2026-09-07T02:33:19.433492Z,1389347524489277440,2026,False,6625,Clayton Hatfield,K,K,,,Active,,,,unrostered_at_snapshot,unknown,,2026-09-07T02:33:19.257223Z
2026-09-07T02:33:19.433492Z,1389347524489277440,2026,False,1974,Cody Parkey,K,K,,29,Active,,,,unrostered_at_snapshot,unknown,,2026-09-07T02:33:19.257223Z
2026-09-07T02:33:19.433492Z,1389347524489277440,2026,False,6496,Cole Hedlund,K,K,,26,Active,,,,unrostered_at_snapshot,unknown,,2026-09-07T02:33:19.257223Z
2026-09-07T02:33:19.433492Z,1389347524489277440,2026,False,6193,Cole Murphy,K,K,,,Active,,,,unrostered_at_snapshot,unknown,,2026-09-07T02:33:19.257223Z
2026-09-07T02:33:19.433492Z,1389347524489277440,2026,False,12404,Colton Theaker,K,K,,,Active,,,,unrostered_at_snapshot,unknown,,2026-09-07T02:33:19.257223Z
2026-09-07T02:33:19.433492Z,1389347524489277440,2026,False,2802,Corey Acosta,K,K,,33,Active,,,,unrostered_at_snapshot,unknown,,2026-09-07T02:33:19.257223Z
2026-09-07T02:33:19.433492Z,1389347524489277440,2026,False,899,Dan Bailey,K,K,,33,Active,,,,unrostered_at_snapshot,unknown,,2026-09-07T02:33:19.257223Z
2026-09-07T02:33:19.433492Z,1389347524489277440,2026,False,5247,David Marvin,K,K,,26,Active,,,,unrostered_at_snapshot,unknown,,2026-09-07T02:33:19.257223Z
2026-09-07T02:33:19.433492Z,1389347524489277440,2026,False,3890,Devon Bell,K,K,,31,Active,,,,unrostered_at_snapshot,unknown,,2026-09-07T02:33:19.257223Z
2026-09-07T02:33:19.433492Z,1389347524489277440,2026,False,7314,Dominik Eberle,K,K,,26,Active,,,,unrostered_at_snapshot,unknown,,2026-09-07T02:33:19.257223Z
2026-09-07T02:33:19.433492Z,1389347524489277440,2026,False,1348,Dustin Hopkins,K,K,,34,Active,,,,unrostered_at_snapshot,unknown,,2026-09-07T02:33:19.257223Z
2026-09-07T02:33:19.433492Z,1389347524489277440,2026,False,6208,Elliott Fry,K,K,,28,Active,,,,unrostered_at_snapshot,unknown,,2026-09-07T02:33:19.257223Z
2026-09-07T02:33:19.433492Z,1389347524489277440,2026,False,13842,Ethan Sanchez,K,K,,24,Active,,,,unrostered_at_snapshot,unknown,,2026-09-07T02:33:19.257223Z
2026-09-07T02:33:19.433492Z,1389347524489277440,2026,False,8260,Gabe Brkic,K,K,,,Active,,,,unrostered_at_snapshot,unknown,,2026-09-07T02:33:19.257223Z
2026-09-07T02:33:19.433492Z,1389347524489277440,2026,False,13710,Gabriel Plascencia,K,K,,,Active,,,,unrostered_at_snapshot,unknown,,2026-09-07T02:33:19.257223Z
2026-09-07T02:33:19.433492Z,1389347524489277440,2026,False,503,Graham Gano,K,K,,38,Active,Questionable,,,unrostered_at_snapshot,unknown,,2026-09-07T02:33:19.257223Z
2026-09-07T02:33:19.433492Z,1389347524489277440,2026,False,5272,Greg Joseph,K,K,,31,Active,,,,unrostered_at_snapshot,unknown,,2026-09-07T02:33:19.257223Z
2026-09-07T02:33:19.433492Z,1389347524489277440,2026,False,1266,Greg Zuerlein,K,K,,37,Active,Questionable,,,unrostered_at_snapshot,unknown,,2026-09-07T02:33:19.257223Z
2026-09-07T02:33:19.433492Z,1389347524489277440,2026,False,11077,Jack Podlesny,K,K,,24,Active,,,,unrostered_at_snapshot,unknown,,2026-09-07T02:33:19.257223Z
2026-09-07T02:33:19.433492Z,1389347524489277440,2026,False,8056,Jake Verity,K,K,,25,Active,,,,unrostered_at_snapshot,unknown,,2026-09-07T02:33:19.257223Z
2026-09-07T02:33:19.433492Z,1389347524489277440,2026,False,8577,James McCourt,K,K,,25,Active,,,,unrostered_at_snapshot,unknown,,2026-09-07T02:33:19.257223Z
2026-09-07T02:33:19.433492Z,1389347524489277440,2026,False,12156,James Turner,K,K,,24,Active,,,,unrostered_at_snapshot,unknown,,2026-09-07T02:33:19.257223Z
2026-09-07T02:33:19.433492Z,1389347524489277440,2026,False,7071,JJ Molson,K,K,,25,Active,,,,unrostered_at_snapshot,unknown,,2026-09-07T02:33:19.257223Z
2026-09-07T02:33:19.433492Z,1389347524489277440,2026,False,6621,John Baron,K,K,,25,Active,,,,unrostered_at_snapshot,unknown,,2026-09-07T02:33:19.257223Z
2026-09-07T02:33:19.433492Z,1389347524489277440,2026,False,13211,John Hoyland,K,K,,,Active,,,,unrostered_at_snapshot,unknown,,2026-09-07T02:33:19.257223Z
2026-09-07T02:33:19.433492Z,1389347524489277440,2026,False,3574,John Lunsford,K,K,,31,Active,,,,unrostered_at_snapshot,unknown,,2026-09-07T02:33:19.257223Z
2026-09-07T02:33:19.433492Z,1389347524489277440,2026,False,3805,Jon Brown,K,K,,29,Active,,,,unrostered_at_snapshot,unknown,,2026-09-07T02:33:19.257223Z
2026-09-07T02:33:19.433492Z,1389347524489277440,2026,False,8812,Jonathan Garibay,K,K,,,Active,,,,unrostered_at_snapshot,unknown,,2026-09-07T02:33:19.257223Z
2026-09-07T02:33:19.433492Z,1389347524489277440,2026,False,12750,Jonathan Kim,K,K,,21,Active,,,,unrostered_at_snapshot,unknown,,2026-09-07T02:33:19.257223Z
2026-09-07T02:33:19.433492Z,1389347524489277440,2026,False,7961,Jose Borregales,K,K,,24,Active,,,,unrostered_at_snapshot,unknown,,2026-09-07T02:33:19.257223Z
2026-09-07T02:33:19.433492Z,1389347524489277440,2026,False,6754,Josh Gable,K,K,,35,Active,,,,unrostered_at_snapshot,unknown,,2026-09-07T02:33:19.257223Z
2026-09-07T02:33:19.433492Z,1389347524489277440,2026,False,2671,Josh Lambo,K,K,,32,Active,,,,unrostered_at_snapshot,unknown,,2026-09-07T02:33:19.257223Z
2026-09-07T02:33:19.433492Z,1389347524489277440,2026,False,11789,Joshua Karty,K,K,,24,Active,,,,unrostered_at_snapshot,unknown,,2026-09-07T02:33:19.257223Z
2026-09-07T02:33:19.433492Z,1389347524489277440,2026,False,12385,Jude McAtamney,K,K,,25,Active,,,,unrostered_at_snapshot,unknown,,2026-09-07T02:33:19.257223Z
2026-09-07T02:33:19.433492Z,1389347524489277440,2026,False,2911,Justin Manton,K,K,,32,Active,,,,unrostered_at_snapshot,unknown,,2026-09-07T02:33:19.257223Z
2026-09-07T02:33:19.433492Z,1389347524489277440,2026,False,1264,Justin Tucker,K,K,,35,Active,,,,unrostered_at_snapshot,unknown,,2026-09-07T02:33:19.257223Z
2026-09-07T02:33:19.433492Z,1389347524489277440,2026,False,5460,Kaare Vedvik,K,K/P,,27,Active,,,,unrostered_at_snapshot,unknown,,2026-09-07T02:33:19.257223Z
2026-09-07T02:33:19.433492Z,1389347524489277440,2026,False,13813,Laith Marjan,K,K,,,Active,,,,unrostered_at_snapshot,unknown,,2026-09-07T02:33:19.257223Z
2026-09-07T02:33:19.433492Z,1389347524489277440,2026,False,7094,Lirim Hajrullahu,K,K,,32,Active,,,,unrostered_at_snapshot,unknown,,2026-09-07T02:33:19.257223Z
2026-09-07T02:33:19.433492Z,1389347524489277440,2026,False,8932,Lucas Havrisik,K,K,,26,Active,,,,unrostered_at_snapshot,unknown,,2026-09-07T02:33:19.257223Z
2026-09-07T02:33:19.433492Z,1389347524489277440,2026,False,13731,Luke Drzewiecki,K,K,,,Active,,,,unrostered_at_snapshot,unknown,,2026-09-07T02:33:19.257223Z
2026-09-07T02:33:19.433492Z,1389347524489277440,2026,False,12824,Maddux Trujillo,K,K,,23,Active,,,,unrostered_at_snapshot,unknown,,2026-09-07T02:33:19.257223Z
2026-09-07T02:33:19.433492Z,1389347524489277440,2026,False,13237,Mark McNamee,K,K,,26,Active,,,,unrostered_at_snapshot,unknown,,2026-09-07T02:33:19.257223Z
2026-09-07T02:33:19.433492Z,1389347524489277440,2026,False,3579,Marshall Morgan,K,K,,31,Active,,,,unrostered_at_snapshot,unknown,,2026-09-07T02:33:19.257223Z
2026-09-07T02:33:19.433492Z,1389347524489277440,2026,False,59,Mason Crosby,K,K,,39,Active,,,,unrostered_at_snapshot,unknown,,2026-09-07T02:33:19.257223Z
2026-09-07T02:33:19.433492Z,1389347524489277440,2026,False,13644,Mason Shipley,K,K,,,Active,,,,unrostered_at_snapshot,unknown,,2026-09-07T02:33:19.257223Z
2026-09-07T02:33:19.433492Z,1389347524489277440,2026,False,7617,Matt Ammendola,K,K/P,,27,Active,,,,unrostered_at_snapshot,unknown,,2026-09-07T02:33:19.257223Z
2026-09-07T02:33:19.433492Z,1389347524489277440,2026,False,127,Matt Bryant,K,K,,46,Active,,,,unrostered_at_snapshot,unknown,,2026-09-07T02:33:19.257223Z
2026-09-07T02:33:19.433492Z,1389347524489277440,2026,False,5386,Matt McCrane,K,K,,30,Active,,,,unrostered_at_snapshot,unknown,,2026-09-07T02:33:19.257223Z
2026-09-07T02:33:19.433492Z,1389347524489277440,2026,False,17,Matt Prater,K,K,,41,Active,,,,unrostered_at_snapshot,unknown,,2026-09-07T02:33:19.257223Z
2026-09-07T02:33:19.433492Z,1389347524489277440,2026,False,11532,Matthew Trickett,K,K,,23,Active,,,,unrostered_at_snapshot,unknown,,2026-09-07T02:33:19.257223Z
2026-09-07T02:33:19.433492Z,1389347524489277440,2026,False,6268,Matthew Wright,K,K,,29,Active,,,,unrostered_at_snapshot,unknown,,2026-09-07T02:33:19.257223Z
2026-09-07T02:33:19.433492Z,1389347524489277440,2026,False,5230,Michael Badgley,K,K,,30,Active,,,,unrostered_at_snapshot,unknown,,2026-09-07T02:33:19.257223Z
2026-09-07T02:33:19.433492Z,1389347524489277440,2026,False,2819,Mike Meyer,K,K,,29,Active,,,,unrostered_at_snapshot,unknown,,2026-09-07T02:33:19.257223Z
2026-09-07T02:33:19.433492Z,1389347524489277440,2026,False,8893,Nick Sciba,K,K,,23,Active,,,,unrostered_at_snapshot,unknown,,2026-09-07T02:33:19.257223Z
2026-09-07T02:33:19.433492Z,1389347524489277440,2026,False,7201,Nick Vogel,K,K,,26,Active,,,,unrostered_at_snapshot,unknown,,2026-09-07T02:33:19.257223Z
2026-09-07T02:33:19.433492Z,1389347524489277440,2026,False,12312,Noah Rauschenberg,K,K,,,Active,,,,unrostered_at_snapshot,unknown,,2026-09-07T02:33:19.257223Z
2026-09-07T02:33:19.433492Z,1389347524489277440,2026,False,8670,Parker Romo,K,K,,28,Active,,,,unrostered_at_snapshot,unknown,,2026-09-07T02:33:19.257223Z
2026-09-07T02:33:19.433492Z,1389347524489277440,2026,False,8937,Parker White,K,K,,24,Active,,,,unrostered_at_snapshot,unknown,,2026-09-07T02:33:19.257223Z
2026-09-07T02:33:19.433492Z,1389347524489277440,2026,False,13990,Paul Geelen,K,K,,,Active,,,,unrostered_at_snapshot,unknown,,2026-09-07T02:33:19.257223Z
2026-09-07T02:33:19.433492Z,1389347524489277440,2026,False,229,Phil Dawson,K,K,,46,Injured Reserve,,,,unrostered_at_snapshot,unknown,,2026-09-07T02:33:19.257223Z
2026-09-07T02:33:19.433492Z,1389347524489277440,2026,False,5838,Phillip Andersen,K,K,,30,Active,,,,unrostered_at_snapshot,unknown,,2026-09-07T02:33:19.257223Z
2026-09-07T02:33:19.433492Z,1389347524489277440,2026,False,8040,Quinn Nordin,K,K,,24,Active,,,,unrostered_at_snapshot,unknown,,2026-09-07T02:33:19.257223Z
2026-09-07T02:33:19.433492Z,1389347524489277440,2026,False,7105,Ramiz Ahmed,K,K,,29,Active,,,,unrostered_at_snapshot,unknown,,2026-09-07T02:33:19.257223Z
2026-09-07T02:33:19.433492Z,1389347524489277440,2026,False,1099,Randy Bullock,K,K,,34,Active,,,,unrostered_at_snapshot,unknown,,2026-09-07T02:33:19.257223Z
2026-09-07T02:33:19.433492Z,1389347524489277440,2026,False,5837,Redford Jones,K,K,,27,Active,,,,unrostered_at_snapshot,unknown,,2026-09-07T02:33:19.257223Z
2026-09-07T02:33:19.433492Z,1389347524489277440,2026,False,49,Robbie Gould,K,K,,40,Active,,,,unrostered_at_snapshot,unknown,,2026-09-07T02:33:19.257223Z
2026-09-07T02:33:19.433492Z,1389347524489277440,2026,False,7062,Rodrigo Blankenship,K,K,,26,Active,,,,unrostered_at_snapshot,unknown,,2026-09-07T02:33:19.257223Z
2026-09-07T02:33:19.433492Z,1389347524489277440,2026,False,3460,Ross Martin,K,K,,28,Active,,,,unrostered_at_snapshot,unknown,,2026-09-07T02:33:19.257223Z
2026-09-07T02:33:19.433492Z,1389347524489277440,2026,False,12791,Ryan Coe,K,K,,,Active,,,,unrostered_at_snapshot,unknown,,2026-09-07T02:33:19.257223Z
2026-09-07T02:33:19.433492Z,1389347524489277440,2026,False,5692,Ryan Santoso,K,K/P,,27,Active,,,,unrostered_at_snapshot,unknown,,2026-09-07T02:33:19.257223Z
2026-09-07T02:33:19.433492Z,1389347524489277440,2026,False,391,Ryan Succop,K,K,,36,Active,,,,unrostered_at_snapshot,unknown,,2026-09-07T02:33:19.257223Z
2026-09-07T02:33:19.433492Z,1389347524489277440,2026,False,3909,Sam Ficken,K,K,,30,Active,,,,unrostered_at_snapshot,unknown,,2026-09-07T02:33:19.257223Z
2026-09-07T02:33:19.433492Z,1389347524489277440,2026,False,7152,Sam Sloman,K,K,,25,Active,,,,unrostered_at_snapshot,unknown,,2026-09-07T02:33:19.257223Z
2026-09-07T02:33:19.433492Z,1389347524489277440,2026,False,118,Sebastian Janikowski,K,K,,43,Injured Reserve,,,,unrostered_at_snapshot,unknown,,2026-09-07T02:33:19.257223Z
2026-09-07T02:33:19.433492Z,1389347524489277440,2026,False,7515,Sergio Castillo,K,K,,31,Active,,,,unrostered_at_snapshot,unknown,,2026-09-07T02:33:19.257223Z
2026-09-07T02:33:19.433492Z,1389347524489277440,2026,False,775,Stephen Hauschka,K,K,,36,Injured Reserve,,,,unrostered_at_snapshot,unknown,,2026-09-07T02:33:19.257223Z
2026-09-07T02:33:19.433492Z,1389347524489277440,2026,False,11145,Tanner Brown,K,K,,26,Active,,,,unrostered_at_snapshot,unknown,,2026-09-07T02:33:19.257223Z
2026-09-07T02:33:19.433492Z,1389347524489277440,2026,False,7518,Taylor Russolino,K,K,,32,Active,,,,unrostered_at_snapshot,unknown,,2026-09-07T02:33:19.257223Z
2026-09-07T02:33:19.433492Z,1389347524489277440,2026,False,5397,Trevor Moore,K,K,,27,Active,,,,unrostered_at_snapshot,unknown,,2026-09-07T02:33:19.257223Z
2026-09-07T02:33:19.433492Z,1389347524489277440,2026,False,11457,Trey Wolff,K,K,,23,Active,,,,unrostered_at_snapshot,unknown,,2026-09-07T02:33:19.257223Z
2026-09-07T02:33:19.433492Z,1389347524489277440,2026,False,5823,Tristan Vizcaino,K,K,,27,Active,,,,unrostered_at_snapshot,unknown,,2026-09-07T02:33:19.257223Z
2026-09-07T02:33:19.433492Z,1389347524489277440,2026,False,7446,Tucker McCann,K,K,,24,Active,,,,unrostered_at_snapshot,unknown,,2026-09-07T02:33:19.257223Z
2026-09-07T02:33:19.433492Z,1389347524489277440,2026,False,12403,Valentino Ambrosio,K,K,,24,Active,,,,unrostered_at_snapshot,unknown,,2026-09-07T02:33:19.257223Z
2026-09-07T02:33:19.433492Z,1389347524489277440,2026,False,12372,Vincent Blanchard,K,K,,,Active,,,,unrostered_at_snapshot,unknown,,2026-09-07T02:33:19.257223Z
2026-09-07T02:33:19.433492Z,1389347524489277440,2026,False,13838,Will Ferrin,K,K,,,Active,,,,unrostered_at_snapshot,unknown,,2026-09-07T02:33:19.257223Z
2026-09-07T02:33:19.433492Z,1389347524489277440,2026,False,4666,Younghoe Koo,K,K,,31,Active,,,,unrostered_at_snapshot,unknown,,2026-09-07T02:33:19.257223Z
2026-09-07T02:33:19.433492Z,1389347524489277440,2026,False,7296,Brandon Wright,P,K/P,,26,Active,,,,unrostered_at_snapshot,unknown,,2026-09-07T02:33:19.257223Z
2026-09-07T02:33:19.433492Z,1389347524489277440,2026,False,3008,Matt Wile,P,K/P,,29,Active,,,,unrostered_at_snapshot,unknown,,2026-09-07T02:33:19.257223Z
2026-09-07T02:33:19.433492Z,1389347524489277440,2026,False,2818,Michael Palardy,P,K/P,,32,Active,,,,unrostered_at_snapshot,unknown,,2026-09-07T02:33:19.257223Z
2026-09-07T02:33:19.433492Z,1389347524489277440,2026,False,2650,Ty Long,P,K/P,,29,Active,,,,unrostered_at_snapshot,unknown,,2026-09-07T02:33:19.257223Z
2026-09-07T02:33:19.433492Z,1389347524489277440,2026,False,4683,Aaron Bailey,QB,QB,BAL,,Active,,4,,unrostered_at_snapshot,unknown,,2026-09-07T02:33:19.257223Z
2026-09-07T02:33:19.433492Z,1389347524489277440,2026,False,96,Aaron Rodgers,QB,QB,PIT,42,Active,,1,,unrostered_at_snapshot,unknown,,2026-09-07T02:33:19.257223Z
2026-09-07T02:33:19.433492Z,1389347524489277440,2026,False,10866,Aidan O'Connell,QB,QB,LV,28,Active,,2,,unrostered_at_snapshot,unknown,,2026-09-07T02:33:19.257223Z
2026-09-07T02:33:19.433492Z,1389347524489277440,2026,False,829,Andy Dalton,QB,QB,PHI,38,Active,,2,,unrostered_at_snapshot,unknown,,2026-09-07T02:33:19.257223Z
2026-09-07T02:33:19.433492Z,1389347524489277440,2026,False,9229,Anthony Richardson,QB,QB,IND,24,Active,,2,,unrostered_at_snapshot,unknown,,2026-09-07T02:33:19.257223Z
2026-09-07T02:33:19.433492Z,1389347524489277440,2026,False,13557,Athan Kaliakmanis,QB,QB,WAS,23,Active,,4,,unrostered_at_snapshot,unknown,,2026-09-07T02:33:19.257223Z
2026-09-07T02:33:19.433492Z,1389347524489277440,2026,False,8157,Bailey Zappe,QB,QB,NYJ,27,Active,,,,unrostered_at_snapshot,unknown,,2026-09-07T02:33:19.257223Z
2026-09-07T02:33:19.433492Z,1389347524489277440,2026,False,13295,Behren Morton,QB,QB,NE,24,Active,,3,,unrostered_at_snapshot,unknown,,2026-09-07T02:33:19.257223Z
2026-09-07T02:33:19.433492Z,1389347524489277440,2026,False,138,Ben Roethlisberger,QB,QB,PIT,39,Active,,,,unrostered_at_snapshot,unknown,,2026-09-07T02:33:19.257223Z
2026-09-07T02:33:19.433492Z,1389347524489277440,2026,False,1979,Blake Bortles,QB,QB,NO,29,Active,,,,unrostered_at_snapshot,unknown,,2026-09-07T02:33:19.257223Z
2026-09-07T02:33:19.433492Z,1389347524489277440,2026,False,12538,Brady Cook,QB,QB,MIA,24,Active,,2,,unrostered_at_snapshot,unknown,,2026-09-07T02:33:19.257223Z
2026-09-07T02:33:19.433492Z,1389347524489277440,2026,False,9228,Bryce Young,QB,QB,CAR,25,Active,,1,,unrostered_at_snapshot,unknown,,2026-09-07T02:33:19.257223Z
2026-09-07T02:33:19.433492Z,1389347524489277440,2026,False,9758,C.J. Stroud,QB,QB,HOU,24,Active,,1,,unrostered_at_snapshot,unknown,,2026-09-07T02:33:19.257223Z
2026-09-07T02:33:19.433492Z,1389347524489277440,2026,False,13303,Cade Klubnik,QB,QB,NYJ,22,Active,,3,,unrostered_at_snapshot,unknown,,2026-09-07T02:33:19.257223Z
2026-09-07T02:33:19.433492Z,1389347524489277440,2026,False,12522,Cam Ward,QB,QB,TEN,24,Active,,1,,unrostered_at_snapshot,unknown,,2026-09-07T02:33:19.257223Z
2026-09-07T02:33:19.433492Z,1389347524489277440,2026,False,13272,Carson Beck,QB,QB,ARI,23,Active,,3,,unrostered_at_snapshot,unknown,,2026-09-07T02:33:19.257223Z
2026-09-07T02:33:19.433492Z,1389347524489277440,2026,False,3161,Carson Wentz,QB,QB,MIN,33,Active,,2,,unrostered_at_snapshot,unknown,,2026-09-07T02:33:19.257223Z
2026-09-07T02:33:19.433492Z,1389347524489277440,2026,False,1737,Case Keenum,QB,QB,CHI,38,Active,,2,,unrostered_at_snapshot,unknown,,2026-09-07T02:33:19.257223Z
2026-09-07T02:33:19.433492Z,1389347524489277440,2026,False,6147,Clayton Thorson,QB,QB,NYG,26,Active,,,,unrostered_at_snapshot,unknown,,2026-09-07T02:33:19.257223Z
2026-09-07T02:33:19.433492Z,1389347524489277440,2026,False,13335,Cole Payton,QB,QB,PHI,23,Active,,4,,unrostered_at_snapshot,unknown,,2026-09-07T02:33:19.257223Z
2026-09-07T02:33:19.433492Z,1389347524489277440,2026,False,4574,Cooper Rush,QB,QB,ATL,32,Active,,2,,unrostered_at_snapshot,unknown,,2026-09-07T02:33:19.257223Z
2026-09-07T02:33:19.433492Z,1389347524489277440,2026,False,5870,Daniel Jones,QB,QB,IND,29,Active,,1,,unrostered_at_snapshot,unknown,,2026-09-07T02:33:19.257223Z
2026-09-07T02:33:19.433492Z,1389347524489277440,2026,False,7585,Davis Mills,QB,QB,HOU,27,Active,,2,,unrostered_at_snapshot,unknown,,2026-09-07T02:33:19.257223Z
2026-09-07T02:33:19.433492Z,1389347524489277440,2026,False,4017,Deshaun Watson,QB,QB,CLE,30,Active,,1,,unrostered_at_snapshot,unknown,,2026-09-07T02:33:19.257223Z
2026-09-07T02:33:19.433492Z,1389347524489277440,2026,False,12773,DJ Uiagalelei,QB,QB,LAC,25,Active,,,,unrostered_at_snapshot,unknown,,2026-09-07T02:33:19.257223Z
2026-09-07T02:33:19.433492Z,1389347524489277440,2026,False,13289,Drew Allar,QB,QB,PIT,22,Active,,4,,unrostered_at_snapshot,unknown,,2026-09-07T02:33:19.257223Z
2026-09-07T02:33:19.433492Z,1389347524489277440,2026,False,5854,Drew Lock,QB,QB,SEA,29,Active,,2,,unrostered_at_snapshot,unknown,,2026-09-07T02:33:19.257223Z
2026-09-07T02:33:19.433492Z,1389347524489277440,2026,False,5845,Dwayne Haskins,QB,QB,PIT,24,Active,,,,unrostered_at_snapshot,unknown,,2026-09-07T02:33:19.257223Z
2026-09-07T02:33:19.433492Z,1389347524489277440,2026,False,6185,Easton Stick,QB,QB,TB,30,Active,,,,unrostered_at_snapshot,unknown,,2026-09-07T02:33:19.257223Z
2026-09-07T02:33:19.433492Z,1389347524489277440,2026,False,13269,Fernando Mendoza,QB,QB,LV,22,Active,,3,,unrostered_at_snapshot,unknown,,2026-09-07T02:33:19.257223Z
2026-09-07T02:33:19.433492Z,1389347524489277440,2026,False,6011,Gardner Minshew,QB,QB,ARI,30,Active,,2,,unrostered_at_snapshot,unknown,,2026-09-07T02:33:19.257223Z
2026-09-07T02:33:19.433492Z,1389347524489277440,2026,False,12792,Garrett Greene,QB,QB,TB,24,Active,,,,unrostered_at_snapshot,unknown,,2026-09-07T02:33:19.257223Z
2026-09-07T02:33:19.433492Z,1389347524489277440,2026,False,13404,Garrett Nussmeier,QB,QB,KC,24,Active,,3,,unrostered_at_snapshot,unknown,,2026-09-07T02:33:19.257223Z
2026-09-07T02:33:19.433492Z,1389347524489277440,2026,False,1373,Geno Smith,QB,QB,NYJ,35,Active,,1,,unrostered_at_snapshot,unknown,,2026-09-07T02:33:19.257223Z
2026-09-07T02:33:19.433492Z,1389347524489277440,2026,False,13415,Haynes King,QB,QB,CAR,25,Active,Questionable,3,,unrostered_at_snapshot,unknown,,2026-09-07T02:33:19.257223Z
2026-09-07T02:33:19.433492Z,1389347524489277440,2026,False,9998,Hendon Hooker,QB,QB,TEN,28,Active,,,,unrostered_at_snapshot,unknown,,2026-09-07T02:33:19.257223Z
2026-09-07T02:33:19.433492Z,1389347524489277440,2026,False,11565,J.J. McCarthy,QB,QB,MIN,23,Active,,3,,unrostered_at_snapshot,unknown,,2026-09-07T02:33:19.257223Z
2026-09-07T02:33:19.433492Z,1389347524489277440,2026,False,13602,Jack Strand,QB,QB,ATL,22,Active,,4,,unrostered_at_snapshot,unknown,,2026-09-07T02:33:19.257223Z
2026-09-07T02:33:19.433492Z,1389347524489277440,2026,False,3257,Jacoby Brissett,QB,QB,ARI,33,Active,,1,,unrostered_at_snapshot,unknown,,2026-09-07T02:33:19.257223Z
2026-09-07T02:33:19.433492Z,1389347524489277440,2026,False,10215,Jake Haener,QB,QB,NYG,27,Active,,,,unrostered_at_snapshot,unknown,,2026-09-07T02:33:19.257223Z
2026-09-07T02:33:19.433492Z,1389347524489277440,2026,False,12510,Jalen Milroe,QB,QB,SEA,23,Active,,3,,unrostered_at_snapshot,unknown,,2026-09-07T02:33:19.257223Z
2026-09-07T02:33:19.433492Z,1389347524489277440,2026,False,7262,Jalen Morton,QB,QB,IND,24,Active,,,,unrostered_at_snapshot,unknown,,2026-09-07T02:33:19.257223Z
2026-09-07T02:33:19.433492Z,1389347524489277440,2026,False,13425,Jalon Daniels,QB,QB,TB,23,Active,,3,,unrostered_at_snapshot,unknown,,2026-09-07T02:33:19.257223Z
2026-09-07T02:33:19.433492Z,1389347524489277440,2026,False,2306,Jameis Winston,QB,QB,NYG,32,Active,,2,,unrostered_at_snapshot,unknown,,2026-09-07T02:33:19.257223Z
2026-09-07T02:33:19.433492Z,1389347524489277440,2026,False,6136,Jarrett Stidham,QB,QB,DEN,30,Active,,2,,unrostered_at_snapshot,unknown,,2026-09-07T02:33:19.257223Z
2026-09-07T02:33:19.433492Z,1389347524489277440,2026,False,13350,Joe Fagnano,QB,QB,BAL,25,Active,,4,,unrostered_at_snapshot,unknown,,2026-09-07T02:33:19.257223Z
2026-09-07T02:33:19.433492Z,1389347524489277440,2026,False,19,Joe Flacco,QB,QB,CIN,41,Active,,2,,unrostered_at_snapshot,unknown,,2026-09-07T02:33:19.257223Z
2026-09-07T02:33:19.433492Z,1389347524489277440,2026,False,11557,Joe Milton,QB,QB,DAL,26,Active,,,,unrostered_at_snapshot,unknown,,2026-09-07T02:33:19.257223Z
2026-09-07T02:33:19.433492Z,1389347524489277440,2026,False,13428,Joey Aguilar,QB,QB,JAX,25,Active,,,,unrostered_at_snapshot,unknown,,2026-09-07T02:33:19.257223Z
2026-09-07T02:33:19.433492Z,1389347524489277440,2026,False,6804,Jordan Love,QB,QB,GB,27,Active,,1,,unrostered_at_snapshot,unknown,,2026-09-07T02:33:19.257223Z
2026-09-07T02:33:19.433492Z,1389347524489277440,2026,False,260,Josh Johnson,QB,QB,CIN,40,Active,,,,unrostered_at_snapshot,unknown,,2026-09-07T02:33:19.257223Z
2026-09-07T02:33:19.433492Z,1389347524489277440,2026,False,4179,Joshua Dobbs,QB,QB,DET,31,Active,,2,,unrostered_at_snapshot,unknown,,2026-09-07T02:33:19.257223Z
2026-09-07T02:33:19.433492Z,1389347524489277440,2026,False,7591,Justin Fields,QB,QB,KC,27,Active,,2,,unrostered_at_snapshot,unknown,,2026-09-07T02:33:19.257223Z
2026-09-07T02:33:19.433492Z,1389347524489277440,2026,False,11648,Kedon Slovis,QB,QB,GB,25,Active,,,,unrostered_at_snapshot,unknown,,2026-09-07T02:33:19.257223Z
2026-09-07T02:33:19.433492Z,1389347524489277440,2026,False,8160,Kenny Pickett,QB,QB,CAR,28,Active,,2,,unrostered_at_snapshot,unknown,,2026-09-07T02:33:19.257223Z
2026-09-07T02:33:19.433492Z,1389347524489277440,2026,False,1166,Kirk Cousins,QB,QB,LV,38,Active,,1,,unrostered_at_snapshot,unknown,,2026-09-07T02:33:19.257223Z
2026-09-07T02:33:19.433492Z,1389347524489277440,2026,False,12477,Kurtis Rourke,QB,QB,SF,25,Active,Questionable,3,,unrostered_at_snapshot,unknown,,2026-09-07T02:33:19.257223Z
2026-09-07T02:33:19.433492Z,1389347524489277440,2026,False,5127,Kyle Allen,QB,QB,BUF,30,Active,,2,,unrostered_at_snapshot,unknown,,2026-09-07T02:33:19.257223Z
2026-09-07T02:33:19.433492Z,1389347524489277440,2026,False,12494,Kyle McCord,QB,QB,MIA,23,Active,,3,,unrostered_at_snapshot,unknown,,2026-09-07T02:33:19.257223Z
2026-09-07T02:33:19.433492Z,1389347524489277440,2026,False,13314,Luke Altmyer,QB,QB,DET,23,Active,,,,unrostered_at_snapshot,unknown,,2026-09-07T02:33:19.257223Z
2026-09-07T02:33:19.433492Z,1389347524489277440,2026,False,7527,Mac Jones,QB,QB,SF,28,Active,,2,,unrostered_at_snapshot,unknown,,2026-09-07T02:33:19.257223Z
2026-09-07T02:33:19.433492Z,1389347524489277440,2026,False,2307,Marcus Mariota,QB,QB,WAS,32,Active,Questionable,2,,unrostered_at_snapshot,unknown,,2026-09-07T02:33:19.257223Z
2026-09-07T02:33:19.433492Z,1389347524489277440,2026,False,4972,Mason Rudolph,QB,QB,PIT,31,Active,,2,,unrostered_at_snapshot,unknown,,2026-09-07T02:33:19.257223Z
2026-09-07T02:33:19.433492Z,1389347524489277440,2026,False,12775,Max Brosmer,QB,QB,MIN,25,Active,,,,unrostered_at_snapshot,unknown,,2026-09-07T02:33:19.257223Z
2026-09-07T02:33:19.433492Z,1389347524489277440,2026,False,11559,Michael Penix,QB,QB,ATL,26,Active,Questionable,3,,unrostered_at_snapshot,unknown,,2026-09-07T02:33:19.257223Z
2026-09-07T02:33:19.433492Z,1389347524489277440,2026,False,3976,Mitchell Trubisky,QB,QB,TEN,32,Active,Questionable,2,,unrostered_at_snapshot,unknown,,2026-09-07T02:33:19.257223Z
2026-09-07T02:33:19.433492Z,1389347524489277440,2026,False,4464,Nick Mullens,QB,QB,JAX,31,Active,,,,unrostered_at_snapshot,unknown,,2026-09-07T02:33:19.257223Z
2026-09-07T02:33:19.433492Z,1389347524489277440,2026,False,4926,Nick Schuessler,QB,QB,PIT,,Active,,,,unrostered_at_snapshot,unknown,,2026-09-07T02:33:19.257223Z
2026-09-07T02:33:19.433492Z,1389347524489277440,2026,False,12500,Quinn Ewers,QB,QB,JAX,23,Active,,4,,unrostered_at_snapshot,unknown,,2026-09-07T02:33:19.257223Z
2026-09-07T02:33:19.433492Z,1389347524489277440,2026,False,12470,Riley Leonard,QB,QB,IND,23,Active,,3,,unrostered_at_snapshot,unknown,,2026-09-07T02:33:19.257223Z
2026-09-07T02:33:19.433492Z,1389347524489277440,2026,False,4943,Sam Darnold,QB,QB,SEA,29,Active,,1,,unrostered_at_snapshot,unknown,,2026-09-07T02:33:19.257223Z
2026-09-07T02:33:19.433492Z,1389347524489277440,2026,False,7583,Sam Ehlinger,QB,QB,DEN,27,Active,,3,,unrostered_at_snapshot,unknown,,2026-09-07T02:33:19.257223Z
2026-09-07T02:33:19.433492Z,1389347524489277440,2026,False,11558,Sam Hartman,QB,QB,WAS,27,Active,,,,unrostered_at_snapshot,unknown,,2026-09-07T02:33:19.257223Z
2026-09-07T02:33:19.433492Z,1389347524489277440,2026,False,8162,Sam Howell,QB,QB,DAL,25,Active,,2,,unrostered_at_snapshot,unknown,,2026-09-07T02:33:19.257223Z
2026-09-07T02:33:19.433492Z,1389347524489277440,2026,False,10983,Sean Clifford,QB,QB,SF,28,Active,,,,unrostered_at_snapshot,unknown,,2026-09-07T02:33:19.257223Z
2026-09-07T02:33:19.433492Z,1389347524489277440,2026,False,8002,Shane Buechele,QB,QB,BUF,28,Active,,,,unrostered_at_snapshot,unknown,,2026-09-07T02:33:19.257223Z
2026-09-07T02:33:19.433492Z,1389347524489277440,2026,False,12524,Shedeur Sanders,QB,QB,CLE,24,Active,,3,,unrostered_at_snapshot,unknown,,2026-09-07T02:33:19.257223Z
2026-09-07T02:33:19.433492Z,1389347524489277440,2026,False,4936,Skyler Howard,QB,QB,SEA,23,Active,,,,unrostered_at_snapshot,unknown,,2026-09-07T02:33:19.257223Z
2026-09-07T02:33:19.433492Z,1389347524489277440,2026,False,11562,Spencer Rattler,QB,QB,NO,25,Active,,3,,unrostered_at_snapshot,unknown,,2026-09-07T02:33:19.257223Z
2026-09-07T02:33:19.433492Z,1389347524489277440,2026,False,10857,Stetson Bennett,QB,QB,LAR,28,Active,,2,,unrostered_at_snapshot,unknown,,2026-09-07T02:33:19.257223Z
2026-09-07T02:33:19.433492Z,1389347524489277440,2026,False,9230,Tanner McKee,QB,QB,PHI,26,Active,,3,,unrostered_at_snapshot,unknown,,2026-09-07T02:33:19.257223Z
2026-09-07T02:33:19.433492Z,1389347524489277440,2026,False,13306,Taylen Green,QB,QB,CLE,23,Active,,4,,unrostered_at_snapshot,unknown,,2026-09-07T02:33:19.257223Z
2026-09-07T02:33:19.433492Z,1389347524489277440,2026,False,11292,Tommy DeVito,QB,QB,NE,28,Active,,2,,unrostered_at_snapshot,unknown,,2026-09-07T02:33:19.257223Z
2026-09-07T02:33:19.433492Z,1389347524489277440,2026,False,7610,Trey Lance,QB,QB,LAC,26,Active,,2,,unrostered_at_snapshot,unknown,,2026-09-07T02:33:19.257223Z
2026-09-07T02:33:19.433492Z,1389347524489277440,2026,False,6768,Tua Tagovailoa,QB,QB,ATL,28,Active,,1,,unrostered_at_snapshot,unknown,,2026-09-07T02:33:19.257223Z
2026-09-07T02:33:19.433492Z,1389347524489277440,2026,False,13275,Ty Simpson,QB,QB,LAR,23,Active,,3,,unrostered_at_snapshot,unknown,,2026-09-07T02:33:19.257223Z
2026-09-07T02:33:19.433492Z,1389347524489277440,2026,False,7083,Tyler Huntley,QB,QB,BAL,28,Active,,2,,unrostered_at_snapshot,unknown,,2026-09-07T02:33:19.257223Z
2026-09-07T02:33:19.433492Z,1389347524489277440,2026,False,12545,Tyler Shough,QB,QB,NO,26,Active,,1,,unrostered_at_snapshot,unknown,,2026-09-07T02:33:19.257223Z
2026-09-07T02:33:19.433492Z,1389347524489277440,2026,False,827,Tyrod Taylor,QB,QB,GB,37,Active,,2,,unrostered_at_snapshot,unknown,,2026-09-07T02:33:19.257223Z
2026-09-07T02:33:19.433492Z,1389347524489277440,2026,False,11256,Tyson Bagent,QB,QB,CHI,26,Active,,3,,unrostered_at_snapshot,unknown,,2026-09-07T02:33:19.257223Z
2026-09-07T02:33:19.433492Z,1389347524489277440,2026,False,12511,Will Howard,QB,QB,PIT,24,Active,,3,,unrostered_at_snapshot,unknown,,2026-09-07T02:33:19.257223Z
2026-09-07T02:33:19.433492Z,1389347524489277440,2026,False,4924,Zach Terrell,QB,QB,BAL,24,Active,,,,unrostered_at_snapshot,unknown,,2026-09-07T02:33:19.257223Z
2026-09-07T02:33:19.433492Z,1389347524489277440,2026,False,7538,Zach Wilson,QB,QB,NO,27,Active,,2,,unrostered_at_snapshot,unknown,,2026-09-07T02:33:19.257223Z
2026-09-07T02:33:19.433492Z,1389347524489277440,2026,False,11065,Adrian Martinez,QB,QB,,26,Active,,,,unrostered_at_snapshot,unknown,,2026-09-07T02:33:19.257223Z
2026-09-07T02:33:19.433492Z,1389347524489277440,2026,False,12361,Aeneas Dennis,QB,QB,,,Active,,,,unrostered_at_snapshot,unknown,,2026-09-07T02:33:19.257223Z
2026-09-07T02:33:19.433492Z,1389347524489277440,2026,False,1895,AJ McCarron,QB,QB,,33,Active,,,,unrostered_at_snapshot,unknown,,2026-09-07T02:33:19.257223Z
2026-09-07T02:33:19.433492Z,1389347524489277440,2026,False,4307,Alek Torgersen,QB,QB,,26,Active,,,,unrostered_at_snapshot,unknown,,2026-09-07T02:33:19.257223Z
2026-09-07T02:33:19.433492Z,1389347524489277440,2026,False,5124,Alex McGough,QB,QB,,29,Active,,,,unrostered_at_snapshot,unknown,,2026-09-07T02:33:19.257223Z
2026-09-07T02:33:19.433492Z,1389347524489277440,2026,False,268,Alex Smith,QB,QB,,37,Injured Reserve,,,,unrostered_at_snapshot,unknown,,2026-09-07T02:33:19.257223Z
2026-09-07T02:33:19.433492Z,1389347524489277440,2026,False,1262,Alex Tanney,QB,QB,,34,Injured Reserve,,,,unrostered_at_snapshot,unknown,,2026-09-07T02:33:19.257223Z
2026-09-07T02:33:19.433492Z,1389347524489277440,2026,False,1111,Andrew Luck,QB,QB,,32,Injured Reserve,,,,unrostered_at_snapshot,unknown,,2026-09-07T02:33:19.257223Z
2026-09-07T02:33:19.433492Z,1389347524489277440,2026,False,12270,Andrew Peasley,QB,QB,,25,Active,,,,unrostered_at_snapshot,unknown,,2026-09-07T02:33:19.257223Z
2026-09-07T02:33:19.433492Z,1389347524489277440,2026,False,2561,Anthony Boone,QB,QB,,34,Active,,,,unrostered_at_snapshot,unknown,,2026-09-07T02:33:19.257223Z
2026-09-07T02:33:19.433492Z,1389347524489277440,2026,False,8241,Anthony Brown,QB,QB,,26,Active,,,,unrostered_at_snapshot,unknown,,2026-09-07T02:33:19.257223Z
2026-09-07T02:33:19.433492Z,1389347524489277440,2026,False,6898,Anthony Gordon,QB,QB,,25,Active,,,,unrostered_at_snapshot,unknown,,2026-09-07T02:33:19.257223Z
2026-09-07T02:33:19.433492Z,1389347524489277440,2026,False,5286,Austin Allen,QB,QB,,27,Active,,,,unrostered_at_snapshot,unknown,,2026-09-07T02:33:19.257223Z
2026-09-07T02:33:19.433492Z,1389347524489277440,2026,False,4931,Austin Appleby,QB,QB,,28,Active,,,,unrostered_at_snapshot,unknown,,2026-09-07T02:33:19.257223Z
2026-09-07T02:33:19.433492Z,1389347524489277440,2026,False,11491,Austin Aune,QB,QB,,29,Active,,,,unrostered_at_snapshot,unknown,,2026-09-07T02:33:19.257223Z
2026-09-07T02:33:19.433492Z,1389347524489277440,2026,False,11931,Austin Reed,QB,QB,,26,Active,,,,unrostered_at_snapshot,unknown,,2026-09-07T02:33:19.257223Z
2026-09-07T02:33:19.433492Z,1389347524489277440,2026,False,4728,Bart Houston,QB,QB,,29,Active,,,,unrostered_at_snapshot,unknown,,2026-09-07T02:33:19.257223Z
2026-09-07T02:33:19.433492Z,1389347524489277440,2026,False,12433,Ben Bryant,QB,QB,,25,Active,,,,unrostered_at_snapshot,unknown,,2026-09-07T02:33:19.257223Z
2026-09-07T02:33:19.433492Z,1389347524489277440,2026,False,7143,Ben DiNucci,QB,QB,,29,Active,,,,unrostered_at_snapshot,unknown,,2026-09-07T02:33:19.257223Z
2026-09-07T02:33:19.433492Z,1389347524489277440,2026,False,13065,Ben Wooldridge,QB,QB,,26,Active,,,,unrostered_at_snapshot,unknown,,2026-09-07T02:33:19.257223Z
2026-09-07T02:33:19.433492Z,1389347524489277440,2026,False,862,Blaine Gabbert,QB,QB,,34,Active,,,,unrostered_at_snapshot,unknown,,2026-09-07T02:33:19.257223Z
2026-09-07T02:33:19.433492Z,1389347524489277440,2026,False,3957,Blake Sims,QB,QB,,30,Active,,,,unrostered_at_snapshot,unknown,,2026-09-07T02:33:19.257223Z
2026-09-07T02:33:19.433492Z,1389347524489277440,2026,False,3357,Brandon Allen,QB,QB,,33,Active,,,,unrostered_at_snapshot,unknown,,2026-09-07T02:33:19.257223Z
2026-09-07T02:33:19.433492Z,1389347524489277440,2026,False,8579,Brandon Peters,QB,QB,,25,Active,,,,unrostered_at_snapshot,unknown,,2026-09-07T02:33:19.257223Z
2026-09-07T02:33:19.433492Z,1389347524489277440,2026,False,6205,Brandon Silvers,QB,QB,,27,Active,,,,unrostered_at_snapshot,unknown,,2026-09-07T02:33:19.257223Z
2026-09-07T02:33:19.433492Z,1389347524489277440,2026,False,13221,Brett Gabbert,QB,QB,,25,Active,,,,unrostered_at_snapshot,unknown,,2026-09-07T02:33:19.257223Z
2026-09-07T02:33:19.433492Z,1389347524489277440,2026,False,2450,Brett Hundley,QB,QB,,29,Active,,,,unrostered_at_snapshot,unknown,,2026-09-07T02:33:19.257223Z
2026-09-07T02:33:19.433492Z,1389347524489277440,2026,False,6037,Brett Rypien,QB,QB,,30,Active,,,,unrostered_at_snapshot,unknown,,2026-09-07T02:33:19.257223Z
2026-09-07T02:33:19.433492Z,1389347524489277440,2026,False,345,Brian Hoyer,QB,QB,,38,Active,,,,unrostered_at_snapshot,unknown,,2026-09-07T02:33:19.257223Z
2026-09-07T02:33:19.433492Z,1389347524489277440,2026,False,7008,Brian Lewerke,QB,QB,,25,Active,,,,unrostered_at_snapshot,unknown,,2026-09-07T02:33:19.257223Z
2026-09-07T02:33:19.433492Z,1389347524489277440,2026,False,7418,Broc Rutter,QB,QB,,24,Active,,,,unrostered_at_snapshot,unknown,,2026-09-07T02:33:19.257223Z
2026-09-07T02:33:19.433492Z,1389347524489277440,2026,False,1126,Brock Osweiler,QB,QB,,31,Injured Reserve,,,,unrostered_at_snapshot,unknown,,2026-09-07T02:33:19.257223Z
2026-09-07T02:33:19.433492Z,1389347524489277440,2026,False,5597,Brogan Roback,QB,QB,,27,Active,,,,unrostered_at_snapshot,unknown,,2026-09-07T02:33:19.257223Z
2026-09-07T02:33:19.433492Z,1389347524489277440,2026,False,2567,Bryan Bennett,QB,QB,,32,Active,,,,unrostered_at_snapshot,unknown,,2026-09-07T02:33:19.257223Z
2026-09-07T02:33:19.433492Z,1389347524489277440,2026,False,7335,Bryce Perkins,QB,QB,,28,Active,,,,unrostered_at_snapshot,unknown,,2026-09-07T02:33:19.257223Z
2026-09-07T02:33:19.433492Z,1389347524489277440,2026,False,2408,Bryce Petty,QB,QB,,29,Injured Reserve,,,,unrostered_at_snapshot,unknown,,2026-09-07T02:33:19.257223Z
2026-09-07T02:33:19.433492Z,1389347524489277440,2026,False,4127,C.J. Beathard,QB,QB,,32,Active,,,,unrostered_at_snapshot,unknown,,2026-09-07T02:33:19.257223Z
2026-09-07T02:33:19.433492Z,1389347524489277440,2026,False,12285,Cade Peterson,QB,QB,,,Active,,,,unrostered_at_snapshot,unknown,,2026-09-07T02:33:19.257223Z
2026-09-07T02:33:19.433492Z,1389347524489277440,2026,False,12688,Cam Miller,QB,QB,,25,Active,,,,unrostered_at_snapshot,unknown,,2026-09-07T02:33:19.257223Z
2026-09-07T02:33:19.433492Z,1389347524489277440,2026,False,954,Cam Newton,QB,QB,,32,Active,,,,unrostered_at_snapshot,unknown,,2026-09-07T02:33:19.257223Z
2026-09-07T02:33:19.433492Z,1389347524489277440,2026,False,91,Carson Palmer,QB,QB,,40,Injured Reserve,,,,unrostered_at_snapshot,unknown,,2026-09-07T02:33:19.257223Z
2026-09-07T02:33:19.433492Z,1389347524489277440,2026,False,8158,Carson Strong,QB,QB,,23,Active,,,,unrostered_at_snapshot,unknown,,2026-09-07T02:33:19.257223Z
2026-09-07T02:33:19.433492Z,1389347524489277440,2026,False,7376,Case Cookus,QB,QB,,27,Active,,,,unrostered_at_snapshot,unknown,,2026-09-07T02:33:19.257223Z
2026-09-07T02:33:19.433492Z,1389347524489277440,2026,False,11848,Casey Bauman,QB,QB,,24,Active,,,,unrostered_at_snapshot,unknown,,2026-09-07T02:33:19.257223Z
2026-09-07T02:33:19.433492Z,1389347524489277440,2026,False,89,Chad Henne,QB,QB,,37,Active,,,,unrostered_at_snapshot,unknown,,2026-09-07T02:33:19.257223Z
2026-09-07T02:33:19.433492Z,1389347524489277440,2026,False,4051,Chad Kelly,QB,QB,,27,Active,,,,unrostered_at_snapshot,unknown,,2026-09-07T02:33:19.257223Z
2026-09-07T02:33:19.433492Z,1389347524489277440,2026,False,13592,Chandler Morris,QB,QB,,25,Active,,,,unrostered_at_snapshot,unknown,,2026-09-07T02:33:19.257223Z
2026-09-07T02:33:19.433492Z,1389347524489277440,2026,False,490,Chase Daniel,QB,QB,,36,Active,,,,unrostered_at_snapshot,unknown,,2026-09-07T02:33:19.257223Z
2026-09-07T02:33:19.433492Z,1389347524489277440,2026,False,8431,Chase Garbers,QB,QB,,24,Active,,,,unrostered_at_snapshot,unknown,,2026-09-07T02:33:19.257223Z
2026-09-07T02:33:19.433492Z,1389347524489277440,2026,False,5263,Chase Litton,QB,QB,,26,Active,,,,unrostered_at_snapshot,unknown,,2026-09-07T02:33:19.257223Z
2026-09-07T02:33:19.433492Z,1389347524489277440,2026,False,12046,Chevan Cordeiro,QB,QB,,,Active,,,,unrostered_at_snapshot,unknown,,2026-09-07T02:33:19.257223Z
2026-09-07T02:33:19.433492Z,1389347524489277440,2026,False,3168,Christian Hackenberg,QB,QB,,26,Injured Reserve,,,,unrostered_at_snapshot,unknown,,2026-09-07T02:33:19.257223Z
2026-09-07T02:33:19.433492Z,1389347524489277440,2026,False,10217,Clayton Tune,QB,QB,,27,Active,,,,unrostered_at_snapshot,unknown,,2026-09-07T02:33:19.257223Z
2026-09-07T02:33:19.433492Z,1389347524489277440,2026,False,2576,Cody Fajardo,QB,QB,,32,Active,,,,unrostered_at_snapshot,unknown,,2026-09-07T02:33:19.257223Z
2026-09-07T02:33:19.433492Z,1389347524489277440,2026,False,3205,Cody Kessler,QB,QB,,28,Active,,,,unrostered_at_snapshot,unknown,,2026-09-07T02:33:19.257223Z
2026-09-07T02:33:19.433492Z,1389347524489277440,2026,False,12268,Colby Suits,QB,QB,,,Active,,,,unrostered_at_snapshot,unknown,,2026-09-07T02:33:19.257223Z
2026-09-07T02:33:19.433492Z,1389347524489277440,2026,False,8224,Cole Kelley,QB,QB,,25,Active,,,,unrostered_at_snapshot,unknown,,2026-09-07T02:33:19.257223Z
2026-09-07T02:33:19.433492Z,1389347524489277440,2026,False,2582,Cole Stoudt,QB,QB,,33,Active,,,,unrostered_at_snapshot,unknown,,2026-09-07T02:33:19.257223Z
2026-09-07T02:33:19.433492Z,1389347524489277440,2026,False,13119,Collin Schlee,QB,QB,,24,Active,,,,unrostered_at_snapshot,unknown,,2026-09-07T02:33:19.257223Z
2026-09-07T02:33:19.433492Z,1389347524489277440,2026,False,533,Colt McCoy,QB,QB,,36,Active,,,,unrostered_at_snapshot,unknown,,2026-09-07T02:33:19.257223Z
2026-09-07T02:33:19.433492Z,1389347524489277440,2026,False,12776,Connor Bazelak,QB,QB,,25,Active,,,,unrostered_at_snapshot,unknown,,2026-09-07T02:33:19.257223Z
2026-09-07T02:33:19.433492Z,1389347524489277440,2026,False,5808,Connor Jessop,QB,QB,,,Active,,,,unrostered_at_snapshot,unknown,,2026-09-07T02:33:19.257223Z
2026-09-07T02:33:19.433492Z,1389347524489277440,2026,False,1910,Connor Shaw,QB,QB,,30,Injured Reserve,,,,unrostered_at_snapshot,unknown,,2026-09-07T02:33:19.257223Z
2026-09-07T02:33:19.433492Z,1389347524489277440,2026,False,8199,D'Eriq King,QB,QB,,25,Active,,,,unrostered_at_snapshot,unknown,,2026-09-07T02:33:19.257223Z
2026-09-07T02:33:19.433492Z,1389347524489277440,2026,False,5167,Dalton Sturm,QB,QB,,26,Active,,,,unrostered_at_snapshot,unknown,,2026-09-07T02:33:19.257223Z
2026-09-07T02:33:19.433492Z,1389347524489277440,2026,False,4767,Dane Evans,QB,QB,,28,Active,,,,unrostered_at_snapshot,unknown,,2026-09-07T02:33:19.257223Z
2026-09-07T02:33:19.433492Z,1389347524489277440,2026,False,5120,Danny Etling,QB,QB,,29,Active,,,,unrostered_at_snapshot,unknown,,2026-09-07T02:33:19.257223Z
2026-09-07T02:33:19.433492Z,1389347524489277440,2026,False,6450,David Blough,QB,QB,,28,Active,,,,unrostered_at_snapshot,unknown,,2026-09-07T02:33:19.257223Z
2026-09-07T02:33:19.433492Z,1389347524489277440,2026,False,2106,David Fales,QB,QB,,31,Active,,,,unrostered_at_snapshot,unknown,,2026-09-07T02:33:19.257223Z
2026-09-07T02:33:19.433492Z,1389347524489277440,2026,False,8560,Davis Cheek,QB,QB,,23,Active,,,,unrostered_at_snapshot,unknown,,2026-09-07T02:33:19.257223Z
2026-09-07T02:33:19.433492Z,1389347524489277440,2026,False,4061,Davis Webb,QB,QB,,28,Active,,,,unrostered_at_snapshot,unknown,,2026-09-07T02:33:19.257223Z
2026-09-07T02:33:19.433492Z,1389347524489277440,2026,False,691,Derek Anderson,QB,QB,,38,Injured Reserve,,,,unrostered_at_snapshot,unknown,,2026-09-07T02:33:19.257223Z
2026-09-07T02:33:19.433492Z,1389347524489277440,2026,False,2028,Derek Carr,QB,QB,,34,Active,NA,,,unrostered_at_snapshot,unknown,,2026-09-07T02:33:19.257223Z
2026-09-07T02:33:19.433492Z,1389347524489277440,2026,False,4026,DeShone Kizer,QB,QB,,27,Active,,,,unrostered_at_snapshot,unknown,,2026-09-07T02:33:19.257223Z
2026-09-07T02:33:19.433492Z,1389347524489277440,2026,False,8159,Desmond Ridder,QB,QB,,26,Active,,,,unrostered_at_snapshot,unknown,,2026-09-07T02:33:19.257223Z
2026-09-07T02:33:19.433492Z,1389347524489277440,2026,False,11556,Devin Leary,QB,QB,,25,Active,,,,unrostered_at_snapshot,unknown,,2026-09-07T02:33:19.257223Z
2026-09-07T02:33:19.433492Z,1389347524489277440,2026,False,6595,Devlin Hodges,QB,QB,,25,Active,,,,unrostered_at_snapshot,unknown,,2026-09-07T02:33:19.257223Z
2026-09-07T02:33:19.433492Z,1389347524489277440,2026,False,13427,Diego Pavia,QB,QB,,24,Active,,,,unrostered_at_snapshot,unknown,,2026-09-07T02:33:19.257223Z
2026-09-07T02:33:19.433492Z,1389347524489277440,2026,False,10862,Dorian Thompson-Robinson,QB,QB,,25,Active,,,,unrostered_at_snapshot,unknown,,2026-09-07T02:33:19.257223Z
2026-09-07T02:33:19.433492Z,1389347524489277440,2026,False,11169,Dresser Winn,QB,QB,,26,Active,,,,unrostered_at_snapshot,unknown,,2026-09-07T02:33:19.257223Z
2026-09-07T02:33:19.433492Z,1389347524489277440,2026,False,6371,Drew Anderson,QB,QB,,26,Active,,,,unrostered_at_snapshot,unknown,,2026-09-07T02:33:19.257223Z
2026-09-07T02:33:19.433492Z,1389347524489277440,2026,False,289,Drew Brees,QB,QB,,42,Injured Reserve,,,,unrostered_at_snapshot,unknown,,2026-09-07T02:33:19.257223Z
2026-09-07T02:33:19.433492Z,1389347524489277440,2026,False,8915,Drew Plitt,QB,QB,,26,Active,,,,unrostered_at_snapshot,unknown,,2026-09-07T02:33:19.257223Z
2026-09-07T02:33:19.433492Z,1389347524489277440,2026,False,181,Drew Stanton,QB,QB,,37,Active,,,,unrostered_at_snapshot,unknown,,2026-09-07T02:33:19.257223Z
2026-09-07T02:33:19.433492Z,1389347524489277440,2026,False,8212,Dustin Crum,QB,QB,,24,Active,,,,unrostered_at_snapshot,unknown,,2026-09-07T02:33:19.257223Z
2026-09-07T02:33:19.433492Z,1389347524489277440,2026,False,8193,E.J. Perry,QB,QB,,26,Active,,,,unrostered_at_snapshot,unknown,,2026-09-07T02:33:19.257223Z
2026-09-07T02:33:19.433492Z,1389347524489277440,2026,False,13989,E.J. Warner,QB,QB,,,Active,,,,unrostered_at_snapshot,unknown,,2026-09-07T02:33:19.257223Z
2026-09-07T02:33:19.433492Z,1389347524489277440,2026,False,4665,Eli Jenkins,QB,QB,,27,Active,,,,unrostered_at_snapshot,unknown,,2026-09-07T02:33:19.257223Z
2026-09-07T02:33:19.433492Z,1389347524489277440,2026,False,188,Eli Manning,QB,QB,,39,Active,,,,unrostered_at_snapshot,unknown,,2026-09-07T02:33:19.257223Z
2026-09-07T02:33:19.433492Z,1389347524489277440,2026,False,11961,Emory Jones,QB,QB,,25,Active,,,,unrostered_at_snapshot,unknown,,2026-09-07T02:33:19.257223Z
2026-09-07T02:33:19.433492Z,1389347524489277440,2026,False,6443,Eric Dungey,QB,QB,,25,Active,,,,unrostered_at_snapshot,unknown,,2026-09-07T02:33:19.257223Z
2026-09-07T02:33:19.433492Z,1389347524489277440,2026,False,12965,Ethan Garbers,QB,QB,,23,Active,,,,unrostered_at_snapshot,unknown,,2026-09-07T02:33:19.257223Z
2026-09-07T02:33:19.433492Z,1389347524489277440,2026,False,8798,Felix Harper,QB,QB,,,Active,,,,unrostered_at_snapshot,unknown,,2026-09-07T02:33:19.257223Z
2026-09-07T02:33:19.433492Z,1389347524489277440,2026,False,2229,Garrett Gilbert,QB,QB,,32,Active,,,,unrostered_at_snapshot,unknown,,2026-09-07T02:33:19.257223Z
2026-09-07T02:33:19.433492Z,1389347524489277440,2026,False,12149,Gavin Hardison,QB,QB,,24,Active,,,,unrostered_at_snapshot,unknown,,2026-09-07T02:33:19.257223Z
2026-09-07T02:33:19.433492Z,1389347524489277440,2026,False,12003,Gunnar Watson,QB,QB,,25,Active,,,,unrostered_at_snapshot,unknown,,2026-09-07T02:33:19.257223Z
2026-09-07T02:33:19.433492Z,1389347524489277440,2026,False,13017,Hajj-Malik Williams,QB,QB,,26,Active,,,,unrostered_at_snapshot,unknown,,2026-09-07T02:33:19.257223Z
2026-09-07T02:33:19.433492Z,1389347524489277440,2026,False,11216,Holton Ahlers,QB,QB,,23,Active,,,,unrostered_at_snapshot,unknown,,2026-09-07T02:33:19.257223Z
2026-09-07T02:33:19.433492Z,1389347524489277440,2026,False,13217,Hunter Dekkers,QB,QB,,25,Active,,,,unrostered_at_snapshot,unknown,,2026-09-07T02:33:19.257223Z
2026-09-07T02:33:19.433492Z,1389347524489277440,2026,False,7589,Ian Book,QB,QB,,26,Active,,,,unrostered_at_snapshot,unknown,,2026-09-07T02:33:19.257223Z
2026-09-07T02:33:19.433492Z,1389347524489277440,2026,False,7156,J'Mar Smith,QB,QB,,25,Active,,,,unrostered_at_snapshot,unknown,,2026-09-07T02:33:19.257223Z
2026-09-07T02:33:19.433492Z,1389347524489277440,2026,False,5228,J.T. Barrett,QB,QB,,26,Active,,,,unrostered_at_snapshot,unknown,,2026-09-07T02:33:19.257223Z
2026-09-07T02:33:19.433492Z,1389347524489277440,2026,False,8201,Jack Coan,QB,QB,,24,Active,,,,unrostered_at_snapshot,unknown,,2026-09-07T02:33:19.257223Z
2026-09-07T02:33:19.433492Z,1389347524489277440,2026,False,5392,Jack Heneghan,QB,QB,,25,Active,,,,unrostered_at_snapshot,unknown,,2026-09-07T02:33:19.257223Z
2026-09-07T02:33:19.433492Z,1389347524489277440,2026,False,12009,Jack Plummer,QB,QB,,25,Active,,,,unrostered_at_snapshot,unknown,,2026-09-07T02:33:19.257223Z
2026-09-07T02:33:19.433492Z,1389347524489277440,2026,False,13802,Jacob Clark,QB,QB,,25,Active,,,,unrostered_at_snapshot,unknown,,2026-09-07T02:33:19.257223Z
2026-09-07T02:33:19.433492Z,1389347524489277440,2026,False,6317,Jacob Dolegala,QB,QB,,25,Active,,,,unrostered_at_snapshot,unknown,,2026-09-07T02:33:19.257223Z
2026-09-07T02:33:19.433492Z,1389347524489277440,2026,False,6823,Jacob Eason,QB,QB,,26,Active,,,,unrostered_at_snapshot,unknown,,2026-09-07T02:33:19.257223Z
2026-09-07T02:33:19.433492Z,1389347524489277440,2026,False,3978,Jacob Huesman,QB,QB,,28,Active,,,,unrostered_at_snapshot,unknown,,2026-09-07T02:33:19.257223Z
2026-09-07T02:33:19.433492Z,1389347524489277440,2026,False,12278,Jacob Sirmon,QB,QB,,,Active,,,,unrostered_at_snapshot,unknown,,2026-09-07T02:33:19.257223Z
2026-09-07T02:33:19.433492Z,1389347524489277440,2026,False,6111,Jake Browning,QB,QB,,30,Active,,,,unrostered_at_snapshot,unknown,,2026-09-07T02:33:19.257223Z
2026-09-07T02:33:19.433492Z,1389347524489277440,2026,False,3410,Jake Coker,QB,QB,,32,Active,,,,unrostered_at_snapshot,unknown,,2026-09-07T02:33:19.257223Z
2026-09-07T02:33:19.433492Z,1389347524489277440,2026,False,6822,Jake Fromm,QB,QB,,26,Active,,,,unrostered_at_snapshot,unknown,,2026-09-07T02:33:19.257223Z
2026-09-07T02:33:19.433492Z,1389347524489277440,2026,False,2620,Jake Heaps,QB,QB,,30,Active,,,,unrostered_at_snapshot,unknown,,2026-09-07T02:33:19.257223Z
2026-09-07T02:33:19.433492Z,1389347524489277440,2026,False,7084,Jake Luton,QB,QB,,28,Active,,,,unrostered_at_snapshot,unknown,,2026-09-07T02:33:19.257223Z
2026-09-07T02:33:19.433492Z,1389347524489277440,2026,False,13685,Jake Retzlaff,QB,QB,,23,Active,,,,unrostered_at_snapshot,unknown,,2026-09-07T02:33:19.257223Z
2026-09-07T02:33:19.433492Z,1389347524489277440,2026,False,3347,Jake Rudock,QB,QB,,28,Injured Reserve,,,,unrostered_at_snapshot,unknown,,2026-09-07T02:33:19.257223Z
2026-09-07T02:33:19.433492Z,1389347524489277440,2026,False,2569,Jake Waters,QB,QB,,32,Active,,,,unrostered_at_snapshot,unknown,,2026-09-07T02:33:19.257223Z
2026-09-07T02:33:19.433492Z,1389347524489277440,2026,False,6596,Jalan McClendon,QB,QB,,,Active,,,,unrostered_at_snapshot,unknown,,2026-09-07T02:33:19.257223Z
2026-09-07T02:33:19.433492Z,1389347524489277440,2026,False,11374,James Blackman,QB,QB,,24,Active,,,,unrostered_at_snapshot,unknown,,2026-09-07T02:33:19.257223Z
2026-09-07T02:33:19.433492Z,1389347524489277440,2026,False,2119,James Franklin,QB,QB,,34,Active,,,,unrostered_at_snapshot,unknown,,2026-09-07T02:33:19.257223Z
2026-09-07T02:33:19.433492Z,1389347524489277440,2026,False,7081,James Morgan,QB,QB,,26,Active,,,,unrostered_at_snapshot,unknown,,2026-09-07T02:33:19.257223Z
2026-09-07T02:33:19.433492Z,1389347524489277440,2026,False,9231,Jaren Hall,QB,QB,,27,Active,,,,unrostered_at_snapshot,unknown,,2026-09-07T02:33:19.257223Z
2026-09-07T02:33:19.433492Z,1389347524489277440,2026,False,8442,Jarrett Guarantano,QB,QB,,25,Active,,,,unrostered_at_snapshot,unknown,,2026-09-07T02:33:19.257223Z
2026-09-07T02:33:19.433492Z,1389347524489277440,2026,False,12190,Jason Bean,QB,QB,,26,Active,,,,unrostered_at_snapshot,unknown,,2026-09-07T02:33:19.257223Z
2026-09-07T02:33:19.433492Z,1389347524489277440,2026,False,3362,Jeff Driskel,QB,QB,,32,Active,,,,unrostered_at_snapshot,unknown,,2026-09-07T02:33:19.257223Z
2026-09-07T02:33:19.433492Z,1389347524489277440,2026,False,5356,Jeremiah Briscoe,QB,QB,,32,Active,,,,unrostered_at_snapshot,unknown,,2026-09-07T02:33:19.257223Z
2026-09-07T02:33:19.433492Z,1389347524489277440,2026,False,12352,Jeremy Moussa,QB,QB,,,Active,,,,unrostered_at_snapshot,unknown,,2026-09-07T02:33:19.257223Z
2026-09-07T02:33:19.433492Z,1389347524489277440,2026,False,4853,Jerod Evans,QB,QB,,27,Active,,,,unrostered_at_snapshot,unknown,,2026-09-07T02:33:19.257223Z
2026-09-07T02:33:19.433492Z,1389347524489277440,2026,False,2557,Jerry Lovelocke,QB,QB,,32,Active,,,,unrostered_at_snapshot,unknown,,2026-09-07T02:33:19.257223Z
2026-09-07T02:33:19.433492Z,1389347524489277440,2026,False,1837,Jimmy Garoppolo,QB,QB,,34,Active,,,,unrostered_at_snapshot,unknown,,2026-09-07T02:33:19.257223Z
2026-09-07T02:33:19.433492Z,1389347524489277440,2026,False,606,Joe Webb,QB,QB,,35,Active,,,,unrostered_at_snapshot,unknown,,2026-09-07T02:33:19.257223Z
2026-09-07T02:33:19.433492Z,1389347524489277440,2026,False,3456,Joel Stave,QB,QB,,29,Injured Reserve,,,,unrostered_at_snapshot,unknown,,2026-09-07T02:33:19.257223Z
2026-09-07T02:33:19.433492Z,1389347524489277440,2026,False,6231,John Lovett,QB,RB,,27,Active,,,,unrostered_at_snapshot,unknown,,2026-09-07T02:33:19.257223Z
2026-09-07T02:33:19.433492Z,1389347524489277440,2026,False,12277,John Matocha,QB,QB,,,Active,,,,unrostered_at_snapshot,unknown,,2026-09-07T02:33:19.257223Z
2026-09-07T02:33:19.433492Z,1389347524489277440,2026,False,12197,John Paddock,QB,QB,,24,Active,,,,unrostered_at_snapshot,unknown,,2026-09-07T02:33:19.257223Z
2026-09-07T02:33:19.433492Z,1389347524489277440,2026,False,11859,John Rhys Plumlee,QB,QB,,25,Active,,,,unrostered_at_snapshot,unknown,,2026-09-07T02:33:19.257223Z
2026-09-07T02:33:19.433492Z,1389347524489277440,2026,False,5806,John Wolford,QB,QB,,30,Active,,,,unrostered_at_snapshot,unknown,,2026-09-07T02:33:19.257223Z
2026-09-07T02:33:19.433492Z,1389347524489277440,2026,False,6730,Jordan Ta'amu,QB,QB,,25,Active,,,,unrostered_at_snapshot,unknown,,2026-09-07T02:33:19.257223Z
2026-09-07T02:33:19.433492Z,1389347524489277440,2026,False,11567,Jordan Travis,QB,QB,,24,Active,,,,unrostered_at_snapshot,unknown,,2026-09-07T02:33:19.257223Z
2026-09-07T02:33:19.433492Z,1389347524489277440,2026,False,7157,Josh Love,QB,QB,,25,Active,,,,unrostered_at_snapshot,unknown,,2026-09-07T02:33:19.257223Z
2026-09-07T02:33:19.433492Z,1389347524489277440,2026,False,208,Josh McCown,QB,QB,,42,Active,,,,unrostered_at_snapshot,unknown,,2026-09-07T02:33:19.257223Z
2026-09-07T02:33:19.433492Z,1389347524489277440,2026,False,4863,Josh Rosen,QB,QB,,25,Active,,,,unrostered_at_snapshot,unknown,,2026-09-07T02:33:19.257223Z
2026-09-07T02:33:19.433492Z,1389347524489277440,2026,False,3440,Josh Woodrum,QB,QB,,29,Active,,,,unrostered_at_snapshot,unknown,,2026-09-07T02:33:19.257223Z
2026-09-07T02:33:19.433492Z,1389347524489277440,2026,False,8087,K.J. Costello,QB,QB,,25,Active,,,,unrostered_at_snapshot,unknown,,2026-09-07T02:33:19.257223Z
2026-09-07T02:33:19.433492Z,1389347524489277440,2026,False,13681,Kaidon Salter,QB,QB,,,Active,,,,unrostered_at_snapshot,unknown,,2026-09-07T02:33:19.257223Z
2026-09-07T02:33:19.433492Z,1389347524489277440,2026,False,7581,Kellen Mond,QB,QB,,24,Active,,,,unrostered_at_snapshot,unknown,,2026-09-07T02:33:19.257223Z
2026-09-07T02:33:19.433492Z,1389347524489277440,2026,False,13781,Ken Seals,QB,QB,,,Active,,,,unrostered_at_snapshot,unknown,,2026-09-07T02:33:19.257223Z
2026-09-07T02:33:19.433492Z,1389347524489277440,2026,False,8057,Kenji Bahar,QB,QB,,,Active,,,,unrostered_at_snapshot,unknown,,2026-09-07T02:33:19.257223Z
2026-09-07T02:33:19.433492Z,1389347524489277440,2026,False,3318,Kevin Hogan,QB,QB,,30,Active,,,,unrostered_at_snapshot,unknown,,2026-09-07T02:33:19.257223Z
2026-09-07T02:33:19.433492Z,1389347524489277440,2026,False,5142,Kurt Benkert,QB,QB,,27,Active,,,,unrostered_at_snapshot,unknown,,2026-09-07T02:33:19.257223Z
2026-09-07T02:33:19.433492Z,1389347524489277440,2026,False,4996,Kyle Lauletta,QB,QB,,26,Active,,,,unrostered_at_snapshot,unknown,,2026-09-07T02:33:19.257223Z
2026-09-07T02:33:19.433492Z,1389347524489277440,2026,False,6269,Kyle Shurmur,QB,QB,,25,Active,,,,unrostered_at_snapshot,unknown,,2026-09-07T02:33:19.257223Z
2026-09-07T02:33:19.433492Z,1389347524489277440,2026,False,4588,Kyle Sloter,QB,QB,,28,Active,,,,unrostered_at_snapshot,unknown,,2026-09-07T02:33:19.257223Z
2026-09-07T02:33:19.433492Z,1389347524489277440,2026,False,7605,Kyle Trask,QB,QB,,28,Active,,,,unrostered_at_snapshot,unknown,,2026-09-07T02:33:19.257223Z
2026-09-07T02:33:19.433492Z,1389347524489277440,2026,False,13599,Kyron Drones,QB,QB,,23,Active,,,,unrostered_at_snapshot,unknown,,2026-09-07T02:33:19.257223Z
2026-09-07T02:33:19.433492Z,1389347524489277440,2026,False,5239,Lamar Jordan,QB,QB,,27,Active,,,,unrostered_at_snapshot,unknown,,2026-09-07T02:33:19.257223Z
2026-09-07T02:33:19.433492Z,1389347524489277440,2026,False,8429,Levi Lewis,QB,QB,,24,Active,,,,unrostered_at_snapshot,unknown,,2026-09-07T02:33:19.257223Z
2026-09-07T02:33:19.433492Z,1389347524489277440,2026,False,2206,Logan Kilgore,QB,QB,,,Active,,,,unrostered_at_snapshot,unknown,,2026-09-07T02:33:19.257223Z
2026-09-07T02:33:19.433492Z,1389347524489277440,2026,False,5128,Logan Woodside,QB,QB,,30,Active,,,,unrostered_at_snapshot,unknown,,2026-09-07T02:33:19.257223Z
2026-09-07T02:33:19.433492Z,1389347524489277440,2026,False,5709,Luis Perez,QB,QB,,30,Active,,,,unrostered_at_snapshot,unknown,,2026-09-07T02:33:19.257223Z
2026-09-07T02:33:19.433492Z,1389347524489277440,2026,False,5108,Luke Falk,QB,QB,,27,Active,,,,unrostered_at_snapshot,unknown,,2026-09-07T02:33:19.257223Z
2026-09-07T02:33:19.433492Z,1389347524489277440,2026,False,248,Luke McCown,QB,QB,,40,Injured Reserve,,,,unrostered_at_snapshot,unknown,,2026-09-07T02:33:19.257223Z
2026-09-07T02:33:19.433492Z,1389347524489277440,2026,False,6343,Manny Wilkins,QB,QB,,26,Active,,,,unrostered_at_snapshot,unknown,,2026-09-07T02:33:19.257223Z
2026-09-07T02:33:19.433492Z,1389347524489277440,2026,False,13816,Mark Gronowski,QB,QB,,24,Active,,,,unrostered_at_snapshot,unknown,,2026-09-07T02:33:19.257223Z
2026-09-07T02:33:19.433492Z,1389347524489277440,2026,False,350,Mark Sanchez,QB,QB,,35,Injured Reserve,,,,unrostered_at_snapshot,unknown,,2026-09-07T02:33:19.257223Z
2026-09-07T02:33:19.433492Z,1389347524489277440,2026,False,3524,Marquise Williams,QB,QB,,32,Active,,,,unrostered_at_snapshot,unknown,,2026-09-07T02:33:19.257223Z
2026-09-07T02:33:19.433492Z,1389347524489277440,2026,False,1338,Matt Barkley,QB,QB,,33,Active,,,,unrostered_at_snapshot,unknown,,2026-09-07T02:33:19.257223Z
2026-09-07T02:33:19.433492Z,1389347524489277440,2026,False,8164,Matt Corral,QB,QB,,25,Active,,,,unrostered_at_snapshot,unknown,,2026-09-07T02:33:19.257223Z
2026-09-07T02:33:19.433492Z,1389347524489277440,2026,False,24,Matt Ryan,QB,QB,,37,Active,,,,unrostered_at_snapshot,unknown,,2026-09-07T02:33:19.257223Z
2026-09-07T02:33:19.433492Z,1389347524489277440,2026,False,178,Matt Schaub,QB,QB,,40,Injured Reserve,,,,unrostered_at_snapshot,unknown,,2026-09-07T02:33:19.257223Z
2026-09-07T02:33:19.433492Z,1389347524489277440,2026,False,10233,Max Duggan,QB,QB,,23,Active,,,,unrostered_at_snapshot,unknown,,2026-09-07T02:33:19.257223Z
2026-09-07T02:33:19.433492Z,1389347524489277440,2026,False,3551,Max Wittek,QB,QB,,31,Active,,,,unrostered_at_snapshot,unknown,,2026-09-07T02:33:19.257223Z
2026-09-07T02:33:19.433492Z,1389347524489277440,2026,False,12408,Michael Hiers,QB,QB,,25,Active,,,,unrostered_at_snapshot,unknown,,2026-09-07T02:33:19.257223Z
2026-09-07T02:33:19.433492Z,1389347524489277440,2026,False,11561,Michael Pratt,QB,QB,,23,Active,,,,unrostered_at_snapshot,unknown,,2026-09-07T02:33:19.257223Z
2026-09-07T02:33:19.433492Z,1389347524489277440,2026,False,3495,Mike Bercovici,QB,QB,,28,Active,,,,unrostered_at_snapshot,unknown,,2026-09-07T02:33:19.257223Z
2026-09-07T02:33:19.433492Z,1389347524489277440,2026,False,11932,Mike DiLiello,QB,QB,,,Active,,,,unrostered_at_snapshot,unknown,,2026-09-07T02:33:19.257223Z
2026-09-07T02:33:19.433492Z,1389347524489277440,2026,False,1559,Mike Glennon,QB,QB,,33,Active,,,,unrostered_at_snapshot,unknown,,2026-09-07T02:33:19.257223Z
2026-09-07T02:33:19.433492Z,1389347524489277440,2026,False,5089,Mike White,QB,QB,,30,Active,,,,unrostered_at_snapshot,unknown,,2026-09-07T02:33:19.257223Z
2026-09-07T02:33:19.433492Z,1389347524489277440,2026,False,13310,Miller Moss,QB,QB,,24,Active,,,,unrostered_at_snapshot,unknown,,2026-09-07T02:33:19.257223Z
2026-09-07T02:33:19.433492Z,1389347524489277440,2026,False,4839,Mitch Leidner,QB,QB,,27,Active,,,,unrostered_at_snapshot,unknown,,2026-09-07T02:33:19.257223Z
2026-09-07T02:33:19.433492Z,1389347524489277440,2026,False,6892,Nate Stanley,QB,QB,,24,Active,,,,unrostered_at_snapshot,unknown,,2026-09-07T02:33:19.257223Z
2026-09-07T02:33:19.433492Z,1389347524489277440,2026,False,3343,Nate Sudfeld,QB,QB,,31,Active,,,,unrostered_at_snapshot,unknown,,2026-09-07T02:33:19.257223Z
2026-09-07T02:33:19.433492Z,1389347524489277440,2026,False,4183,Nathan Peterman,QB,QB,,32,Active,,,,unrostered_at_snapshot,unknown,,2026-09-07T02:33:19.257223Z
2026-09-07T02:33:19.433492Z,1389347524489277440,2026,False,8938,Nathan Rourke,QB,QB,,26,Active,,,,unrostered_at_snapshot,unknown,,2026-09-07T02:33:19.257223Z
2026-09-07T02:33:19.433492Z,1389347524489277440,2026,False,5265,Nic Shimonek,QB,QB,,27,Active,,,,unrostered_at_snapshot,unknown,,2026-09-07T02:33:19.257223Z
2026-09-07T02:33:19.433492Z,1389347524489277440,2026,False,6606,Nick Fitzgerald,QB,QB,,25,Active,,,,unrostered_at_snapshot,unknown,,2026-09-07T02:33:19.257223Z
2026-09-07T02:33:19.433492Z,1389347524489277440,2026,False,1029,Nick Foles,QB,QB,,34,Active,,,,unrostered_at_snapshot,unknown,,2026-09-07T02:33:19.257223Z
2026-09-07T02:33:19.433492Z,1389347524489277440,2026,False,7465,Nick Tiano,QB,QB,,25,Active,,,,unrostered_at_snapshot,unknown,,2026-09-07T02:33:19.257223Z
2026-09-07T02:33:19.433492Z,1389347524489277440,2026,False,11388,Nolan Henderson,QB,QB,,24,Active,,,,unrostered_at_snapshot,unknown,,2026-09-07T02:33:19.257223Z
2026-09-07T02:33:19.433492Z,1389347524489277440,2026,False,4335,P.J. Walker,QB,QB,,29,Active,,,,unrostered_at_snapshot,unknown,,2026-09-07T02:33:19.257223Z
2026-09-07T02:33:19.433492Z,1389347524489277440,2026,False,12762,Payton Thorne,QB,QB,,24,Active,,,,unrostered_at_snapshot,unknown,,2026-09-07T02:33:19.257223Z
2026-09-07T02:33:19.433492Z,1389347524489277440,2026,False,12239,Peewee Jarrett,QB,QB,,,Active,,,,unrostered_at_snapshot,unknown,,2026-09-07T02:33:19.257223Z
2026-09-07T02:33:19.433492Z,1389347524489277440,2026,False,5403,Peter Pujals,QB,QB,,26,Active,,,,unrostered_at_snapshot,unknown,,2026-09-07T02:33:19.257223Z
2026-09-07T02:33:19.433492Z,1389347524489277440,2026,False,331,Philip Rivers,QB,QB,,44,Active,,,,unrostered_at_snapshot,unknown,,2026-09-07T02:33:19.257223Z
2026-09-07T02:33:19.433492Z,1389347524489277440,2026,False,2651,Phillip Sims,QB,QB,,32,Active,,,,unrostered_at_snapshot,unknown,,2026-09-07T02:33:19.257223Z
2026-09-07T02:33:19.433492Z,1389347524489277440,2026,False,7159,Reid Sinnett,QB,QB,,26,Active,,,,unrostered_at_snapshot,unknown,,2026-09-07T02:33:19.257223Z
2026-09-07T02:33:19.433492Z,1389347524489277440,2026,False,5270,Riley Ferguson,QB,QB,,31,Active,,,,unrostered_at_snapshot,unknown,,2026-09-07T02:33:19.257223Z
2026-09-07T02:33:19.433492Z,1389347524489277440,2026,False,7158,Riley Neal,QB,QB,,25,Active,,,,unrostered_at_snapshot,unknown,,2026-09-07T02:33:19.257223Z
2026-09-07T02:33:19.433492Z,1389347524489277440,2026,False,12063,Rocky Lombardi,QB,QB,,26,Active,,,,unrostered_at_snapshot,unknown,,2026-09-07T02:33:19.257223Z
2026-09-07T02:33:19.433492Z,1389347524489277440,2026,False,1234,Russell Wilson,QB,QB,,37,Active,,,,unrostered_at_snapshot,unknown,,2026-09-07T02:33:19.257223Z
2026-09-07T02:33:19.433492Z,1389347524489277440,2026,False,333,Ryan Fitzpatrick,QB,QB,,39,Active,,,,unrostered_at_snapshot,unknown,,2026-09-07T02:33:19.257223Z
2026-09-07T02:33:19.433492Z,1389347524489277440,2026,False,1550,Ryan Griffin,QB,QB,,33,Active,,,,unrostered_at_snapshot,unknown,,2026-09-07T02:33:19.257223Z
2026-09-07T02:33:19.433492Z,1389347524489277440,2026,False,1049,Ryan Tannehill,QB,QB,,35,Active,,,,unrostered_at_snapshot,unknown,,2026-09-07T02:33:19.257223Z
2026-09-07T02:33:19.433492Z,1389347524489277440,2026,False,8103,Ryan Willis,QB,QB,,25,Active,,,,unrostered_at_snapshot,unknown,,2026-09-07T02:33:19.257223Z
2026-09-07T02:33:19.433492Z,1389347524489277440,2026,False,13426,Sawyer Robertson,QB,QB,,,Active,,,,unrostered_at_snapshot,unknown,,2026-09-07T02:33:19.257223Z
2026-09-07T02:33:19.433492Z,1389347524489277440,2026,False,2394,Sean Mannion,QB,QB,,31,Active,,,,unrostered_at_snapshot,unknown,,2026-09-07T02:33:19.257223Z
2026-09-07T02:33:19.433492Z,1389347524489277440,2026,False,12898,Seth Henigan,QB,QB,,23,Active,,,,unrostered_at_snapshot,unknown,,2026-09-07T02:33:19.257223Z
2026-09-07T02:33:19.433492Z,1389347524489277440,2026,False,2903,Shane Carden,QB,QB,,33,Active,,,,unrostered_at_snapshot,unknown,,2026-09-07T02:33:19.257223Z
2026-09-07T02:33:19.433492Z,1389347524489277440,2026,False,7063,Shea Patterson,QB,QB,,24,Active,,,,unrostered_at_snapshot,unknown,,2026-09-07T02:33:19.257223Z
2026-09-07T02:33:19.433492Z,1389347524489277440,2026,False,12165,Spencer Sanders,QB,QB,,25,Active,,,,unrostered_at_snapshot,unknown,,2026-09-07T02:33:19.257223Z
2026-09-07T02:33:19.433492Z,1389347524489277440,2026,False,7013,Steven Montez,QB,QB,,26,Active,,,,unrostered_at_snapshot,unknown,,2026-09-07T02:33:19.257223Z
2026-09-07T02:33:19.433492Z,1389347524489277440,2026,False,6522,T.J. Linta,QB,QB,,,Active,,,,unrostered_at_snapshot,unknown,,2026-09-07T02:33:19.257223Z
2026-09-07T02:33:19.433492Z,1389347524489277440,2026,False,11924,Tanner Mordecai,QB,QB,,25,Active,,,,unrostered_at_snapshot,unknown,,2026-09-07T02:33:19.257223Z
2026-09-07T02:33:19.433492Z,1389347524489277440,2026,False,11214,Tanner Morgan,QB,QB,,24,Active,,,,unrostered_at_snapshot,unknown,,2026-09-07T02:33:19.257223Z
2026-09-07T02:33:19.433492Z,1389347524489277440,2026,False,6489,Taryn Christion,QB,QB,,,Active,,,,unrostered_at_snapshot,unknown,,2026-09-07T02:33:19.257223Z
2026-09-07T02:33:19.433492Z,1389347524489277440,2026,False,12259,Taulia Tagovailoa,QB,QB,,24,Active,,,,unrostered_at_snapshot,unknown,,2026-09-07T02:33:19.257223Z
2026-09-07T02:33:19.433492Z,1389347524489277440,2026,False,13190,Taylor Elgersma,QB,QB,,23,Active,,,,unrostered_at_snapshot,unknown,,2026-09-07T02:33:19.257223Z
2026-09-07T02:33:19.433492Z,1389347524489277440,2026,False,2711,Taylor Heinicke,QB,QB,,32,Active,,,,unrostered_at_snapshot,unknown,,2026-09-07T02:33:19.257223Z
2026-09-07T02:33:19.433492Z,1389347524489277440,2026,False,2152,Teddy Bridgewater,QB,QB,,33,Active,NA,,,unrostered_at_snapshot,unknown,,2026-09-07T02:33:19.257223Z
2026-09-07T02:33:19.433492Z,1389347524489277440,2026,False,5257,Tim Boyle,QB,QB,,30,Active,,,,unrostered_at_snapshot,unknown,,2026-09-07T02:33:19.257223Z
2026-09-07T02:33:19.433492Z,1389347524489277440,2026,False,11163,Tim DeMorat,QB,QB,,23,Active,,,,unrostered_at_snapshot,unknown,,2026-09-07T02:33:19.257223Z
2026-09-07T02:33:19.433492Z,1389347524489277440,2026,False,167,Tom Brady,QB,QB,,45,Active,,,,unrostered_at_snapshot,unknown,,2026-09-07T02:33:19.257223Z
2026-09-07T02:33:19.433492Z,1389347524489277440,2026,False,5974,Trace McSorley,QB,QB,,29,Active,,,,unrostered_at_snapshot,unknown,,2026-09-07T02:33:19.257223Z
2026-09-07T02:33:19.433492Z,1389347524489277440,2026,False,8553,Tre Ford,QB,QB,,24,Active,,,,unrostered_at_snapshot,unknown,,2026-09-07T02:33:19.257223Z
2026-09-07T02:33:19.433492Z,1389347524489277440,2026,False,4528,Trevor Knight,QB,QB,,28,Active,,,,unrostered_at_snapshot,unknown,,2026-09-07T02:33:19.257223Z
2026-09-07T02:33:19.433492Z,1389347524489277440,2026,False,2549,Trevor Siemian,QB,QB,,34,Active,,,,unrostered_at_snapshot,unknown,,2026-09-07T02:33:19.257223Z
2026-09-07T02:33:19.433492Z,1389347524489277440,2026,False,4704,Tyler Ferguson,QB,QB,,28,Active,,,,unrostered_at_snapshot,unknown,,2026-09-07T02:33:19.257223Z
2026-09-07T02:33:19.433492Z,1389347524489277440,2026,False,6723,Vincent Testaverde,QB,QB,,25,Active,,,,unrostered_at_snapshot,unknown,,2026-09-07T02:33:19.257223Z
2026-09-07T02:33:19.433492Z,1389347524489277440,2026,False,4406,Wes Lunt,QB,QB,,28,Active,,,,unrostered_at_snapshot,unknown,,2026-09-07T02:33:19.257223Z
2026-09-07T02:33:19.433492Z,1389347524489277440,2026,False,5903,Will Grier,QB,QB,,31,Active,NA,,,unrostered_at_snapshot,unknown,,2026-09-07T02:33:19.257223Z
2026-09-07T02:33:19.433492Z,1389347524489277440,2026,False,9999,Will Levis,QB,QB,,27,Active,,,,unrostered_at_snapshot,unknown,,2026-09-07T02:33:19.257223Z
2026-09-07T02:33:19.433492Z,1389347524489277440,2026,False,12324,William Thompson,QB,QB,,,Active,,,,unrostered_at_snapshot,unknown,,2026-09-07T02:33:19.257223Z
2026-09-07T02:33:19.433492Z,1389347524489277440,2026,False,6237,Wilton Speight,QB,QB,,27,Active,,,,unrostered_at_snapshot,unknown,,2026-09-07T02:33:19.257223Z
2026-09-07T02:33:19.433492Z,1389347524489277440,2026,False,4607,Zach Conque,QB,QB,,27,Active,,,,unrostered_at_snapshot,unknown,,2026-09-07T02:33:19.257223Z
2026-09-07T02:33:19.433492Z,1389347524489277440,2026,False,11995,Zack Annexstad,QB,QB,,24,Active,,,,unrostered_at_snapshot,unknown,,2026-09-07T02:33:19.257223Z
2026-09-07T02:33:19.433492Z,1389347524489277440,2026,False,12797,Ahmani Marshall,RB,RB,CAR,24,Active,,,,unrostered_at_snapshot,unknown,,2026-09-07T02:33:19.257223Z
2026-09-07T02:33:19.433492Z,1389347524489277440,2026,False,6828,AJ Dillon,RB,RB,CAR,28,Active,,3,,unrostered_at_snapshot,unknown,,2026-09-07T02:33:19.257223Z
2026-09-07T02:33:19.433492Z,1389347524489277440,2026,False,13779,Al-Jay Henderson,RB,RB,NYJ,,Active,,,,unrostered_at_snapshot,unknown,,2026-09-07T02:33:19.257223Z
2026-09-07T02:33:19.433492Z,1389347524489277440,2026,False,12928,Amar Johnson,RB,RB,LAC,23,Active,,,,unrostered_at_snapshot,unknown,,2026-09-07T02:33:19.257223Z
2026-09-07T02:33:19.433492Z,1389347524489277440,2026,False,2359,Ameer Abdullah,RB,RB,JAX,33,Active,,4,,unrostered_at_snapshot,unknown,,2026-09-07T02:33:19.257223Z
2026-09-07T02:33:19.433492Z,1389347524489277440,2026,False,14041,Anderson Castle,RB,RB,IND,,Active,,,,unrostered_at_snapshot,unknown,,2026-09-07T02:33:19.257223Z
2026-09-07T02:33:19.433492Z,1389347524489277440,2026,False,6323,Andrew Beck,RB,RB,NYJ,30,Active,,4,,unrostered_at_snapshot,unknown,,2026-09-07T02:33:19.257223Z
2026-09-07T02:33:19.433492Z,1389347524489277440,2026,False,12939,Anthony Tyus,RB,RB,CAR,23,Active,,,,unrostered_at_snapshot,unknown,,2026-09-07T02:33:19.257223Z
2026-09-07T02:33:19.433492Z,1389347524489277440,2026,False,11579,Audric Estime,RB,RB,NO,23,Active,,3,,unrostered_at_snapshot,unknown,,2026-09-07T02:33:19.257223Z
2026-09-07T02:33:19.433492Z,1389347524489277440,2026,False,7048,Benny LeMay,RB,RB,CLE,24,Active,,,,unrostered_at_snapshot,unknown,,2026-09-07T02:33:19.257223Z
2026-09-07T02:33:19.433492Z,1389347524489277440,2026,False,11280,Brady Russell,RB,RB,SEA,28,Active,,6,,unrostered_at_snapshot,unknown,,2026-09-07T02:33:19.257223Z
2026-09-07T02:33:19.433492Z,1389347524489277440,2026,False,11576,Braelon Allen,RB,RB,NYJ,22,Active,,2,,unrostered_at_snapshot,unknown,,2026-09-07T02:33:19.257223Z
2026-09-07T02:33:19.433492Z,1389347524489277440,2026,False,12455,Brashard Smith,RB,RB,KC,23,Active,,3,,unrostered_at_snapshot,unknown,,2026-09-07T02:33:19.257223Z
2026-09-07T02:33:19.433492Z,1389347524489277440,2026,False,12171,British Brooks,RB,RB,HOU,26,Active,Questionable,3,,unrostered_at_snapshot,unknown,,2026-09-07T02:33:19.257223Z
2026-09-07T02:33:19.433492Z,1389347524489277440,2026,False,11582,Carson Steele,RB,RB,PHI,23,Active,,,,unrostered_at_snapshot,unknown,,2026-09-07T02:33:19.257223Z
2026-09-07T02:33:19.433492Z,1389347524489277440,2026,False,13595,Cash Jones,RB,RB,ATL,24,Active,,,,unrostered_at_snapshot,unknown,,2026-09-07T02:33:19.257223Z
2026-09-07T02:33:19.433492Z,1389347524489277440,2026,False,11370,Chris Brooks,RB,RB,GB,26,Active,,2,,unrostered_at_snapshot,unknown,,2026-09-07T02:33:19.257223Z
2026-09-07T02:33:19.433492Z,1389347524489277440,2026,False,13277,CJ Donaldson,RB,RB,NO,22,Active,,,,unrostered_at_snapshot,unknown,,2026-09-07T02:33:19.257223Z
2026-09-07T02:33:19.433492Z,1389347524489277440,2026,False,11644,Cody Schrader,RB,RB,DEN,26,Active,,,,unrostered_at_snapshot,unknown,,2026-09-07T02:33:19.257223Z
2026-09-07T02:33:19.433492Z,1389347524489277440,2026,False,8181,Connor Heyward,RB,RB,LV,27,Active,,3,,unrostered_at_snapshot,unknown,,2026-09-07T02:33:19.257223Z
2026-09-07T02:33:19.433492Z,1389347524489277440,2026,False,12491,Corey Kiner,RB,RB,NE,24,Active,,3,,unrostered_at_snapshot,unknown,,2026-09-07T02:33:19.257223Z
2026-09-07T02:33:19.433492Z,1389347524489277440,2026,False,6659,Craig Reynolds,RB,RB,WAS,30,Active,,,,unrostered_at_snapshot,unknown,,2026-09-07T02:33:19.257223Z
2026-09-07T02:33:19.433492Z,1389347524489277440,2026,False,8129,Dameon Pierce,RB,RB,PHI,26,Active,,,,unrostered_at_snapshot,unknown,,2026-09-07T02:33:19.257223Z
2026-09-07T02:33:19.433492Z,1389347524489277440,2026,False,4718,Dare Ogunbowale,RB,RB,LV,32,Active,,,,unrostered_at_snapshot,unknown,,2026-09-07T02:33:19.257223Z
2026-09-07T02:33:19.433492Z,1389347524489277440,2026,False,13339,Davon Booth,RB,RB,IND,24,Active,,,,unrostered_at_snapshot,unknown,,2026-09-07T02:33:19.257223Z
2026-09-07T02:33:19.433492Z,1389347524489277440,2026,False,13315,Dean Connors,RB,RB,LAR,23,Active,,,,unrostered_at_snapshot,unknown,,2026-09-07T02:33:19.257223Z
2026-09-07T02:33:19.433492Z,1389347524489277440,2026,False,6931,DeeJay Dallas,RB,RB,MIN,27,Active,,,,unrostered_at_snapshot,unknown,,2026-09-07T02:33:19.257223Z
2026-09-07T02:33:19.433492Z,1389347524489277440,2026,False,13347,Demond Claiborne,RB,RB,MIN,22,Active,,3,,unrostered_at_snapshot,unknown,,2026-09-07T02:33:19.257223Z
2026-09-07T02:33:19.433492Z,1389347524489277440,2026,False,6130,Devin Singletary,RB,RB,NYG,29,Active,,4,,unrostered_at_snapshot,unknown,,2026-09-07T02:33:19.257223Z
2026-09-07T02:33:19.433492Z,1389347524489277440,2026,False,12471,DJ Giddens,RB,RB,IND,23,Active,,3,,unrostered_at_snapshot,unknown,,2026-09-07T02:33:19.257223Z
2026-09-07T02:33:19.433492Z,1389347524489277440,2026,False,11574,Dylan Laube,RB,RB,LV,26,Active,,4,,unrostered_at_snapshot,unknown,,2026-09-07T02:33:19.257223Z
2026-09-07T02:33:19.433492Z,1389347524489277440,2026,False,13423,Eli Heidenreich,RB,RB,PIT,23,Active,,4,,unrostered_at_snapshot,unknown,,2026-09-07T02:33:19.257223Z
2026-09-07T02:33:19.433492Z,1389347524489277440,2026,False,4263,Elijah McGuire,RB,RB,KC,27,Active,,,,unrostered_at_snapshot,unknown,,2026-09-07T02:33:19.257223Z
2026-09-07T02:33:19.433492Z,1389347524489277440,2026,False,11435,Emanuel Wilson,RB,RB,SEA,27,Active,,3,,unrostered_at_snapshot,unknown,,2026-09-07T02:33:19.257223Z
2026-09-07T02:33:19.433492Z,1389347524489277440,2026,False,11199,Emari Demercado,RB,RB,DAL,27,Active,,3,,unrostered_at_snapshot,unknown,,2026-09-07T02:33:19.257223Z
2026-09-07T02:33:19.433492Z,1389347524489277440,2026,False,13337,Emmett Johnson,RB,RB,KC,22,Active,,2,,unrostered_at_snapshot,unknown,,2026-09-07T02:33:19.257223Z
2026-09-07T02:33:19.433492Z,1389347524489277440,2026,False,9220,Evan Hull,RB,RB,ARI,25,Active,,,,unrostered_at_snapshot,unknown,,2026-09-07T02:33:19.257223Z
2026-09-07T02:33:19.433492Z,1389347524489277440,2026,False,11573,Frank Gore,RB,RB,BUF,24,Active,,,,unrostered_at_snapshot,unknown,,2026-09-07T02:33:19.257223Z
2026-09-07T02:33:19.433492Z,1389347524489277440,2026,False,12048,George Holani,RB,RB,SEA,26,Active,,2,,unrostered_at_snapshot,unknown,,2026-09-07T02:33:19.257223Z
2026-09-07T02:33:19.433492Z,1389347524489277440,2026,False,4914,Glen Coffee,RB,RB,SF,30,Active,,,,unrostered_at_snapshot,unknown,,2026-09-07T02:33:19.257223Z
2026-09-07T02:33:19.433492Z,1389347524489277440,2026,False,13603,Gregory Desrosiers,RB,RB,LAC,,Active,,,,unrostered_at_snapshot,unknown,,2026-09-07T02:33:19.257223Z
2026-09-07T02:33:19.433492Z,1389347524489277440,2026,False,8123,Hassan Haskins,RB,RB,NE,26,Active,,,,unrostered_at_snapshot,unknown,,2026-09-07T02:33:19.257223Z
2026-09-07T02:33:19.433492Z,1389347524489277440,2026,False,11651,Isaac Guerendo,RB,RB,SF,26,Active,PUP,6,,unrostered_at_snapshot,unknown,,2026-09-07T02:33:19.257223Z
2026-09-07T02:33:19.433492Z,1389347524489277440,2026,False,11571,Isaiah Davis,RB,RB,NYJ,24,Active,Questionable,3,,unrostered_at_snapshot,unknown,,2026-09-07T02:33:19.257223Z
2026-09-07T02:33:19.433492Z,1389347524489277440,2026,False,9227,Israel Abanikanda,RB,RB,DAL,23,Active,,,,unrostered_at_snapshot,unknown,,2026-09-07T02:33:19.257223Z
2026-09-07T02:33:19.433492Z,1389347524489277440,2026,False,5004,Ito Smith,RB,RB,DAL,26,Active,,,,unrostered_at_snapshot,unknown,,2026-09-07T02:33:19.257223Z
2026-09-07T02:33:19.433492Z,1389347524489277440,2026,False,13348,J'Mari Taylor,RB,RB,JAX,24,Active,,,,unrostered_at_snapshot,unknown,,2026-09-07T02:33:19.257223Z
2026-09-07T02:33:19.433492Z,1389347524489277440,2026,False,13047,Jacardia Wright,RB,RB,SEA,25,Active,,,,unrostered_at_snapshot,unknown,,2026-09-07T02:33:19.257223Z
2026-09-07T02:33:19.433492Z,1389347524489277440,2026,False,11237,Jacob Saylors,RB,RB,DET,25,Active,,2,,unrostered_at_snapshot,unknown,,2026-09-07T02:33:19.257223Z
2026-09-07T02:33:19.433492Z,1389347524489277440,2026,False,11439,Jaleel McLaughlin,RB,RB,CLE,25,Active,,,,unrostered_at_snapshot,unknown,,2026-09-07T02:33:19.257223Z
2026-09-07T02:33:19.433492Z,1389347524489277440,2026,False,3868,Jalen Richard,RB,RB,LV,28,Active,,,,unrostered_at_snapshot,unknown,,2026-09-07T02:33:19.257223Z
2026-09-07T02:33:19.433492Z,1389347524489277440,2026,False,11588,Jawhar Jordan,RB,RB,HOU,27,Active,,,,unrostered_at_snapshot,unknown,,2026-09-07T02:33:19.257223Z
2026-09-07T02:33:19.433492Z,1389347524489277440,2026,False,13419,Jaydn Ott,RB,RB,KC,23,Active,,,,unrostered_at_snapshot,unknown,,2026-09-07T02:33:19.257223Z
2026-09-07T02:33:19.433492Z,1389347524489277440,2026,False,12457,Jaydon Blue,RB,RB,PHI,22,Active,,,,unrostered_at_snapshot,unknown,,2026-09-07T02:33:19.257223Z
2026-09-07T02:33:19.433492Z,1389347524489277440,2026,False,11643,Jaylen Wright,RB,RB,MIA,23,Active,,2,,unrostered_at_snapshot,unknown,,2026-09-07T02:33:19.257223Z
2026-09-07T02:33:19.433492Z,1389347524489277440,2026,False,7087,Jonathan Ward,RB,RB,BAL,28,Active,,,,unrostered_at_snapshot,unknown,,2026-09-07T02:33:19.257223Z
2026-09-07T02:33:19.433492Z,1389347524489277440,2026,False,12467,Jordan James,RB,RB,SF,22,Active,,3,,unrostered_at_snapshot,unknown,,2026-09-07T02:33:19.257223Z
2026-09-07T02:33:19.433492Z,1389347524489277440,2026,False,13010,Jordan Waters,RB,RB,LAR,25,Active,,,,unrostered_at_snapshot,unknown,,2026-09-07T02:33:19.257223Z
2026-09-07T02:33:19.433492Z,1389347524489277440,2026,False,12787,Josh Williams,RB,RB,TB,25,Active,,,,unrostered_at_snapshot,unknown,,2026-09-07T02:33:19.257223Z
2026-09-07T02:33:19.433492Z,1389347524489277440,2026,False,8254,Julius Chestnut,RB,RB,TEN,25,Active,,4,,unrostered_at_snapshot,unknown,,2026-09-07T02:33:19.257223Z
2026-09-07T02:33:19.433492Z,1389347524489277440,2026,False,5995,Justice Hill,RB,RB,BAL,28,Active,,2,,unrostered_at_snapshot,unknown,,2026-09-07T02:33:19.257223Z
2026-09-07T02:33:19.433492Z,1389347524489277440,2026,False,12504,Kaleb Johnson,RB,RB,GB,23,Active,,3,,unrostered_at_snapshot,unknown,,2026-09-07T02:33:19.257223Z
2026-09-07T02:33:19.433492Z,1389347524489277440,2026,False,12516,Kalel Mullings,RB,RB,TEN,23,Active,,,,unrostered_at_snapshot,unknown,,2026-09-07T02:33:19.257223Z
2026-09-07T02:33:19.433492Z,1389347524489277440,2026,False,13405,Kaytron Allen,RB,RB,WAS,23,Active,,3,,unrostered_at_snapshot,unknown,,2026-09-07T02:33:19.257223Z
2026-09-07T02:33:19.433492Z,1389347524489277440,2026,False,11649,Kendall Milton,RB,RB,CIN,24,Active,,,,unrostered_at_snapshot,unknown,,2026-09-07T02:33:19.257223Z
2026-09-07T02:33:19.433492Z,1389347524489277440,2026,False,9757,Kendre Miller,RB,RB,NO,24,Active,Questionable,2,,unrostered_at_snapshot,unknown,,2026-09-07T02:33:19.257223Z
2026-09-07T02:33:19.433492Z,1389347524489277440,2026,False,7720,Kene Nwangwu,RB,RB,NYJ,28,Active,,5,,unrostered_at_snapshot,unknown,,2026-09-07T02:33:19.257223Z
2026-09-07T02:33:19.433492Z,1389347524489277440,2026,False,13436,Kentrel Bullock,RB,RB,CIN,24,Active,,,,unrostered_at_snapshot,unknown,,2026-09-07T02:33:19.257223Z
2026-09-07T02:33:19.433492Z,1389347524489277440,2026,False,6175,Kerrith Whyte,RB,RB,GB,25,Active,,,,unrostered_at_snapshot,unknown,,2026-09-07T02:33:19.257223Z
2026-09-07T02:33:19.433492Z,1389347524489277440,2026,False,11647,Kimani Vidal,RB,RB,LAC,25,Active,,3,,unrostered_at_snapshot,unknown,,2026-09-07T02:33:19.257223Z
2026-09-07T02:33:19.433492Z,1389347524489277440,2026,False,12969,Lan Larison,RB,RB,NE,24,Active,,,,unrostered_at_snapshot,unknown,,2026-09-07T02:33:19.257223Z
2026-09-07T02:33:19.433492Z,1389347524489277440,2026,False,12544,LeQuint Allen,RB,RB,JAX,22,Active,Questionable,3,,unrostered_at_snapshot,unknown,,2026-09-07T02:33:19.257223Z
2026-09-07T02:33:19.433492Z,1389347524489277440,2026,False,9510,Lew Nichols,RB,RB,PIT,25,Active,,,,unrostered_at_snapshot,unknown,,2026-09-07T02:33:19.257223Z
2026-09-07T02:33:19.433492Z,1389347524489277440,2026,False,8800,Malik Davis,RB,RB,DAL,27,Active,,2,,unrostered_at_snapshot,unknown,,2026-09-07T02:33:19.257223Z
2026-09-07T02:33:19.433492Z,1389347524489277440,2026,False,13516,Max Bredeson,RB,RB,MIN,23,Active,,4,,unrostered_at_snapshot,unknown,,2026-09-07T02:33:19.257223Z
2026-09-07T02:33:19.433492Z,1389347524489277440,2026,False,7607,Michael Carter,RB,RB,TEN,27,Active,,,,unrostered_at_snapshot,unknown,,2026-09-07T02:33:19.257223Z
2026-09-07T02:33:19.433492Z,1389347524489277440,2026,False,7528,Najee Harris,RB,RB,NYG,28,Active,,2,,unrostered_at_snapshot,unknown,,2026-09-07T02:33:19.257223Z
2026-09-07T02:33:19.433492Z,1389347524489277440,2026,False,12897,Nathan Carter,RB,RB,KC,24,Active,,,,unrostered_at_snapshot,unknown,,2026-09-07T02:33:19.257223Z
2026-09-07T02:33:19.433492Z,1389347524489277440,2026,False,13288,Nicholas Singleton,RB,RB,TEN,22,Active,,3,,unrostered_at_snapshot,unknown,,2026-09-07T02:33:19.257223Z
2026-09-07T02:33:19.433492Z,1389347524489277440,2026,False,13437,Noah Whittington,RB,RB,HOU,24,Active,,,,unrostered_at_snapshot,unknown,,2026-09-07T02:33:19.257223Z
2026-09-07T02:33:19.433492Z,1389347524489277440,2026,False,12495,Ollie Gordon,RB,RB,MIA,22,Active,Questionable,3,,unrostered_at_snapshot,unknown,,2026-09-07T02:33:19.257223Z
2026-09-07T02:33:19.433492Z,1389347524489277440,2026,False,8116,Pierre Strong,RB,RB,GB,27,Active,,,,unrostered_at_snapshot,unknown,,2026-09-07T02:33:19.257223Z
2026-09-07T02:33:19.433492Z,1389347524489277440,2026,False,12472,Raheim Sanders,RB,RB,CLE,24,Active,,3,,unrostered_at_snapshot,unknown,,2026-09-07T02:33:19.257223Z
2026-09-07T02:33:19.433492Z,1389347524489277440,2026,False,11570,Rasheen Ali,RB,RB,BAL,25,Active,,3,,unrostered_at_snapshot,unknown,,2026-09-07T02:33:19.257223Z
2026-09-07T02:33:19.433492Z,1389347524489277440,2026,False,11575,Ray Davis,RB,RB,BUF,26,Active,,3,,unrostered_at_snapshot,unknown,,2026-09-07T02:33:19.257223Z
2026-09-07T02:33:19.433492Z,1389347524489277440,2026,False,7204,Reggie Gilliam,RB,RB,NE,29,Active,,4,,unrostered_at_snapshot,unknown,,2026-09-07T02:33:19.257223Z
2026-09-07T02:33:19.433492Z,1389347524489277440,2026,False,13418,Robert Henry,RB,RB,WAS,24,Active,,,,unrostered_at_snapshot,unknown,,2026-09-07T02:33:19.257223Z
2026-09-07T02:33:19.433492Z,1389347524489277440,2026,False,13416,Roman Hemby,RB,RB,LV,24,Active,,,,unrostered_at_snapshot,unknown,,2026-09-07T02:33:19.257223Z
2026-09-07T02:33:19.433492Z,1389347524489277440,2026,False,8195,Ronnie Rivers,RB,RB,LAR,27,Active,,3,,unrostered_at_snapshot,unknown,,2026-09-07T02:33:19.257223Z
2026-09-07T02:33:19.433492Z,1389347524489277440,2026,False,10235,Roschon Johnson,RB,RB,CHI,25,Active,,3,,unrostered_at_snapshot,unknown,,2026-09-07T02:33:19.257223Z
2026-09-07T02:33:19.433492Z,1389347524489277440,2026,False,6918,Salvon Ahmed,RB,RB,CHI,27,Active,,,,unrostered_at_snapshot,unknown,,2026-09-07T02:33:19.257223Z
2026-09-07T02:33:19.433492Z,1389347524489277440,2026,False,4147,Samaje Perine,RB,RB,CIN,30,Active,,2,,unrostered_at_snapshot,unknown,,2026-09-07T02:33:19.257223Z
2026-09-07T02:33:19.433492Z,1389347524489277440,2026,False,9506,Sean Tucker,RB,RB,TB,24,Active,Questionable,3,,unrostered_at_snapshot,unknown,,2026-09-07T02:33:19.257223Z
2026-09-07T02:33:19.433492Z,1389347524489277440,2026,False,13424,Seth McGowan,RB,RB,IND,24,Active,,2,,unrostered_at_snapshot,unknown,,2026-09-07T02:33:19.257223Z
2026-09-07T02:33:19.433492Z,1389347524489277440,2026,False,8220,Sincere McCormick,RB,RB,SF,25,Active,,,,unrostered_at_snapshot,unknown,,2026-09-07T02:33:19.257223Z
2026-09-07T02:33:19.433492Z,1389347524489277440,2026,False,11729,Sione Vaki,RB,RB,DET,25,Active,,3,,unrostered_at_snapshot,unknown,,2026-09-07T02:33:19.257223Z
2026-09-07T02:33:19.433492Z,1389347524489277440,2026,False,12543,Tahj Brooks,RB,RB,CIN,24,Active,,3,,unrostered_at_snapshot,unknown,,2026-09-07T02:33:19.257223Z
2026-09-07T02:33:19.433492Z,1389347524489277440,2026,False,7103,Tavien Feaster,RB,RB,ARI,24,Active,,,,unrostered_at_snapshot,unknown,,2026-09-07T02:33:19.257223Z
2026-09-07T02:33:19.433492Z,1389347524489277440,2026,False,6012,Travis Homer,RB,RB,PIT,28,Active,,,,unrostered_at_snapshot,unknown,,2026-09-07T02:33:19.257223Z
2026-09-07T02:33:19.433492Z,1389347524489277440,2026,False,12531,Trevor Etienne,RB,RB,CAR,22,Active,IR,4,,unrostered_at_snapshot,unknown,,2026-09-07T02:33:19.257223Z
2026-09-07T02:33:19.433492Z,1389347524489277440,2026,False,6039,Ty Johnson,RB,RB,BUF,28,Active,Questionable,2,,unrostered_at_snapshot,unknown,,2026-09-07T02:33:19.257223Z
2026-09-07T02:33:19.433492Z,1389347524489277440,2026,False,8208,Tyler Badie,RB,RB,DEN,26,Active,,4,,unrostered_at_snapshot,unknown,,2026-09-07T02:33:19.257223Z
2026-09-07T02:33:19.433492Z,1389347524489277440,2026,False,8207,Tyler Goodson,RB,RB,ATL,25,Active,,,,unrostered_at_snapshot,unknown,,2026-09-07T02:33:19.257223Z
2026-09-07T02:33:19.433492Z,1389347524489277440,2026,False,3309,Wendell Smallwood,RB,RB,WAS,27,Active,,,,unrostered_at_snapshot,unknown,,2026-09-07T02:33:19.257223Z
2026-09-07T02:33:19.433492Z,1389347524489277440,2026,False,11577,Will Shipley,RB,RB,PHI,24,Active,,3,,unrostered_at_snapshot,unknown,,2026-09-07T02:33:19.257223Z
2026-09-07T02:33:19.433492Z,1389347524489277440,2026,False,9753,Zach Charbonnet,RB,RB,SEA,25,Active,PUP,4,15,unrostered_at_snapshot,unknown,,2026-09-07T02:33:19.257223Z
2026-09-07T02:33:19.433492Z,1389347524489277440,2026,False,8139,Zamir White,RB,RB,NO,26,Active,,,,unrostered_at_snapshot,unknown,,2026-09-07T02:33:19.257223Z
2026-09-07T02:33:19.433492Z,1389347524489277440,2026,False,11299,Zavier Scott,RB,RB,CHI,27,Active,,,,unrostered_at_snapshot,unknown,,2026-09-07T02:33:19.257223Z
2026-09-07T02:33:19.433492Z,1389347524489277440,2026,False,8122,Zonovan Knight,RB,RB,ARI,25,Active,,3,,unrostered_at_snapshot,unknown,,2026-09-07T02:33:19.257223Z
2026-09-07T02:33:19.433492Z,1389347524489277440,2026,False,6664,A.J. Ouellette,RB,RB,,26,Active,,,,unrostered_at_snapshot,unknown,,2026-09-07T02:33:19.257223Z
2026-09-07T02:33:19.433492Z,1389347524489277440,2026,False,7918,A.J. Rose,RB,RB,,24,Active,,,,unrostered_at_snapshot,unknown,,2026-09-07T02:33:19.257223Z
2026-09-07T02:33:19.433492Z,1389347524489277440,2026,False,11548,Aaron Dykes,RB,RB,,,Active,,,,unrostered_at_snapshot,unknown,,2026-09-07T02:33:19.257223Z
2026-09-07T02:33:19.433492Z,1389347524489277440,2026,False,8809,Aaron Shampklin,RB,RB,,25,Active,,,,unrostered_at_snapshot,unknown,,2026-09-07T02:33:19.257223Z
2026-09-07T02:33:19.433492Z,1389347524489277440,2026,False,8190,Abram Smith,RB,RB,,24,Active,,,,unrostered_at_snapshot,unknown,,2026-09-07T02:33:19.257223Z
2026-09-07T02:33:19.433492Z,1389347524489277440,2026,False,6187,Aca'Cedric Ware,RB,RB,,24,Active,,,,unrostered_at_snapshot,unknown,,2026-09-07T02:33:19.257223Z
2026-09-07T02:33:19.433492Z,1389347524489277440,2026,False,6491,Adam Choice,RB,RB,,26,Active,,,,unrostered_at_snapshot,unknown,,2026-09-07T02:33:19.257223Z
2026-09-07T02:33:19.433492Z,1389347524489277440,2026,False,184,Adrian Peterson,RB,RB,,37,Active,,,,unrostered_at_snapshot,unknown,,2026-09-07T02:33:19.257223Z
2026-09-07T02:33:19.433492Z,1389347524489277440,2026,False,12080,Aidan Robbins,RB,RB,,24,Active,,,,unrostered_at_snapshot,unknown,,2026-09-07T02:33:19.257223Z
2026-09-07T02:33:19.433492Z,1389347524489277440,2026,False,5195,Akrum Wadley,RB,RB,,26,Active,,,,unrostered_at_snapshot,unknown,,2026-09-07T02:33:19.257223Z
2026-09-07T02:33:19.433492Z,1389347524489277440,2026,False,6031,Alex Barnes,RB,RB,,25,Active,,,,unrostered_at_snapshot,unknown,,2026-09-07T02:33:19.257223Z
2026-09-07T02:33:19.433492Z,1389347524489277440,2026,False,3327,Alex Collins,RB,RB,,27,Active,,,,unrostered_at_snapshot,unknown,,2026-09-07T02:33:19.257223Z
2026-09-07T02:33:19.433492Z,1389347524489277440,2026,False,14082,Alex Tecza,RB,RB,,,Active,,,,unrostered_at_snapshot,unknown,,2026-09-07T02:33:19.257223Z
2026-09-07T02:33:19.433492Z,1389347524489277440,2026,False,5987,Alexander Mattison,RB,RB,,27,Active,,,,unrostered_at_snapshot,unknown,,2026-09-07T02:33:19.257223Z
2026-09-07T02:33:19.433492Z,1389347524489277440,2026,False,1170,Alfred Morris,RB,RB,,33,Active,,,,unrostered_at_snapshot,unknown,,2026-09-07T02:33:19.257223Z
2026-09-07T02:33:19.433492Z,1389347524489277440,2026,False,3811,Alstevis Squirewell,RB,RB,,32,Active,,,,unrostered_at_snapshot,unknown,,2026-09-07T02:33:19.257223Z
2026-09-07T02:33:19.433492Z,1389347524489277440,2026,False,12350,Anthony Grant,RB,RB,,25,Active,,,,unrostered_at_snapshot,unknown,,2026-09-07T02:33:19.257223Z
2026-09-07T02:33:19.433492Z,1389347524489277440,2026,False,13328,Anthony Hankerson,RB,RB,,22,Active,,,,unrostered_at_snapshot,unknown,,2026-09-07T02:33:19.257223Z
2026-09-07T02:33:19.433492Z,1389347524489277440,2026,False,7424,Anthony Jones,RB,RB,,24,Active,,,,unrostered_at_snapshot,unknown,,2026-09-07T02:33:19.257223Z
2026-09-07T02:33:19.433492Z,1389347524489277440,2026,False,6878,Anthony McFarland,RB,RB,,25,Active,,,,unrostered_at_snapshot,unknown,,2026-09-07T02:33:19.257223Z
2026-09-07T02:33:19.433492Z,1389347524489277440,2026,False,973,Anthony Sherman,RB,RB,,33,Injured Reserve,,,,unrostered_at_snapshot,unknown,,2026-09-07T02:33:19.257223Z
2026-09-07T02:33:19.433492Z,1389347524489277440,2026,False,6945,Antonio Gibson,RB,RB,,27,Active,Questionable,,,unrostered_at_snapshot,unknown,,2026-09-07T02:33:19.257223Z
2026-09-07T02:33:19.433492Z,1389347524489277440,2026,False,7203,Antonio Williams,RB,RB,,24,Active,,,,unrostered_at_snapshot,unknown,,2026-09-07T02:33:19.257223Z
2026-09-07T02:33:19.433492Z,1389347524489277440,2026,False,7227,Artavis Pierce,RB,RB,,25,Active,,,,unrostered_at_snapshot,unknown,,2026-09-07T02:33:19.257223Z
2026-09-07T02:33:19.433492Z,1389347524489277440,2026,False,4663,Austin Ekeler,RB,RB,,30,Active,,,,unrostered_at_snapshot,unknown,,2026-09-07T02:33:19.257223Z
2026-09-07T02:33:19.433492Z,1389347524489277440,2026,False,11947,Austin Jones,RB,RB,,23,Active,,,,unrostered_at_snapshot,unknown,,2026-09-07T02:33:19.257223Z
2026-09-07T02:33:19.433492Z,1389347524489277440,2026,False,6553,Austin Walter,RB,RB,,27,Active,,,,unrostered_at_snapshot,unknown,,2026-09-07T02:33:19.257223Z
2026-09-07T02:33:19.433492Z,1389347524489277440,2026,False,7809,Avery Williams,RB,RB,,27,Active,,,,unrostered_at_snapshot,unknown,,2026-09-07T02:33:19.257223Z
2026-09-07T02:33:19.433492Z,1389347524489277440,2026,False,7951,B.J. Emmons,RB,RB,,25,Active,,,,unrostered_at_snapshot,unknown,,2026-09-07T02:33:19.257223Z
2026-09-07T02:33:19.433492Z,1389347524489277440,2026,False,14080,Barika Kpeenu,RB,RB,,,Active,,,,unrostered_at_snapshot,unknown,,2026-09-07T02:33:19.257223Z
2026-09-07T02:33:19.433492Z,1389347524489277440,2026,False,6156,Benny Snell,RB,RB,,25,Active,,,,unrostered_at_snapshot,unknown,,2026-09-07T02:33:19.257223Z
2026-09-07T02:33:19.433492Z,1389347524489277440,2026,False,818,Bilal Powell,RB,RB,,33,Active,,,,unrostered_at_snapshot,unknown,,2026-09-07T02:33:19.257223Z
2026-09-07T02:33:19.433492Z,1389347524489277440,2026,False,8240,BJ Baylor,RB,RB,,24,Active,,,,unrostered_at_snapshot,unknown,,2026-09-07T02:33:19.257223Z
2026-09-07T02:33:19.433492Z,1389347524489277440,2026,False,11568,Blake Watson,RB,RB,,26,Active,,,,unrostered_at_snapshot,unknown,,2026-09-07T02:33:19.257223Z
2026-09-07T02:33:19.433492Z,1389347524489277440,2026,False,5112,Bo Scarbrough,RB,RB,,25,Active,,,,unrostered_at_snapshot,unknown,,2026-09-07T02:33:19.257223Z
2026-09-07T02:33:19.433492Z,1389347524489277440,2026,False,5122,Boston Scott,RB,RB,,29,Active,,,,unrostered_at_snapshot,unknown,,2026-09-07T02:33:19.257223Z
2026-09-07T02:33:19.433492Z,1389347524489277440,2026,False,1034,Brandon Bolden,RB,RB,,34,Active,,,,unrostered_at_snapshot,unknown,,2026-09-07T02:33:19.257223Z
2026-09-07T02:33:19.433492Z,1389347524489277440,2026,False,3816,Brandon Brown-Dukes,RB,RB,,29,Active,,,,unrostered_at_snapshot,unknown,,2026-09-07T02:33:19.257223Z
2026-09-07T02:33:19.433492Z,1389347524489277440,2026,False,2948,Brandon Cottom,RB,RB,,29,Active,,,,unrostered_at_snapshot,unknown,,2026-09-07T02:33:19.257223Z
2026-09-07T02:33:19.433492Z,1389347524489277440,2026,False,4806,Brandon Radcliff,RB,RB,,28,Active,,,,unrostered_at_snapshot,unknown,,2026-09-07T02:33:19.257223Z
2026-09-07T02:33:19.433492Z,1389347524489277440,2026,False,3570,Brandon Ross,RB,RB,,32,Active,,,,unrostered_at_snapshot,unknown,,2026-09-07T02:33:19.257223Z
2026-09-07T02:33:19.433492Z,1389347524489277440,2026,False,2768,Braylon Heard,RB,RB,,33,Active,,,,unrostered_at_snapshot,unknown,,2026-09-07T02:33:19.257223Z
2026-09-07T02:33:19.433492Z,1389347524489277440,2026,False,7858,Brenden Knox,RB,RB,,23,Active,,,,unrostered_at_snapshot,unknown,,2026-09-07T02:33:19.257223Z
2026-09-07T02:33:19.433492Z,1389347524489277440,2026,False,7001,Brian Herrien,RB,RB,,23,Active,,,,unrostered_at_snapshot,unknown,,2026-09-07T02:33:19.257223Z
2026-09-07T02:33:19.433492Z,1389347524489277440,2026,False,4187,Brian Hill,RB,RB,,27,Active,,,,unrostered_at_snapshot,unknown,,2026-09-07T02:33:19.257223Z
2026-09-07T02:33:19.433492Z,1389347524489277440,2026,False,7190,Bronson Rechsteiner,RB,RB,,24,Active,,,,unrostered_at_snapshot,unknown,,2026-09-07T02:33:19.257223Z
2026-09-07T02:33:19.433492Z,1389347524489277440,2026,False,5271,Buddy Howell,RB,RB,,26,Active,,,,unrostered_at_snapshot,unknown,,2026-09-07T02:33:19.257223Z
2026-09-07T02:33:19.433492Z,1389347524489277440,2026,False,1451,C.J. Anderson,RB,RB,,30,Active,,,,unrostered_at_snapshot,unknown,,2026-09-07T02:33:19.257223Z
2026-09-07T02:33:19.433492Z,1389347524489277440,2026,False,3204,C.J. Prosise,RB,RB,,27,Active,,,,unrostered_at_snapshot,unknown,,2026-09-07T02:33:19.257223Z
2026-09-07T02:33:19.433492Z,1389347524489277440,2026,False,7741,Caleb Huntley,RB,RB,,24,Active,,,,unrostered_at_snapshot,unknown,,2026-09-07T02:33:19.257223Z
2026-09-07T02:33:19.433492Z,1389347524489277440,2026,False,11229,Calvin Tyler,RB,RB,,24,Active,,,,unrostered_at_snapshot,unknown,,2026-09-07T02:33:19.257223Z
2026-09-07T02:33:19.433492Z,1389347524489277440,2026,False,6938,Cam Akers,RB,RB,,26,Active,,,,unrostered_at_snapshot,unknown,,2026-09-07T02:33:19.257223Z
2026-09-07T02:33:19.433492Z,1389347524489277440,2026,False,7435,Cameron Scarlett,RB,RB,,25,Active,,,,unrostered_at_snapshot,unknown,,2026-09-07T02:33:19.257223Z
2026-09-07T02:33:19.433492Z,1389347524489277440,2026,False,10211,Camerun Peoples,RB,RB,,23,Active,,,,unrostered_at_snapshot,unknown,,2026-09-07T02:33:19.257223Z
2026-09-07T02:33:19.433492Z,1389347524489277440,2026,False,2257,Carlos Hyde,RB,RB,,31,Active,,,,unrostered_at_snapshot,unknown,,2026-09-07T02:33:19.257223Z
2026-09-07T02:33:19.433492Z,1389347524489277440,2026,False,11186,Carlos Washington,RB,RB,,27,Active,,,,unrostered_at_snapshot,unknown,,2026-09-07T02:33:19.257223Z
2026-09-07T02:33:19.433492Z,1389347524489277440,2026,False,3780,Cedric O'Neal,RB,RB,,27,Active,,,,unrostered_at_snapshot,unknown,,2026-09-07T02:33:19.257223Z
2026-09-07T02:33:19.433492Z,1389347524489277440,2026,False,2024,Charcandrick West,RB,RB,,30,Injured Reserve,,,,unrostered_at_snapshot,unknown,,2026-09-07T02:33:19.257223Z
2026-09-07T02:33:19.433492Z,1389347524489277440,2026,False,11102,Charles McClelland,RB,RB,,24,Active,,,,unrostered_at_snapshot,unknown,,2026-09-07T02:33:19.257223Z
2026-09-07T02:33:19.433492Z,1389347524489277440,2026,False,2223,Charles Sims,RB,RB,,29,Injured Reserve,,,,unrostered_at_snapshot,unknown,,2026-09-07T02:33:19.257223Z
2026-09-07T02:33:19.433492Z,1389347524489277440,2026,False,5000,Chase Edmonds,RB,RB,,29,Active,,,,unrostered_at_snapshot,unknown,,2026-09-07T02:33:19.257223Z
2026-09-07T02:33:19.433492Z,1389347524489277440,2026,False,4273,Chris Carson,RB,RB,,27,Active,,,,unrostered_at_snapshot,unknown,,2026-09-07T02:33:19.257223Z
2026-09-07T02:33:19.433492Z,1389347524489277440,2026,False,7794,Chris Evans,RB,RB,,27,Active,,,,unrostered_at_snapshot,unknown,,2026-09-07T02:33:19.257223Z
2026-09-07T02:33:19.433492Z,1389347524489277440,2026,False,11249,Chris Smith,RB,RB,,23,Active,,,,unrostered_at_snapshot,unknown,,2026-09-07T02:33:19.257223Z
2026-09-07T02:33:19.433492Z,1389347524489277440,2026,False,1502,Chris Thompson,RB,RB,,31,Active,,,,unrostered_at_snapshot,unknown,,2026-09-07T02:33:19.257223Z
2026-09-07T02:33:19.433492Z,1389347524489277440,2026,False,5587,Chris Warren,RB,RB,,25,Active,,,,unrostered_at_snapshot,unknown,,2026-09-07T02:33:19.257223Z
2026-09-07T02:33:19.433492Z,1389347524489277440,2026,False,3556,Christian Powell,RB,RB,,31,Active,,,,unrostered_at_snapshot,unknown,,2026-09-07T02:33:19.257223Z
2026-09-07T02:33:19.433492Z,1389347524489277440,2026,False,5462,Christopher Ezeala,RB,RB,,26,Active,,,,unrostered_at_snapshot,unknown,,2026-09-07T02:33:19.257223Z
2026-09-07T02:33:19.433492Z,1389347524489277440,2026,False,7549,CJ Marable,RB,RB,,26,Active,,,,unrostered_at_snapshot,unknown,,2026-09-07T02:33:19.257223Z
2026-09-07T02:33:19.433492Z,1389347524489277440,2026,False,8187,CJ Verdell,RB,RB,,23,Active,,,,unrostered_at_snapshot,unknown,,2026-09-07T02:33:19.257223Z
2026-09-07T02:33:19.433492Z,1389347524489277440,2026,False,6820,Clyde Edwards-Helaire,RB,RB,,26,Active,,,,unrostered_at_snapshot,unknown,,2026-09-07T02:33:19.257223Z
2026-09-07T02:33:19.433492Z,1389347524489277440,2026,False,13844,Coleman Bennett,RB,RB,,,Active,,,,unrostered_at_snapshot,unknown,,2026-09-07T02:33:19.257223Z
2026-09-07T02:33:19.433492Z,1389347524489277440,2026,False,2923,Connor Neighbors,RB,RB,,33,Active,,,,unrostered_at_snapshot,unknown,,2026-09-07T02:33:19.257223Z
2026-09-07T02:33:19.433492Z,1389347524489277440,2026,False,7464,Connor Slomka,RB,RB,,24,Active,,,,unrostered_at_snapshot,unknown,,2026-09-07T02:33:19.257223Z
2026-09-07T02:33:19.433492Z,1389347524489277440,2026,False,1535,Cordarrelle Patterson,RB,RB,,34,Active,,,,unrostered_at_snapshot,unknown,,2026-09-07T02:33:19.257223Z
2026-09-07T02:33:19.433492Z,1389347524489277440,2026,False,4651,Corey Clement,RB,RB,,29,Active,,,,unrostered_at_snapshot,unknown,,2026-09-07T02:33:19.257223Z
2026-09-07T02:33:19.433492Z,1389347524489277440,2026,False,2933,Corey Knox,RB,RB,,36,Active,,,,unrostered_at_snapshot,unknown,,2026-09-07T02:33:19.257223Z
2026-09-07T02:33:19.433492Z,1389347524489277440,2026,False,8092,Corey Taylor,RB,RB,,24,Active,,,,unrostered_at_snapshot,unknown,,2026-09-07T02:33:19.257223Z
2026-09-07T02:33:19.433492Z,1389347524489277440,2026,False,6694,D'Ernest Johnson,RB,RB,,30,Active,,,,unrostered_at_snapshot,unknown,,2026-09-07T02:33:19.257223Z
2026-09-07T02:33:19.433492Z,1389347524489277440,2026,False,4111,D'Onta Foreman,RB,RB,,28,Active,,,,unrostered_at_snapshot,unknown,,2026-09-07T02:33:19.257223Z
2026-09-07T02:33:19.433492Z,1389347524489277440,2026,False,11857,Daijun Edwards,RB,RB,,23,Active,,,,unrostered_at_snapshot,unknown,,2026-09-07T02:33:19.257223Z
2026-09-07T02:33:19.433492Z,1389347524489277440,2026,False,4029,Dalvin Cook,RB,RB,,29,Active,,,,unrostered_at_snapshot,unknown,,2026-09-07T02:33:19.257223Z
2026-09-07T02:33:19.433492Z,1389347524489277440,2026,False,5619,Dalyn Dawkins,RB,RB,,27,Active,,,,unrostered_at_snapshot,unknown,,2026-09-07T02:33:19.257223Z
2026-09-07T02:33:19.433492Z,1389347524489277440,2026,False,6334,Damarea Crockett,RB,RB,,25,Active,,,,unrostered_at_snapshot,unknown,,2026-09-07T02:33:19.257223Z
2026-09-07T02:33:19.433492Z,1389347524489277440,2026,False,5890,Damien Harris,RB,RB,,27,Active,,,,unrostered_at_snapshot,unknown,,2026-09-07T02:33:19.257223Z
2026-09-07T02:33:19.433492Z,1389347524489277440,2026,False,12462,Damien Martinez,RB,RB,,22,Active,,,,unrostered_at_snapshot,unknown,,2026-09-07T02:33:19.257223Z
2026-09-07T02:33:19.433492Z,1389347524489277440,2026,False,13949,Damon Bankston,RB,RB,,23,Active,,,,unrostered_at_snapshot,unknown,,2026-09-07T02:33:19.257223Z
2026-09-07T02:33:19.433492Z,1389347524489277440,2026,False,7316,Darius Bradwell,RB,RB,,25,Active,,,,unrostered_at_snapshot,unknown,,2026-09-07T02:33:19.257223Z
2026-09-07T02:33:19.433492Z,1389347524489277440,2026,False,7614,Darius Clark,RB,RB,,25,Active,,,,unrostered_at_snapshot,unknown,,2026-09-07T02:33:19.257223Z
2026-09-07T02:33:19.433492Z,1389347524489277440,2026,False,11283,Darius Hagans,RB,RB,,24,Active,,,,unrostered_at_snapshot,unknown,,2026-09-07T02:33:19.257223Z
2026-09-07T02:33:19.433492Z,1389347524489277440,2026,False,3371,Darius Jackson,RB,RB,,28,Active,,,,unrostered_at_snapshot,unknown,,2026-09-07T02:33:19.257223Z
2026-09-07T02:33:19.433492Z,1389347524489277440,2026,False,4791,Darius Victor,RB,RB,,27,Active,,,,unrostered_at_snapshot,unknown,,2026-09-07T02:33:19.257223Z
2026-09-07T02:33:19.433492Z,1389347524489277440,2026,False,6259,Darnell Holland,RB,RB,,25,Active,,,,unrostered_at_snapshot,unknown,,2026-09-07T02:33:19.257223Z
2026-09-07T02:33:19.433492Z,1389347524489277440,2026,False,5549,Darrel Williams,RB,RB,,28,Active,,,,unrostered_at_snapshot,unknown,,2026-09-07T02:33:19.257223Z
2026-09-07T02:33:19.433492Z,1389347524489277440,2026,False,5916,Darrell Henderson,RB,RB,,26,Active,,,,unrostered_at_snapshot,unknown,,2026-09-07T02:33:19.257223Z
2026-09-07T02:33:19.433492Z,1389347524489277440,2026,False,246,Darren Sproles,RB,RB,,38,Injured Reserve,,,,unrostered_at_snapshot,unknown,,2026-09-07T02:33:19.257223Z
2026-09-07T02:33:19.433492Z,1389347524489277440,2026,False,6448,Darrin Hall,RB,RB,,25,Active,,,,unrostered_at_snapshot,unknown,,2026-09-07T02:33:19.257223Z
2026-09-07T02:33:19.433492Z,1389347524489277440,2026,False,4835,Darrius Sims,RB,RB,,27,Active,,,,unrostered_at_snapshot,unknown,,2026-09-07T02:33:19.257223Z
2026-09-07T02:33:19.433492Z,1389347524489277440,2026,False,6178,Darwin Thompson,RB,RB,,26,Active,,,,unrostered_at_snapshot,unknown,,2026-09-07T02:33:19.257223Z
2026-09-07T02:33:19.433492Z,1389347524489277440,2026,False,4917,Daryl Virgies,RB,RB,,29,Active,,,,unrostered_at_snapshot,unknown,,2026-09-07T02:33:19.257223Z
2026-09-07T02:33:19.433492Z,1389347524489277440,2026,False,1794,David Fluellen,RB,RB,,29,Active,,,,unrostered_at_snapshot,unknown,,2026-09-07T02:33:19.257223Z
2026-09-07T02:33:19.433492Z,1389347524489277440,2026,False,2391,David Johnson,RB,RB,,31,Active,,,,unrostered_at_snapshot,unknown,,2026-09-07T02:33:19.257223Z
2026-09-07T02:33:19.433492Z,1389347524489277440,2026,False,4777,De'Chavon Hayes,RB,RB,,29,Active,,,,unrostered_at_snapshot,unknown,,2026-09-07T02:33:19.257223Z
2026-09-07T02:33:19.433492Z,1389347524489277440,2026,False,5464,De'Lance Turner,RB,RB,,26,Active,,,,unrostered_at_snapshot,unknown,,2026-09-07T02:33:19.257223Z
2026-09-07T02:33:19.433492Z,1389347524489277440,2026,False,4774,De'Mard Llorens,RB,RB,,27,Active,,,,unrostered_at_snapshot,unknown,,2026-09-07T02:33:19.257223Z
2026-09-07T02:33:19.433492Z,1389347524489277440,2026,False,8721,De'Montre Tuggle,RB,RB,,23,Active,,,,unrostered_at_snapshot,unknown,,2026-09-07T02:33:19.257223Z
2026-09-07T02:33:19.433492Z,1389347524489277440,2026,False,8243,DeAndre Torrey,RB,RB,,24,Active,,,,unrostered_at_snapshot,unknown,,2026-09-07T02:33:19.257223Z
2026-09-07T02:33:19.433492Z,1389347524489277440,2026,False,7893,Dedrick Mills,RB,RB,,25,Active,,,,unrostered_at_snapshot,unknown,,2026-09-07T02:33:19.257223Z
2026-09-07T02:33:19.433492Z,1389347524489277440,2026,False,13080,Deion Hankins,RB,RB,,25,Active,,,,unrostered_at_snapshot,unknown,,2026-09-07T02:33:19.257223Z
2026-09-07T02:33:19.433492Z,1389347524489277440,2026,False,5143,Demario Richard,RB,RB,,25,Active,,,,unrostered_at_snapshot,unknown,,2026-09-07T02:33:19.257223Z
2026-09-07T02:33:19.433492Z,1389347524489277440,2026,False,7609,Demetric Felton,RB,RB,,27,Active,,,,unrostered_at_snapshot,unknown,,2026-09-07T02:33:19.257223Z
2026-09-07T02:33:19.433492Z,1389347524489277440,2026,False,10870,Deneric Prince,RB,RB,,25,Active,,,,unrostered_at_snapshot,unknown,,2026-09-07T02:33:19.257223Z
2026-09-07T02:33:19.433492Z,1389347524489277440,2026,False,7551,Deon Jackson,RB,RB,,26,Active,,,,unrostered_at_snapshot,unknown,,2026-09-07T02:33:19.257223Z
2026-09-07T02:33:19.433492Z,1389347524489277440,2026,False,6753,Derrick Gore,RB,RB,,29,Active,,,,unrostered_at_snapshot,unknown,,2026-09-07T02:33:19.257223Z
2026-09-07T02:33:19.433492Z,1389347524489277440,2026,False,4949,Derrius Guice,RB,RB,,24,Active,,,,unrostered_at_snapshot,unknown,,2026-09-07T02:33:19.257223Z
2026-09-07T02:33:19.433492Z,1389347524489277440,2026,False,12121,Deshaun Fenwick,RB,RB,,25,Active,,,,unrostered_at_snapshot,unknown,,2026-09-07T02:33:19.257223Z
2026-09-07T02:33:19.433492Z,1389347524489277440,2026,False,2632,Desmond Martin,RB,RB,,32,Active,,,,unrostered_at_snapshot,unknown,,2026-09-07T02:33:19.257223Z
2026-09-07T02:33:19.433492Z,1389347524489277440,2026,False,9505,Deuce Vaughn,RB,RB,,24,Active,,,,unrostered_at_snapshot,unknown,,2026-09-07T02:33:19.257223Z
2026-09-07T02:33:19.433492Z,1389347524489277440,2026,False,6068,Devine Ozigbo,RB,RB,,27,Active,,,,unrostered_at_snapshot,unknown,,2026-09-07T02:33:19.257223Z
2026-09-07T02:33:19.433492Z,1389347524489277440,2026,False,4519,Devine Redding,RB,RB,,25,Active,,,,unrostered_at_snapshot,unknown,,2026-09-07T02:33:19.257223Z
2026-09-07T02:33:19.433492Z,1389347524489277440,2026,False,3412,Devon Johnson,RB,RB,,28,Active,,,,unrostered_at_snapshot,unknown,,2026-09-07T02:33:19.257223Z
2026-09-07T02:33:19.433492Z,1389347524489277440,2026,False,2168,Devonta Freeman,RB,RB,,30,Active,,,,unrostered_at_snapshot,unknown,,2026-09-07T02:33:19.257223Z
2026-09-07T02:33:19.433492Z,1389347524489277440,2026,False,3209,Devontae Booker,RB,RB,,29,Active,,,,unrostered_at_snapshot,unknown,,2026-09-07T02:33:19.257223Z
2026-09-07T02:33:19.433492Z,1389347524489277440,2026,False,6539,Devontae Jackson,RB,RB,,25,Active,,,,unrostered_at_snapshot,unknown,,2026-09-07T02:33:19.257223Z
2026-09-07T02:33:19.433492Z,1389347524489277440,2026,False,7236,Devwah Whaley,RB,RB,,24,Active,,,,unrostered_at_snapshot,unknown,,2026-09-07T02:33:19.257223Z
2026-09-07T02:33:19.433492Z,1389347524489277440,2026,False,9512,DeWayne McBride,RB,RB,,23,Active,,,,unrostered_at_snapshot,unknown,,2026-09-07T02:33:19.257223Z
2026-09-07T02:33:19.433492Z,1389347524489277440,2026,False,6153,Dexter Williams,RB,RB,,25,Active,,,,unrostered_at_snapshot,unknown,,2026-09-07T02:33:19.257223Z
2026-09-07T02:33:19.433492Z,1389347524489277440,2026,False,11580,Dillon Johnson,RB,RB,,23,Active,,,,unrostered_at_snapshot,unknown,,2026-09-07T02:33:19.257223Z
2026-09-07T02:33:19.433492Z,1389347524489277440,2026,False,788,Dion Lewis,RB,RB,,31,Injured Reserve,,,,unrostered_at_snapshot,unknown,,2026-09-07T02:33:19.257223Z
2026-09-07T02:33:19.433492Z,1389347524489277440,2026,False,2820,Dominique Brown,RB,RB,,33,Active,,,,unrostered_at_snapshot,unknown,,2026-09-07T02:33:19.257223Z
2026-09-07T02:33:19.433492Z,1389347524489277440,2026,False,12515,Donovan Edwards,RB,RB,,23,Active,,,,unrostered_at_snapshot,unknown,,2026-09-07T02:33:19.257223Z
2026-09-07T02:33:19.433492Z,1389347524489277440,2026,False,13852,Dontae McMillan,RB,RB,,24,Active,,,,unrostered_at_snapshot,unknown,,2026-09-07T02:33:19.257223Z
2026-09-07T02:33:19.433492Z,1389347524489277440,2026,False,6592,Dontae Strickland,RB,RB,,24,Active,,,,unrostered_at_snapshot,unknown,,2026-09-07T02:33:19.257223Z
2026-09-07T02:33:19.433492Z,1389347524489277440,2026,False,2382,Duke Johnson,RB,RB,,29,Active,,,,unrostered_at_snapshot,unknown,,2026-09-07T02:33:19.257223Z
2026-09-07T02:33:19.433492Z,1389347524489277440,2026,False,3391,Dwayne Washington,RB,RB,,30,Active,,,,unrostered_at_snapshot,unknown,,2026-09-07T02:33:19.257223Z
2026-09-07T02:33:19.433492Z,1389347524489277440,2026,False,13284,Dylan Devezin,RB,RB,,,Active,,,,unrostered_at_snapshot,unknown,,2026-09-07T02:33:19.257223Z
2026-09-07T02:33:19.433492Z,1389347524489277440,2026,False,12283,Dylan McDuffie,RB,RB,,24,Active,,,,unrostered_at_snapshot,unknown,,2026-09-07T02:33:19.257223Z
2026-09-07T02:33:19.433492Z,1389347524489277440,2026,False,12066,Elijah Collins,RB,RB,,24,Active,,,,unrostered_at_snapshot,unknown,,2026-09-07T02:33:19.257223Z
2026-09-07T02:33:19.433492Z,1389347524489277440,2026,False,11114,Elijah Dotson,RB,RB,,26,Active,,,,unrostered_at_snapshot,unknown,,2026-09-07T02:33:19.257223Z
2026-09-07T02:33:19.433492Z,1389347524489277440,2026,False,5919,Elijah Holyfield,RB,RB,,25,Active,,,,unrostered_at_snapshot,unknown,,2026-09-07T02:33:19.257223Z
2026-09-07T02:33:19.433492Z,1389347524489277440,2026,False,13909,Elijah Tau-Tolliver,RB,RB,,23,Active,,,,unrostered_at_snapshot,unknown,,2026-09-07T02:33:19.257223Z
2026-09-07T02:33:19.433492Z,1389347524489277440,2026,False,12818,Elijah Young,RB,RB,,24,Active,,,,unrostered_at_snapshot,unknown,,2026-09-07T02:33:19.257223Z
2026-09-07T02:33:19.433492Z,1389347524489277440,2026,False,3803,Elijhaa Penny,RB,RB,,28,Active,,,,unrostered_at_snapshot,unknown,,2026-09-07T02:33:19.257223Z
2026-09-07T02:33:19.433492Z,1389347524489277440,2026,False,11483,Ellis Merriweather,RB,RB,,26,Active,,,,unrostered_at_snapshot,unknown,,2026-09-07T02:33:19.257223Z
2026-09-07T02:33:19.433492Z,1389347524489277440,2026,False,11998,Emani Bailey,RB,RB,,23,Active,,,,unrostered_at_snapshot,unknown,,2026-09-07T02:33:19.257223Z
2026-09-07T02:33:19.433492Z,1389347524489277440,2026,False,6951,Eno Benjamin,RB,RB,,25,Active,,,,unrostered_at_snapshot,unknown,,2026-09-07T02:33:19.257223Z
2026-09-07T02:33:19.433492Z,1389347524489277440,2026,False,10223,Eric Gray,RB,RB,,26,Active,,,,unrostered_at_snapshot,unknown,,2026-09-07T02:33:19.257223Z
2026-09-07T02:33:19.433492Z,1389347524489277440,2026,False,5407,Ervin Philips,RB,RB,,26,Active,,,,unrostered_at_snapshot,unknown,,2026-09-07T02:33:19.257223Z
2026-09-07T02:33:19.433492Z,1389347524489277440,2026,False,3164,Ezekiel Elliott,RB,RB,,29,Active,,,,unrostered_at_snapshot,unknown,,2026-09-07T02:33:19.257223Z
2026-09-07T02:33:19.433492Z,1389347524489277440,2026,False,232,Frank Gore,RB,RB,,38,Active,,,,unrostered_at_snapshot,unknown,,2026-09-07T02:33:19.257223Z
2026-09-07T02:33:19.433492Z,1389347524489277440,2026,False,7990,Garrett Groshek,RB,RB,,24,Active,,,,unrostered_at_snapshot,unknown,,2026-09-07T02:33:19.257223Z
2026-09-07T02:33:19.433492Z,1389347524489277440,2026,False,7529,Gary Brightwell,RB,RB,,28,Active,,,,unrostered_at_snapshot,unknown,,2026-09-07T02:33:19.257223Z
2026-09-07T02:33:19.433492Z,1389347524489277440,2026,False,5791,Gerald Holmes,RB,RB,,27,Active,,,,unrostered_at_snapshot,unknown,,2026-09-07T02:33:19.257223Z
2026-09-07T02:33:19.433492Z,1389347524489277440,2026,False,7539,Gerrid Doaks,RB,RB,,25,Active,,,,unrostered_at_snapshot,unknown,,2026-09-07T02:33:19.257223Z
2026-09-07T02:33:19.433492Z,1389347524489277440,2026,False,1386,Giovani Bernard,RB,RB,,31,Active,,,,unrostered_at_snapshot,unknown,,2026-09-07T02:33:19.257223Z
2026-09-07T02:33:19.433492Z,1389347524489277440,2026,False,5220,Godwin Igwebuike,RB,RB,,29,Active,,,,unrostered_at_snapshot,unknown,,2026-09-07T02:33:19.257223Z
2026-09-07T02:33:19.433492Z,1389347524489277440,2026,False,8226,Greg Bell,RB,RB,,25,Active,,,,unrostered_at_snapshot,unknown,,2026-09-07T02:33:19.257223Z
2026-09-07T02:33:19.433492Z,1389347524489277440,2026,False,5248,Gus Edwards,RB,RB,,29,Active,,,,unrostered_at_snapshot,unknown,,2026-09-07T02:33:19.257223Z
2026-09-07T02:33:19.433492Z,1389347524489277440,2026,False,2785,Gus Johnson,RB,RB,,28,Active,,,,unrostered_at_snapshot,unknown,,2026-09-07T02:33:19.257223Z
2026-09-07T02:33:19.433492Z,1389347524489277440,2026,False,11270,Hassan Hall,RB,RB,,24,Active,,,,unrostered_at_snapshot,unknown,,2026-09-07T02:33:19.257223Z
2026-09-07T02:33:19.433492Z,1389347524489277440,2026,False,13283,Hollywood Smothers,RB,RB,,,Active,,,,unrostered_at_snapshot,unknown,,2026-09-07T02:33:19.257223Z
2026-09-07T02:33:19.433492Z,1389347524489277440,2026,False,4630,I'Tavius Mathers,RB,RB,,28,Active,,,,unrostered_at_snapshot,unknown,,2026-09-07T02:33:19.257223Z
2026-09-07T02:33:19.433492Z,1389347524489277440,2026,False,12036,Ian Wheeler,RB,RB,,24,Active,,,,unrostered_at_snapshot,unknown,,2026-09-07T02:33:19.257223Z
2026-09-07T02:33:19.433492Z,1389347524489277440,2026,False,11431,Isaiah Bowser,RB,RB,,23,Active,,,,unrostered_at_snapshot,unknown,,2026-09-07T02:33:19.257223Z
2026-09-07T02:33:19.433492Z,1389347524489277440,2026,False,13773,Isaiah Jacobs,RB,RB,,,Active,,,,unrostered_at_snapshot,unknown,,2026-09-07T02:33:19.257223Z
2026-09-07T02:33:19.433492Z,1389347524489277440,2026,False,8153,Isaiah Spiller,RB,RB,,23,Active,,,,unrostered_at_snapshot,unknown,,2026-09-07T02:33:19.257223Z
2026-09-07T02:33:19.433492Z,1389347524489277440,2026,False,6973,J.J. Taylor,RB,RB,,27,Active,,,,unrostered_at_snapshot,unknown,,2026-09-07T02:33:19.257223Z
2026-09-07T02:33:19.433492Z,1389347524489277440,2026,False,5809,Ja'Quan Gardner,RB,RB,,,Active,,,,unrostered_at_snapshot,unknown,,2026-09-07T02:33:19.257223Z
2026-09-07T02:33:19.433492Z,1389347524489277440,2026,False,12356,Jabari Small,RB,RB,,25,Active,,,,unrostered_at_snapshot,unknown,,2026-09-07T02:33:19.257223Z
2026-09-07T02:33:19.433492Z,1389347524489277440,2026,False,11900,Jacob Kibodi,RB,RB,,26,Active,,,,unrostered_at_snapshot,unknown,,2026-09-07T02:33:19.257223Z
2026-09-07T02:33:19.433492Z,1389347524489277440,2026,False,6108,Jacques Patrick,RB,RB,,27,Active,,,,unrostered_at_snapshot,unknown,,2026-09-07T02:33:19.257223Z
2026-09-07T02:33:19.433492Z,1389347524489277440,2026,False,13906,Jaden Nixon,RB,RB,,,Active,,,,unrostered_at_snapshot,unknown,,2026-09-07T02:33:19.257223Z
2026-09-07T02:33:19.433492Z,1389347524489277440,2026,False,12013,Jaden Shirden,RB,RB,,22,Active,,,,unrostered_at_snapshot,unknown,,2026-09-07T02:33:19.257223Z
2026-09-07T02:33:19.433492Z,1389347524489277440,2026,False,2581,Jahwan Edwards,RB,RB,,32,Active,,,,unrostered_at_snapshot,unknown,,2026-09-07T02:33:19.257223Z
2026-09-07T02:33:19.433492Z,1389347524489277440,2026,False,7771,Jake Funk,RB,RB,,26,Active,,,,unrostered_at_snapshot,unknown,,2026-09-07T02:33:19.257223Z
2026-09-07T02:33:19.433492Z,1389347524489277440,2026,False,12218,Jalen Jackson,RB,RB,,24,Active,,,,unrostered_at_snapshot,unknown,,2026-09-07T02:33:19.257223Z
2026-09-07T02:33:19.433492Z,1389347524489277440,2026,False,3859,Jalen Simmons,RB,RB,,29,Active,,,,unrostered_at_snapshot,unknown,,2026-09-07T02:33:19.257223Z
2026-09-07T02:33:19.433492Z,1389347524489277440,2026,False,12953,Jalen White,RB,RB,,23,Active,,,,unrostered_at_snapshot,unknown,,2026-09-07T02:33:19.257223Z
2026-09-07T02:33:19.433492Z,1389347524489277440,2026,False,13403,Jam Miller,RB,RB,,,Active,Questionable,,,unrostered_at_snapshot,unknown,,2026-09-07T02:33:19.257223Z
2026-09-07T02:33:19.433492Z,1389347524489277440,2026,False,323,Jamaal Charles,RB,RB,,35,Injured Reserve,,,,unrostered_at_snapshot,unknown,,2026-09-07T02:33:19.257223Z
2026-09-07T02:33:19.433492Z,1389347524489277440,2026,False,4149,Jamaal Williams,RB,RB,,29,Active,,,,unrostered_at_snapshot,unknown,,2026-09-07T02:33:19.257223Z
2026-09-07T02:33:19.433492Z,1389347524489277440,2026,False,13946,Jamal Haynes,RB,RB,,23,Active,,,,unrostered_at_snapshot,unknown,,2026-09-07T02:33:19.257223Z
2026-09-07T02:33:19.433492Z,1389347524489277440,2026,False,5785,James Butler,RB,RB,,26,Active,,,,unrostered_at_snapshot,unknown,,2026-09-07T02:33:19.257223Z
2026-09-07T02:33:19.433492Z,1389347524489277440,2026,False,7336,James Gilbert,RB,RB,,26,Active,,,,unrostered_at_snapshot,unknown,,2026-09-07T02:33:19.257223Z
2026-09-07T02:33:19.433492Z,1389347524489277440,2026,False,6955,James Robinson,RB,RB,,26,Active,,,,unrostered_at_snapshot,unknown,,2026-09-07T02:33:19.257223Z
2026-09-07T02:33:19.433492Z,1389347524489277440,2026,False,4533,James Summers,RB,RB,,27,Active,,,,unrostered_at_snapshot,unknown,,2026-09-07T02:33:19.257223Z
2026-09-07T02:33:19.433492Z,1389347524489277440,2026,False,1848,James White,RB,RB,,30,Active,,,,unrostered_at_snapshot,unknown,,2026-09-07T02:33:19.257223Z
2026-09-07T02:33:19.433492Z,1389347524489277440,2026,False,6169,James Williams,RB,RB,,25,Active,,,,unrostered_at_snapshot,unknown,,2026-09-07T02:33:19.257223Z
2026-09-07T02:33:19.433492Z,1389347524489277440,2026,False,6996,JaMycal Hasty,RB,RB,,29,Active,,,,unrostered_at_snapshot,unknown,,2026-09-07T02:33:19.257223Z
2026-09-07T02:33:19.433492Z,1389347524489277440,2026,False,7863,JaQuan Hardy,RB,RB,,24,Active,,,,unrostered_at_snapshot,unknown,,2026-09-07T02:33:19.257223Z
2026-09-07T02:33:19.433492Z,1389347524489277440,2026,False,7537,Jaret Patterson,RB,RB,,26,Active,,,,unrostered_at_snapshot,unknown,,2026-09-07T02:33:19.257223Z
2026-09-07T02:33:19.433492Z,1389347524489277440,2026,False,11569,Jarquez Hunter,RB,RB,,23,Active,,,,unrostered_at_snapshot,unknown,,2026-09-07T02:33:19.257223Z
2026-09-07T02:33:19.433492Z,1389347524489277440,2026,False,5278,Jarvion Franklin,RB,RB,,26,Active,,,,unrostered_at_snapshot,unknown,,2026-09-07T02:33:19.257223Z
2026-09-07T02:33:19.433492Z,1389347524489277440,2026,False,11590,Jase McClellan,RB,RB,,23,Active,,,,unrostered_at_snapshot,unknown,,2026-09-07T02:33:19.257223Z
2026-09-07T02:33:19.433492Z,1389347524489277440,2026,False,8194,Jashaun Corbin,RB,RB,,26,Active,,,,unrostered_at_snapshot,unknown,,2026-09-07T02:33:19.257223Z
2026-09-07T02:33:19.433492Z,1389347524489277440,2026,False,7107,Jason Huntley,RB,RB,,25,Active,,,,unrostered_at_snapshot,unknown,,2026-09-07T02:33:19.257223Z
2026-09-07T02:33:19.433492Z,1389347524489277440,2026,False,7563,Javian Hawkins,RB,RB,,22,Active,,,,unrostered_at_snapshot,unknown,,2026-09-07T02:33:19.257223Z
2026-09-07T02:33:19.433492Z,1389347524489277440,2026,False,6966,Javon Leake,RB,RB,,23,Active,,,,unrostered_at_snapshot,unknown,,2026-09-07T02:33:19.257223Z
2026-09-07T02:33:19.433492Z,1389347524489277440,2026,False,2430,Javorius Allen,RB,RB,,30,Active,,,,unrostered_at_snapshot,unknown,,2026-09-07T02:33:19.257223Z
2026-09-07T02:33:19.433492Z,1389347524489277440,2026,False,2767,Jawon Chisholm,RB,RB,,33,Active,,,,unrostered_at_snapshot,unknown,,2026-09-07T02:33:19.257223Z
2026-09-07T02:33:19.433492Z,1389347524489277440,2026,False,2452,Jay Ajayi,RB,RB,,28,Injured Reserve,,,,unrostered_at_snapshot,unknown,,2026-09-07T02:33:19.257223Z
2026-09-07T02:33:19.433492Z,1389347524489277440,2026,False,5107,Jaylen Samuels,RB,RB,,25,Active,,,,unrostered_at_snapshot,unknown,,2026-09-07T02:33:19.257223Z
2026-09-07T02:33:19.433492Z,1389347524489277440,2026,False,5284,Jeff Wilson,RB,RB,,30,Active,,,,unrostered_at_snapshot,unknown,,2026-09-07T02:33:19.257223Z
2026-09-07T02:33:19.433492Z,1389347524489277440,2026,False,2161,Jerick McKinnon,RB,RB,,32,Active,,,,unrostered_at_snapshot,unknown,,2026-09-07T02:33:19.257223Z
2026-09-07T02:33:19.433492Z,1389347524489277440,2026,False,8120,Jerrion Ealy,RB,RB,,23,Active,,,,unrostered_at_snapshot,unknown,,2026-09-07T02:33:19.257223Z
2026-09-07T02:33:19.433492Z,1389347524489277440,2026,False,4018,Joe Mixon,RB,RB,,29,Active,Questionable,,,unrostered_at_snapshot,unknown,,2026-09-07T02:33:19.257223Z
2026-09-07T02:33:19.433492Z,1389347524489277440,2026,False,4042,Joe Williams,RB,RB,,28,Active,,,,unrostered_at_snapshot,unknown,,2026-09-07T02:33:19.257223Z
2026-09-07T02:33:19.433492Z,1389347524489277440,2026,False,4548,Joel Bouagnon,RB,RB,,26,Active,,,,unrostered_at_snapshot,unknown,,2026-09-07T02:33:19.257223Z
2026-09-07T02:33:19.433492Z,1389347524489277440,2026,False,5550,John David Moore,RB,RB,,26,Active,,,,unrostered_at_snapshot,unknown,,2026-09-07T02:33:19.257223Z
2026-09-07T02:33:19.433492Z,1389347524489277440,2026,False,5076,John Kelly,RB,RB,,28,Active,,,,unrostered_at_snapshot,unknown,,2026-09-07T02:33:19.257223Z
2026-09-07T02:33:19.433492Z,1389347524489277440,2026,False,8568,John Lovett,RB,RB,,23,Active,,,,unrostered_at_snapshot,unknown,,2026-09-07T02:33:19.257223Z
2026-09-07T02:33:19.433492Z,1389347524489277440,2026,False,4504,John Robinson-Woodgett,RB,RB,,28,Active,,,,unrostered_at_snapshot,unknown,,2026-09-07T02:33:19.257223Z
2026-09-07T02:33:19.433492Z,1389347524489277440,2026,False,6446,Jon Hilliman,RB,RB,,26,Active,,,,unrostered_at_snapshot,unknown,,2026-09-07T02:33:19.257223Z
2026-09-07T02:33:19.433492Z,1389347524489277440,2026,False,218,Jonathan Stewart,RB,RB,,34,Injured Reserve,,,,unrostered_at_snapshot,unknown,,2026-09-07T02:33:19.257223Z
2026-09-07T02:33:19.433492Z,1389347524489277440,2026,False,3312,Jonathan Williams,RB,RB,,30,Active,,,,unrostered_at_snapshot,unknown,,2026-09-07T02:33:19.257223Z
2026-09-07T02:33:19.433492Z,1389347524489277440,2026,False,6318,Jordan Ellis,RB,RB,,25,Active,,,,unrostered_at_snapshot,unknown,,2026-09-07T02:33:19.257223Z
2026-09-07T02:33:19.433492Z,1389347524489277440,2026,False,3306,Jordan Howard,RB,RB,,28,Active,,,,unrostered_at_snapshot,unknown,,2026-09-07T02:33:19.257223Z
2026-09-07T02:33:19.433492Z,1389347524489277440,2026,False,4537,Jordan Johnson,RB,RB,,27,Active,,,,unrostered_at_snapshot,unknown,,2026-09-07T02:33:19.257223Z
2026-09-07T02:33:19.433492Z,1389347524489277440,2026,False,11378,Jordan Mims,RB,RB,,27,Active,,,,unrostered_at_snapshot,unknown,,2026-09-07T02:33:19.257223Z
2026-09-07T02:33:19.433492Z,1389347524489277440,2026,False,14018,Jordan Nubin,RB,RB,,,Active,,,,unrostered_at_snapshot,unknown,,2026-09-07T02:33:19.257223Z
2026-09-07T02:33:19.433492Z,1389347524489277440,2026,False,11975,Jordan Terrell,RB,RB,,24,Active,,,,unrostered_at_snapshot,unknown,,2026-09-07T02:33:19.257223Z
2026-09-07T02:33:19.433492Z,1389347524489277440,2026,False,5100,Jordan Wilkins,RB,RB,,29,Active,,,,unrostered_at_snapshot,unknown,,2026-09-07T02:33:19.257223Z
2026-09-07T02:33:19.433492Z,1389347524489277440,2026,False,13930,Jordon Vaughn,RB,RB,,,Active,,,,unrostered_at_snapshot,unknown,,2026-09-07T02:33:19.257223Z
2026-09-07T02:33:19.433492Z,1389347524489277440,2026,False,5136,Josh Adams,RB,RB,,25,Active,,,,unrostered_at_snapshot,unknown,,2026-09-07T02:33:19.257223Z
2026-09-07T02:33:19.433492Z,1389347524489277440,2026,False,6710,Josh Caldwell,RB,RB,,25,Active,,,,unrostered_at_snapshot,unknown,,2026-09-07T02:33:19.257223Z
2026-09-07T02:33:19.433492Z,1389347524489277440,2026,False,3453,Josh Ferguson,RB,RB,,28,Active,,,,unrostered_at_snapshot,unknown,,2026-09-07T02:33:19.257223Z
2026-09-07T02:33:19.433492Z,1389347524489277440,2026,False,13768,Josh Pitsenburger,RB,RB,,,Active,,,,unrostered_at_snapshot,unknown,,2026-09-07T02:33:19.257223Z
2026-09-07T02:33:19.433492Z,1389347524489277440,2026,False,4797,Josh Rounds,RB,RB,,28,Active,,,,unrostered_at_snapshot,unknown,,2026-09-07T02:33:19.257223Z
2026-09-07T02:33:19.433492Z,1389347524489277440,2026,False,7045,Joshua Kelley,RB,RB,,27,Active,,,,unrostered_at_snapshot,unknown,,2026-09-07T02:33:19.257223Z
2026-09-07T02:33:19.433492Z,1389347524489277440,2026,False,14001,Julius Davis,RB,RB,,,Active,,,,unrostered_at_snapshot,unknown,,2026-09-07T02:33:19.257223Z
2026-09-07T02:33:19.433492Z,1389347524489277440,2026,False,5398,Justin Crawford,RB,RB,,26,Active,,,,unrostered_at_snapshot,unknown,,2026-09-07T02:33:19.257223Z
2026-09-07T02:33:19.433492Z,1389347524489277440,2026,False,5131,Justin Jackson,RB,RB,,26,Active,,,,unrostered_at_snapshot,unknown,,2026-09-07T02:33:19.257223Z
2026-09-07T02:33:19.433492Z,1389347524489277440,2026,False,14076,Justin Jones,RB,RB,,,Active,,,,unrostered_at_snapshot,unknown,,2026-09-07T02:33:19.257223Z
2026-09-07T02:33:19.433492Z,1389347524489277440,2026,False,5800,Justin Stockton,RB,RB,,26,Active,,,,unrostered_at_snapshot,unknown,,2026-09-07T02:33:19.257223Z
2026-09-07T02:33:19.433492Z,1389347524489277440,2026,False,12188,Justin Strong,RB,RB,,,Active,,,,unrostered_at_snapshot,unknown,,2026-09-07T02:33:19.257223Z
2026-09-07T02:33:19.433492Z,1389347524489277440,2026,False,2104,Ka'Deem Carey,RB,RB,,27,Injured Reserve,,,,unrostered_at_snapshot,unknown,,2026-09-07T02:33:19.257223Z
2026-09-07T02:33:19.433492Z,1389347524489277440,2026,False,12434,Kairee Robinson,RB,RB,,,Active,,,,unrostered_at_snapshot,unknown,,2026-09-07T02:33:19.257223Z
2026-09-07T02:33:19.433492Z,1389347524489277440,2026,False,4994,Kalen Ballage,RB,RB,,26,Active,,,,unrostered_at_snapshot,unknown,,2026-09-07T02:33:19.257223Z
2026-09-07T02:33:19.433492Z,1389347524489277440,2026,False,4385,Kalif Phillips,RB,RB,,27,Active,,,,unrostered_at_snapshot,unknown,,2026-09-07T02:33:19.257223Z
2026-09-07T02:33:19.433492Z,1389347524489277440,2026,False,5273,Kamryn Pettway,RB,RB,,26,Active,,,,unrostered_at_snapshot,unknown,,2026-09-07T02:33:19.257223Z
2026-09-07T02:33:19.433492Z,1389347524489277440,2026,False,4098,Kareem Hunt,RB,RB,,30,Active,,,,unrostered_at_snapshot,unknown,,2026-09-07T02:33:19.257223Z
2026-09-07T02:33:19.433492Z,1389347524489277440,2026,False,12963,Kayron Lynch-Adams,RB,RB,,,Active,,,,unrostered_at_snapshot,unknown,,2026-09-07T02:33:19.257223Z
2026-09-07T02:33:19.433492Z,1389347524489277440,2026,False,6885,Ke'Shawn Vaughn,RB,RB,,28,Active,,,,unrostered_at_snapshot,unknown,,2026-09-07T02:33:19.257223Z
2026-09-07T02:33:19.433492Z,1389347524489277440,2026,False,8221,Keaontay Ingram,RB,RB,,26,Active,,,,unrostered_at_snapshot,unknown,,2026-09-07T02:33:19.257223Z
2026-09-07T02:33:19.433492Z,1389347524489277440,2026,False,11773,Keilan Robinson,RB,RB,,26,Active,Questionable,,,unrostered_at_snapshot,unknown,,2026-09-07T02:33:19.257223Z
2026-09-07T02:33:19.433492Z,1389347524489277440,2026,False,3397,Keith Marshall,RB,RB,,27,Active,,,,unrostered_at_snapshot,unknown,,2026-09-07T02:33:19.257223Z
2026-09-07T02:33:19.433492Z,1389347524489277440,2026,False,13291,Kejon Owens,RB,RB,,,Active,Questionable,,,unrostered_at_snapshot,unknown,,2026-09-07T02:33:19.257223Z
2026-09-07T02:33:19.433492Z,1389347524489277440,2026,False,8152,Kennedy Brooks,RB,RB,,24,Active,,,,unrostered_at_snapshot,unknown,,2026-09-07T02:33:19.257223Z
2026-09-07T02:33:19.433492Z,1389347524489277440,2026,False,3208,Kenneth Dixon,RB,RB,,27,Active,,,,unrostered_at_snapshot,unknown,,2026-09-07T02:33:19.257223Z
2026-09-07T02:33:19.433492Z,1389347524489277440,2026,False,2730,Kenneth Harper,RB,RB,,32,Active,,,,unrostered_at_snapshot,unknown,,2026-09-07T02:33:19.257223Z
2026-09-07T02:33:19.433492Z,1389347524489277440,2026,False,10216,Kenny McIntosh,RB,RB,,26,Active,,,,unrostered_at_snapshot,unknown,,2026-09-07T02:33:19.257223Z
2026-09-07T02:33:19.433492Z,1389347524489277440,2026,False,3242,Kenyan Drake,RB,RB,,29,Active,,,,unrostered_at_snapshot,unknown,,2026-09-07T02:33:19.257223Z
2026-09-07T02:33:19.433492Z,1389347524489277440,2026,False,5068,Kerryon Johnson,RB,RB,,24,Active,,,,unrostered_at_snapshot,unknown,,2026-09-07T02:33:19.257223Z
2026-09-07T02:33:19.433492Z,1389347524489277440,2026,False,2927,Keshawn Hill,RB,RB,,31,Active,,,,unrostered_at_snapshot,unknown,,2026-09-07T02:33:19.257223Z
2026-09-07T02:33:19.433492Z,1389347524489277440,2026,False,8174,Kevin Harris,RB,RB,,24,Active,,,,unrostered_at_snapshot,unknown,,2026-09-07T02:33:19.257223Z
2026-09-07T02:33:19.433492Z,1389347524489277440,2026,False,8424,Kevin Marks,RB,RB,,24,Active,,,,unrostered_at_snapshot,unknown,,2026-09-07T02:33:19.257223Z
2026-09-07T02:33:19.433492Z,1389347524489277440,2026,False,13831,Kevorian Barnes,RB,RB,,,Active,,,,unrostered_at_snapshot,unknown,,2026-09-07T02:33:19.257223Z
2026-09-07T02:33:19.433492Z,1389347524489277440,2026,False,11176,Khalan Laborn,RB,RB,,24,Active,,,,unrostered_at_snapshot,unknown,,2026-09-07T02:33:19.257223Z
2026-09-07T02:33:19.433492Z,1389347524489277440,2026,False,4283,Khalfani Muhammad,RB,RB,,27,Active,,,,unrostered_at_snapshot,unknown,,2026-09-07T02:33:19.257223Z
2026-09-07T02:33:19.433492Z,1389347524489277440,2026,False,4697,Khalid Abdullah,RB,RB,,26,Active,,,,unrostered_at_snapshot,unknown,,2026-09-07T02:33:19.257223Z
2026-09-07T02:33:19.433492Z,1389347524489277440,2026,False,7608,Khalil Herbert,RB,RB,,28,Active,,,,unrostered_at_snapshot,unknown,,2026-09-07T02:33:19.257223Z
2026-09-07T02:33:19.433492Z,1389347524489277440,2026,False,12026,Kobe Lewis,RB,RB,,24,Active,,,,unrostered_at_snapshot,unknown,,2026-09-07T02:33:19.257223Z
2026-09-07T02:33:19.433492Z,1389347524489277440,2026,False,5801,Kobe McCrary,RB,RB,,27,Active,,,,unrostered_at_snapshot,unknown,,2026-09-07T02:33:19.257223Z
2026-09-07T02:33:19.433492Z,1389347524489277440,2026,False,7572,Kylin Hill,RB,RB,,24,Active,,,,unrostered_at_snapshot,unknown,,2026-09-07T02:33:19.257223Z
2026-09-07T02:33:19.433492Z,1389347524489277440,2026,False,6161,L.J. Scott,RB,RB,,25,Active,,,,unrostered_at_snapshot,unknown,,2026-09-07T02:33:19.257223Z
2026-09-07T02:33:19.433492Z,1389347524489277440,2026,False,12306,La'Damian Webb,RB,RB,,,Active,,,,unrostered_at_snapshot,unknown,,2026-09-07T02:33:19.257223Z
2026-09-07T02:33:19.433492Z,1389347524489277440,2026,False,6908,La'Mical Perine,RB,RB,,26,Active,,,,unrostered_at_snapshot,unknown,,2026-09-07T02:33:19.257223Z
2026-09-07T02:33:19.433492Z,1389347524489277440,2026,False,1048,Lamar Miller,RB,RB,,30,Active,,,,unrostered_at_snapshot,unknown,,2026-09-07T02:33:19.257223Z
2026-09-07T02:33:19.433492Z,1389347524489277440,2026,False,7574,Larry Rountree,RB,RB,,24,Active,,,,unrostered_at_snapshot,unknown,,2026-09-07T02:33:19.257223Z
2026-09-07T02:33:19.433492Z,1389347524489277440,2026,False,1476,Latavius Murray,RB,RB,,34,Active,,,,unrostered_at_snapshot,unknown,,2026-09-07T02:33:19.257223Z
2026-09-07T02:33:19.433492Z,1389347524489277440,2026,False,13242,Lawrance Toafili,RB,RB,,24,Active,,,,unrostered_at_snapshot,unknown,,2026-09-07T02:33:19.257223Z
2026-09-07T02:33:19.433492Z,1389347524489277440,2026,False,1408,Le'Veon Bell,RB,RB,,29,Active,,,,unrostered_at_snapshot,unknown,,2026-09-07T02:33:19.257223Z
2026-09-07T02:33:19.433492Z,1389347524489277440,2026,False,13300,Le'Veon Moss,RB,RB,,,Active,NA,,,unrostered_at_snapshot,unknown,,2026-09-07T02:33:19.257223Z
2026-09-07T02:33:19.433492Z,1389347524489277440,2026,False,8217,Leddie Brown,RB,RB,,22,Active,,,,unrostered_at_snapshot,unknown,,2026-09-07T02:33:19.257223Z
2026-09-07T02:33:19.433492Z,1389347524489277440,2026,False,2945,Lee Ward,RB,RB,,33,Active,,,,unrostered_at_snapshot,unknown,,2026-09-07T02:33:19.257223Z
2026-09-07T02:33:19.433492Z,1389347524489277440,2026,False,730,LeGarrette Blount,RB,RB,,35,Injured Reserve,,,,unrostered_at_snapshot,unknown,,2026-09-07T02:33:19.257223Z
2026-09-07T02:33:19.433492Z,1389347524489277440,2026,False,4636,Lenard Tillery,RB,RB,,28,Active,,,,unrostered_at_snapshot,unknown,,2026-09-07T02:33:19.257223Z
2026-09-07T02:33:19.433492Z,1389347524489277440,2026,False,3969,Leonard Fournette,RB,RB,,28,Active,,,,unrostered_at_snapshot,unknown,,2026-09-07T02:33:19.257223Z
2026-09-07T02:33:19.433492Z,1389347524489277440,2026,False,676,LeSean McCoy,RB,RB,,33,Injured Reserve,,,,unrostered_at_snapshot,unknown,,2026-09-07T02:33:19.257223Z
2026-09-07T02:33:19.433492Z,1389347524489277440,2026,False,6959,LeVante Bellamy,RB,RB,,25,Active,,,,unrostered_at_snapshot,unknown,,2026-09-07T02:33:19.257223Z
2026-09-07T02:33:19.433492Z,1389347524489277440,2026,False,13352,Lincoln Pare,RB,RB,,25,Active,Questionable,,,unrostered_at_snapshot,unknown,,2026-09-07T02:33:19.257223Z
2026-09-07T02:33:19.433492Z,1389347524489277440,2026,False,12226,Lorenzo Lingard,RB,RB,,25,Active,,,,unrostered_at_snapshot,unknown,,2026-09-07T02:33:19.257223Z
2026-09-07T02:33:19.433492Z,1389347524489277440,2026,False,11652,Louis Rees-Zammit,RB,RB,,24,Active,,,,unrostered_at_snapshot,unknown,,2026-09-07T02:33:19.257223Z
2026-09-07T02:33:19.433492Z,1389347524489277440,2026,False,2914,Luke Lundy,RB,RB,,36,Active,,,,unrostered_at_snapshot,unknown,,2026-09-07T02:33:19.257223Z
2026-09-07T02:33:19.433492Z,1389347524489277440,2026,False,2588,Malcolm Brown,RB,RB,,29,Active,,,,unrostered_at_snapshot,unknown,,2026-09-07T02:33:19.257223Z
2026-09-07T02:33:19.433492Z,1389347524489277440,2026,False,5144,Malik Williams,RB,RB,,25,Active,,,,unrostered_at_snapshot,unknown,,2026-09-07T02:33:19.257223Z
2026-09-07T02:33:19.433492Z,1389347524489277440,2026,False,6700,Marcelias Sutton,RB,RB,,,Active,,,,unrostered_at_snapshot,unknown,,2026-09-07T02:33:19.257223Z
2026-09-07T02:33:19.433492Z,1389347524489277440,2026,False,11222,Marcus Cooper,RB,RB,,,Active,,,,unrostered_at_snapshot,unknown,,2026-09-07T02:33:19.257223Z
2026-09-07T02:33:19.433492Z,1389347524489277440,2026,False,13154,Marcus Major,RB,RB,,25,Active,,,,unrostered_at_snapshot,unknown,,2026-09-07T02:33:19.257223Z
2026-09-07T02:33:19.433492Z,1389347524489277440,2026,False,5558,Marcus Martin,RB,RB,,26,Active,,,,unrostered_at_snapshot,unknown,,2026-09-07T02:33:19.257223Z
2026-09-07T02:33:19.433492Z,1389347524489277440,2026,False,12546,Marcus Yarns,RB,RB,,24,Active,,,,unrostered_at_snapshot,unknown,,2026-09-07T02:33:19.257223Z
2026-09-07T02:33:19.433492Z,1389347524489277440,2026,False,13271,Mark Fletcher,RB,RB,,,Active,,,,unrostered_at_snapshot,unknown,,2026-09-07T02:33:19.257223Z
2026-09-07T02:33:19.433492Z,1389347524489277440,2026,False,5463,Mark Thompson,RB,RB,,27,Active,,,,unrostered_at_snapshot,unknown,,2026-09-07T02:33:19.257223Z
2026-09-07T02:33:19.433492Z,1389347524489277440,2026,False,4997,Mark Walton,RB,RB,,24,Active,,,,unrostered_at_snapshot,unknown,,2026-09-07T02:33:19.257223Z
2026-09-07T02:33:19.433492Z,1389347524489277440,2026,False,2943,Mark Weisman,RB,RB,,33,Active,,,,unrostered_at_snapshot,unknown,,2026-09-07T02:33:19.257223Z
2026-09-07T02:33:19.433492Z,1389347524489277440,2026,False,12341,Markese Stepp,RB,RB,,24,Active,,,,unrostered_at_snapshot,unknown,,2026-09-07T02:33:19.257223Z
2026-09-07T02:33:19.433492Z,1389347524489277440,2026,False,4152,Marlon Mack,RB,RB,,28,Active,,,,unrostered_at_snapshot,unknown,,2026-09-07T02:33:19.257223Z
2026-09-07T02:33:19.433492Z,1389347524489277440,2026,False,6742,Marquis Young,RB,RB,,26,Active,,,,unrostered_at_snapshot,unknown,,2026-09-07T02:33:19.257223Z
2026-09-07T02:33:19.433492Z,1389347524489277440,2026,False,3531,Marshaun Coprich,RB,RB,,30,Active,,,,unrostered_at_snapshot,unknown,,2026-09-07T02:33:19.257223Z
2026-09-07T02:33:19.433492Z,1389347524489277440,2026,False,745,Marshawn Lynch,RB,RB,,35,Injured Reserve,,,,unrostered_at_snapshot,unknown,,2026-09-07T02:33:19.257223Z
2026-09-07T02:33:19.433492Z,1389347524489277440,2026,False,5138,Martez Carter,RB,RB,,28,Active,,,,unrostered_at_snapshot,unknown,,2026-09-07T02:33:19.257223Z
2026-09-07T02:33:19.433492Z,1389347524489277440,2026,False,8149,Master Teague,RB,RB,,23,Active,,,,unrostered_at_snapshot,unknown,,2026-09-07T02:33:19.257223Z
2026-09-07T02:33:19.433492Z,1389347524489277440,2026,False,8233,Mataeo Durant,RB,RB,,23,Active,,,,unrostered_at_snapshot,unknown,,2026-09-07T02:33:19.257223Z
2026-09-07T02:33:19.433492Z,1389347524489277440,2026,False,12288,Mathieu Severance,RB,RB,,,Active,,,,unrostered_at_snapshot,unknown,,2026-09-07T02:33:19.257223Z
2026-09-07T02:33:19.433492Z,1389347524489277440,2026,False,4455,Matt Breida,RB,RB,,29,Active,,,,unrostered_at_snapshot,unknown,,2026-09-07T02:33:19.257223Z
2026-09-07T02:33:19.433492Z,1389347524489277440,2026,False,6352,Matt Colburn,RB,RB,,27,Active,,,,unrostered_at_snapshot,unknown,,2026-09-07T02:33:19.257223Z
2026-09-07T02:33:19.433492Z,1389347524489277440,2026,False,6385,Matt Colburn,RB,RB,,25,Active,,,,unrostered_at_snapshot,unknown,,2026-09-07T02:33:19.257223Z
2026-09-07T02:33:19.433492Z,1389347524489277440,2026,False,8218,Max Borghi,RB,RB,,22,Active,,,,unrostered_at_snapshot,unknown,,2026-09-07T02:33:19.257223Z
2026-09-07T02:33:19.433492Z,1389347524489277440,2026,False,8085,Mekhi Sargent,RB,RB,,25,Active,,,,unrostered_at_snapshot,unknown,,2026-09-07T02:33:19.257223Z
2026-09-07T02:33:19.433492Z,1389347524489277440,2026,False,2320,Melvin Gordon,RB,RB,,30,Active,,,,unrostered_at_snapshot,unknown,,2026-09-07T02:33:19.257223Z
2026-09-07T02:33:19.433492Z,1389347524489277440,2026,False,13125,Micah Bernard,RB,RB,,24,Active,,,,unrostered_at_snapshot,unknown,,2026-09-07T02:33:19.257223Z
2026-09-07T02:33:19.433492Z,1389347524489277440,2026,False,2597,Michael Dyer,RB,RB,,34,Active,,,,unrostered_at_snapshot,unknown,,2026-09-07T02:33:19.257223Z
2026-09-07T02:33:19.433492Z,1389347524489277440,2026,False,12284,Michael Herzog,RB,RB,,,Active,,,,unrostered_at_snapshot,unknown,,2026-09-07T02:33:19.257223Z
2026-09-07T02:33:19.433492Z,1389347524489277440,2026,False,11943,Michael Wiley,RB,RB,,24,Active,,,,unrostered_at_snapshot,unknown,,2026-09-07T02:33:19.257223Z
2026-09-07T02:33:19.433492Z,1389347524489277440,2026,False,5209,Mike Boone,RB,RB,,30,Active,,,,unrostered_at_snapshot,unknown,,2026-09-07T02:33:19.257223Z
2026-09-07T02:33:19.433492Z,1389347524489277440,2026,False,2431,Mike Davis,RB,RB,,29,Active,,,,unrostered_at_snapshot,unknown,,2026-09-07T02:33:19.257223Z
2026-09-07T02:33:19.433492Z,1389347524489277440,2026,False,7172,Mikey Daniel,RB,RB,,25,Active,,,,unrostered_at_snapshot,unknown,,2026-09-07T02:33:19.257223Z
2026-09-07T02:33:19.433492Z,1389347524489277440,2026,False,14044,Miles Davis,RB,RB,,26,Active,,,,unrostered_at_snapshot,unknown,,2026-09-07T02:33:19.257223Z
2026-09-07T02:33:19.433492Z,1389347524489277440,2026,False,6151,Miles Sanders,RB,RB,,28,Active,,,,unrostered_at_snapshot,unknown,,2026-09-07T02:33:19.257223Z
2026-09-07T02:33:19.433492Z,1389347524489277440,2026,False,10651,Mohamed Ibrahim,RB,RB,,25,Active,,,,unrostered_at_snapshot,unknown,,2026-09-07T02:33:19.257223Z
2026-09-07T02:33:19.433492Z,1389347524489277440,2026,False,5980,Myles Gaskin,RB,RB,,28,Active,,,,unrostered_at_snapshot,unknown,,2026-09-07T02:33:19.257223Z
2026-09-07T02:33:19.433492Z,1389347524489277440,2026,False,13964,Myles Montgomery,RB,RB,,,Active,IR,,,unrostered_at_snapshot,unknown,,2026-09-07T02:33:19.257223Z
2026-09-07T02:33:19.433492Z,1389347524489277440,2026,False,8058,Nate McCrary,RB,RB,,25,Active,,,,unrostered_at_snapshot,unknown,,2026-09-07T02:33:19.257223Z
2026-09-07T02:33:19.433492Z,1389347524489277440,2026,False,12859,Nate Noel,RB,RB,,23,Active,,,,unrostered_at_snapshot,unknown,,2026-09-07T02:33:19.257223Z
2026-09-07T02:33:19.433492Z,1389347524489277440,2026,False,7466,Nathan Cottrell,RB,RB,,26,Active,,,,unrostered_at_snapshot,unknown,,2026-09-07T02:33:19.257223Z
2026-09-07T02:33:19.433492Z,1389347524489277440,2026,False,12007,Nathaniel Peat,RB,RB,,24,Active,,,,unrostered_at_snapshot,unknown,,2026-09-07T02:33:19.257223Z
2026-09-07T02:33:19.433492Z,1389347524489277440,2026,False,13250,Nay'Quan Wright,RB,RB,,,Active,,,,unrostered_at_snapshot,unknown,,2026-09-07T02:33:19.257223Z
2026-09-07T02:33:19.433492Z,1389347524489277440,2026,False,6021,Nick Brossette,RB,RB,,25,Active,,,,unrostered_at_snapshot,unknown,,2026-09-07T02:33:19.257223Z
2026-09-07T02:33:19.433492Z,1389347524489277440,2026,False,4988,Nick Chubb,RB,RB,,30,Active,,,,unrostered_at_snapshot,unknown,,2026-09-07T02:33:19.257223Z
2026-09-07T02:33:19.433492Z,1389347524489277440,2026,False,7941,Nick Ralston,RB,RB,,25,Active,,,,unrostered_at_snapshot,unknown,,2026-09-07T02:33:19.257223Z
2026-09-07T02:33:19.433492Z,1389347524489277440,2026,False,6637,Nico Evans,RB,RB,,25,Active,,,,unrostered_at_snapshot,unknown,,2026-09-07T02:33:19.257223Z
2026-09-07T02:33:19.433492Z,1389347524489277440,2026,False,12061,Noah Cain,RB,RB,,24,Active,,,,unrostered_at_snapshot,unknown,,2026-09-07T02:33:19.257223Z
2026-09-07T02:33:19.433492Z,1389347524489277440,2026,False,5347,Nyheim Miller-Hines,RB,RB,,29,Active,,,,unrostered_at_snapshot,unknown,,2026-09-07T02:33:19.257223Z
2026-09-07T02:33:19.433492Z,1389347524489277440,2026,False,8077,Otis Anderson,RB,RB,,23,Active,,,,unrostered_at_snapshot,unknown,,2026-09-07T02:33:19.257223Z
2026-09-07T02:33:19.433492Z,1389347524489277440,2026,False,11384,Owen Wright,RB,RB,,27,Active,,,,unrostered_at_snapshot,unknown,,2026-09-07T02:33:19.257223Z
2026-09-07T02:33:19.433492Z,1389347524489277440,2026,False,7425,Patrick Carr,RB,RB,,26,Active,,,,unrostered_at_snapshot,unknown,,2026-09-07T02:33:19.257223Z
2026-09-07T02:33:19.433492Z,1389347524489277440,2026,False,6311,Patrick Laird,RB,RB,,28,Active,,,,unrostered_at_snapshot,unknown,,2026-09-07T02:33:19.257223Z
2026-09-07T02:33:19.433492Z,1389347524489277440,2026,False,3211,Paul Perkins,RB,RB,,27,Active,,,,unrostered_at_snapshot,unknown,,2026-09-07T02:33:19.257223Z
2026-09-07T02:33:19.433492Z,1389347524489277440,2026,False,7079,Pete Guerriero,RB,RB,,23,Active,,,,unrostered_at_snapshot,unknown,,2026-09-07T02:33:19.257223Z
2026-09-07T02:33:19.433492Z,1389347524489277440,2026,False,3594,Peyton Barber,RB,RB,,27,Active,,,,unrostered_at_snapshot,unknown,,2026-09-07T02:33:19.257223Z
2026-09-07T02:33:19.433492Z,1389347524489277440,2026,False,12738,Phil Mafah,RB,RB,,23,Active,,,,unrostered_at_snapshot,unknown,,2026-09-07T02:33:19.257223Z
2026-09-07T02:33:19.433492Z,1389347524489277440,2026,False,5170,Phillip Lindsay,RB,RB,,28,Active,,,,unrostered_at_snapshot,unknown,,2026-09-07T02:33:19.257223Z
2026-09-07T02:33:19.433492Z,1389347524489277440,2026,False,7560,Pooka Williams,RB,RB,,23,Active,,,,unrostered_at_snapshot,unknown,,2026-09-07T02:33:19.257223Z
2026-09-07T02:33:19.433492Z,1389347524489277440,2026,False,6002,Qadree Ollison,RB,RB,,27,Active,,,,unrostered_at_snapshot,unknown,,2026-09-07T02:33:19.257223Z
2026-09-07T02:33:19.433492Z,1389347524489277440,2026,False,13088,Quali Conley,RB,RB,,23,Active,,,,unrostered_at_snapshot,unknown,,2026-09-07T02:33:19.257223Z
2026-09-07T02:33:19.433492Z,1389347524489277440,2026,False,3646,Quayvon Hicks,RB,RB,,27,Active,,,,unrostered_at_snapshot,unknown,,2026-09-07T02:33:19.257223Z
2026-09-07T02:33:19.433492Z,1389347524489277440,2026,False,2749,Raheem Mostert,RB,RB,,33,Active,Questionable,,,unrostered_at_snapshot,unknown,,2026-09-07T02:33:19.257223Z
2026-09-07T02:33:19.433492Z,1389347524489277440,2026,False,13323,Rahsul Faison,RB,RB,,,Active,,,,unrostered_at_snapshot,unknown,,2026-09-07T02:33:19.257223Z
2026-09-07T02:33:19.433492Z,1389347524489277440,2026,False,2142,Rajion Neal,RB,RB,,29,Active,,,,unrostered_at_snapshot,unknown,,2026-09-07T02:33:19.257223Z
2026-09-07T02:33:19.433492Z,1389347524489277440,2026,False,12402,Ramon Jefferson,RB,RB,,25,Active,,,,unrostered_at_snapshot,unknown,,2026-09-07T02:33:19.257223Z
2026-09-07T02:33:19.433492Z,1389347524489277440,2026,False,4985,Rashaad Penny,RB,RB,,28,Active,,,,unrostered_at_snapshot,unknown,,2026-09-07T02:33:19.257223Z
2026-09-07T02:33:19.433492Z,1389347524489277440,2026,False,2936,Rasheed Williams,RB,RB,,,Active,,,,unrostered_at_snapshot,unknown,,2026-09-07T02:33:19.257223Z
2026-09-07T02:33:19.433492Z,1389347524489277440,2026,False,5252,Ray Lawry,RB,RB,,25,Active,,,,unrostered_at_snapshot,unknown,,2026-09-07T02:33:19.257223Z
2026-09-07T02:33:19.433492Z,1389347524489277440,2026,False,6988,Raymond Calais,RB,RB,,24,Active,,,,unrostered_at_snapshot,unknown,,2026-09-07T02:33:19.257223Z
2026-09-07T02:33:19.433492Z,1389347524489277440,2026,False,5162,Reggie Bonnafon,RB,RB,,27,Active,,,,unrostered_at_snapshot,unknown,,2026-09-07T02:33:19.257223Z
2026-09-07T02:33:19.433492Z,1389347524489277440,2026,False,1387,Rex Burkhead,RB,RB,,32,Active,,,,unrostered_at_snapshot,unknown,,2026-09-07T02:33:19.257223Z
2026-09-07T02:33:19.433492Z,1389347524489277440,2026,False,8239,Ricky Person,RB,RB,,24,Active,,,,unrostered_at_snapshot,unknown,,2026-09-07T02:33:19.257223Z
2026-09-07T02:33:19.433492Z,1389347524489277440,2026,False,2600,Ricky Seale,RB,RB,,33,Active,,,,unrostered_at_snapshot,unknown,,2026-09-07T02:33:19.257223Z
2026-09-07T02:33:19.433492Z,1389347524489277440,2026,False,11060,Robert Burns,RB,RB,,26,Active,,,,unrostered_at_snapshot,unknown,,2026-09-07T02:33:19.257223Z
2026-09-07T02:33:19.433492Z,1389347524489277440,2026,False,5700,Robert Martin,RB,RB,,26,Active,,,,unrostered_at_snapshot,unknown,,2026-09-07T02:33:19.257223Z
2026-09-07T02:33:19.433492Z,1389347524489277440,2026,False,1232,Robert Turbin,RB,RB,,32,Active,,,,unrostered_at_snapshot,unknown,,2026-09-07T02:33:19.257223Z
2026-09-07T02:33:19.433492Z,1389347524489277440,2026,False,14008,Rodney Hammond,RB,RB,,24,Active,,,,unrostered_at_snapshot,unknown,,2026-09-07T02:33:19.257223Z
2026-09-07T02:33:19.433492Z,1389347524489277440,2026,False,2892,Rodney Smith,RB,RB,,30,Active,,,,unrostered_at_snapshot,unknown,,2026-09-07T02:33:19.257223Z
2026-09-07T02:33:19.433492Z,1389347524489277440,2026,False,7101,Rodney Smith,RB,RB,,25,Active,,,,unrostered_at_snapshot,unknown,,2026-09-07T02:33:19.257223Z
2026-09-07T02:33:19.433492Z,1389347524489277440,2026,False,3883,Romar Morris,RB,RB,,29,Active,,,,unrostered_at_snapshot,unknown,,2026-09-07T02:33:19.257223Z
2026-09-07T02:33:19.433492Z,1389347524489277440,2026,False,11182,Ronald Awatt,RB,RB,,25,Active,,,,unrostered_at_snapshot,unknown,,2026-09-07T02:33:19.257223Z
2026-09-07T02:33:19.433492Z,1389347524489277440,2026,False,4955,Ronald Jones,RB,RB,,27,Active,,,,unrostered_at_snapshot,unknown,,2026-09-07T02:33:19.257223Z
2026-09-07T02:33:19.433492Z,1389347524489277440,2026,False,5052,Ronald Jones,RB,RB,,26,Active,,,,unrostered_at_snapshot,unknown,,2026-09-07T02:33:19.257223Z
2026-09-07T02:33:19.433492Z,1389347524489277440,2026,False,11413,Ronnie Brown,RB,RB,,23,Active,,,,unrostered_at_snapshot,unknown,,2026-09-07T02:33:19.257223Z
2026-09-07T02:33:19.433492Z,1389347524489277440,2026,False,2981,Ross Scheuerman,RB,RB,,32,Active,,,,unrostered_at_snapshot,unknown,,2026-09-07T02:33:19.257223Z
2026-09-07T02:33:19.433492Z,1389347524489277440,2026,False,5046,Royce Freeman,RB,RB,,29,Active,,,,unrostered_at_snapshot,unknown,,2026-09-07T02:33:19.257223Z
2026-09-07T02:33:19.433492Z,1389347524489277440,2026,False,14064,Roydell Williams,RB,RB,,24,Active,,,,unrostered_at_snapshot,unknown,,2026-09-07T02:33:19.257223Z
2026-09-07T02:33:19.433492Z,1389347524489277440,2026,False,13128,Rushawn Baker,RB,RB,,22,Active,,,,unrostered_at_snapshot,unknown,,2026-09-07T02:33:19.257223Z
2026-09-07T02:33:19.433492Z,1389347524489277440,2026,False,4923,Rushel Shell,RB,RB,,28,Active,,,,unrostered_at_snapshot,unknown,,2026-09-07T02:33:19.257223Z
2026-09-07T02:33:19.433492Z,1389347524489277440,2026,False,6007,Ryquell Armstead,RB,RB,,25,Active,,,,unrostered_at_snapshot,unknown,,2026-09-07T02:33:19.257223Z
2026-09-07T02:33:19.433492Z,1389347524489277440,2026,False,12308,Samson Evans,RB,RB,,,Active,,,,unrostered_at_snapshot,unknown,,2026-09-07T02:33:19.257223Z
2026-09-07T02:33:19.433492Z,1389347524489277440,2026,False,7412,Sandro Platzgummer,RB,RB,,25,Active,,,,unrostered_at_snapshot,unknown,,2026-09-07T02:33:19.257223Z
2026-09-07T02:33:19.433492Z,1389347524489277440,2026,False,11104,SaRodorick Thompson,RB,RB,,24,Active,,,,unrostered_at_snapshot,unknown,,2026-09-07T02:33:19.257223Z
2026-09-07T02:33:19.433492Z,1389347524489277440,2026,False,7005,Scottie Phillips,RB,RB,,24,Active,,,,unrostered_at_snapshot,unknown,,2026-09-07T02:33:19.257223Z
2026-09-07T02:33:19.433492Z,1389347524489277440,2026,False,814,Shane Vereen,RB,RB,,31,Injured Reserve,,,,unrostered_at_snapshot,unknown,,2026-09-07T02:33:19.257223Z
2026-09-07T02:33:19.433492Z,1389347524489277440,2026,False,13255,Shane Watts,RB,RB,,,Active,,,,unrostered_at_snapshot,unknown,,2026-09-07T02:33:19.257223Z
2026-09-07T02:33:19.433492Z,1389347524489277440,2026,False,5395,Shaun Wilson,RB,RB,,26,Active,,,,unrostered_at_snapshot,unknown,,2026-09-07T02:33:19.257223Z
2026-09-07T02:33:19.433492Z,1389347524489277440,2026,False,5752,Sherman Badie,RB,RB,,27,Active,,,,unrostered_at_snapshot,unknown,,2026-09-07T02:33:19.257223Z
2026-09-07T02:33:19.433492Z,1389347524489277440,2026,False,8242,Shermari Jones,RB,RB,,,Active,,,,unrostered_at_snapshot,unknown,,2026-09-07T02:33:19.257223Z
2026-09-07T02:33:19.433492Z,1389347524489277440,2026,False,13145,ShunDerrick Powell,RB,RB,,23,Active,,,,unrostered_at_snapshot,unknown,,2026-09-07T02:33:19.257223Z
2026-09-07T02:33:19.433492Z,1389347524489277440,2026,False,3615,Sione Houma,RB,RB,,30,Active,,,,unrostered_at_snapshot,unknown,,2026-09-07T02:33:19.257223Z
2026-09-07T02:33:19.433492Z,1389347524489277440,2026,False,8179,Snoop Conner,RB,RB,,24,Active,,,,unrostered_at_snapshot,unknown,,2026-09-07T02:33:19.257223Z
2026-09-07T02:33:19.433492Z,1389347524489277440,2026,False,3640,Soma Vainuku,RB,RB,,29,Active,,,,unrostered_at_snapshot,unknown,,2026-09-07T02:33:19.257223Z
2026-09-07T02:33:19.433492Z,1389347524489277440,2026,False,13022,Sone Ntoh,RB,RB,,,Active,,,,unrostered_at_snapshot,unknown,,2026-09-07T02:33:19.257223Z
2026-09-07T02:33:19.433492Z,1389347524489277440,2026,False,4962,Sony Michel,RB,RB,,28,Active,,,,unrostered_at_snapshot,unknown,,2026-09-07T02:33:19.257223Z
2026-09-07T02:33:19.433492Z,1389347524489277440,2026,False,7867,Spencer Brown,RB,RB,,25,Active,,,,unrostered_at_snapshot,unknown,,2026-09-07T02:33:19.257223Z
2026-09-07T02:33:19.433492Z,1389347524489277440,2026,False,4373,Stanley Williams,RB,RB,,26,Active,,,,unrostered_at_snapshot,unknown,,2026-09-07T02:33:19.257223Z
2026-09-07T02:33:19.433492Z,1389347524489277440,2026,False,1841,Stephen Houston,RB,RB,,30,Active,,,,unrostered_at_snapshot,unknown,,2026-09-07T02:33:19.257223Z
2026-09-07T02:33:19.433492Z,1389347524489277440,2026,False,7904,Stevie Scott,RB,RB,,23,Active,,,,unrostered_at_snapshot,unknown,,2026-09-07T02:33:19.257223Z
2026-09-07T02:33:19.433492Z,1389347524489277440,2026,False,2949,Synjyn Days,RB,RB,,34,Active,,,,unrostered_at_snapshot,unknown,,2026-09-07T02:33:19.257223Z
2026-09-07T02:33:19.433492Z,1389347524489277440,2026,False,4186,T.J. Logan,RB,RB,,27,Active,,,,unrostered_at_snapshot,unknown,,2026-09-07T02:33:19.257223Z
2026-09-07T02:33:19.433492Z,1389347524489277440,2026,False,8407,T.J. Pledger,RB,RB,,22,Active,,,,unrostered_at_snapshot,unknown,,2026-09-07T02:33:19.257223Z
2026-09-07T02:33:19.433492Z,1389347524489277440,2026,False,886,Taiwan Jones,RB,RB,,35,Active,,,,unrostered_at_snapshot,unknown,,2026-09-07T02:33:19.257223Z
2026-09-07T02:33:19.433492Z,1389347524489277440,2026,False,6705,Taj McGowan,RB,RB,,25,Active,,,,unrostered_at_snapshot,unknown,,2026-09-07T02:33:19.257223Z
2026-09-07T02:33:19.433492Z,1389347524489277440,2026,False,12028,TaMerik Williams,RB,RB,,,Active,,,,unrostered_at_snapshot,unknown,,2026-09-07T02:33:19.257223Z
2026-09-07T02:33:19.433492Z,1389347524489277440,2026,False,4157,Tarik Cohen,RB,RB,,29,Active,,,,unrostered_at_snapshot,unknown,,2026-09-07T02:33:19.257223Z
2026-09-07T02:33:19.433492Z,1389347524489277440,2026,False,8707,Tayon Fleet-Davis,RB,RB,,,Active,,,,unrostered_at_snapshot,unknown,,2026-09-07T02:33:19.257223Z
2026-09-07T02:33:19.433492Z,1389347524489277440,2026,False,12039,TD Ayo-Durojaiye,RB,RB,,,Active,,,,unrostered_at_snapshot,unknown,,2026-09-07T02:33:19.257223Z
2026-09-07T02:33:19.433492Z,1389347524489277440,2026,False,13780,Terion Stewart,RB,RB,,24,Active,,,,unrostered_at_snapshot,unknown,,2026-09-07T02:33:19.257223Z
2026-09-07T02:33:19.433492Z,1389347524489277440,2026,False,4408,Terrell Newby,RB,RB,,26,Active,,,,unrostered_at_snapshot,unknown,,2026-09-07T02:33:19.257223Z
2026-09-07T02:33:19.433492Z,1389347524489277440,2026,False,2900,Terrence Franks,RB,RB,,32,Active,,,,unrostered_at_snapshot,unknown,,2026-09-07T02:33:19.257223Z
2026-09-07T02:33:19.433492Z,1389347524489277440,2026,False,5201,Terry Swanson,RB,RB,,25,Active,,,,unrostered_at_snapshot,unknown,,2026-09-07T02:33:19.257223Z
2026-09-07T02:33:19.433492Z,1389347524489277440,2026,False,2378,Tevin Coleman,RB,RB,,29,Active,,,,unrostered_at_snapshot,unknown,,2026-09-07T02:33:19.257223Z
2026-09-07T02:33:19.433492Z,1389347524489277440,2026,False,1517,Theo Riddick,RB,RB,,30,Injured Reserve,,,,unrostered_at_snapshot,unknown,,2026-09-07T02:33:19.257223Z
2026-09-07T02:33:19.433492Z,1389347524489277440,2026,False,4623,Tim Cook,RB,RB,,27,Active,,,,unrostered_at_snapshot,unknown,,2026-09-07T02:33:19.257223Z
2026-09-07T02:33:19.433492Z,1389347524489277440,2026,False,2200,Timothy Flanders,RB,RB,,33,Active,,,,unrostered_at_snapshot,unknown,,2026-09-07T02:33:19.257223Z
2026-09-07T02:33:19.433492Z,1389347524489277440,2026,False,9507,Titus Swen,RB,RB,,,Active,,,,unrostered_at_snapshot,unknown,,2026-09-07T02:33:19.257223Z
2026-09-07T02:33:19.433492Z,1389347524489277440,2026,False,9223,Tiyon Evans,RB,RB,,22,Active,,,,unrostered_at_snapshot,unknown,,2026-09-07T02:33:19.257223Z
2026-09-07T02:33:19.433492Z,1389347524489277440,2026,False,13750,TJ Harden,RB,RB,,22,Active,,,,unrostered_at_snapshot,unknown,,2026-09-07T02:33:19.257223Z
2026-09-07T02:33:19.433492Z,1389347524489277440,2026,False,13240,Toa Taua,RB,RB,,25,Active,,,,unrostered_at_snapshot,unknown,,2026-09-07T02:33:19.257223Z
2026-09-07T02:33:19.433492Z,1389347524489277440,2026,False,2315,Todd Gurley,RB,RB,,27,Active,,,,unrostered_at_snapshot,unknown,,2026-09-07T02:33:19.257223Z
2026-09-07T02:33:19.433492Z,1389347524489277440,2026,False,6585,Tony Brooks-James,RB,RB,,27,Active,,,,unrostered_at_snapshot,unknown,,2026-09-07T02:33:19.257223Z
2026-09-07T02:33:19.433492Z,1389347524489277440,2026,False,2875,Tony Creecy,RB,RB,,32,Active,,,,unrostered_at_snapshot,unknown,,2026-09-07T02:33:19.257223Z
2026-09-07T02:33:19.433492Z,1389347524489277440,2026,False,6984,Tony Jones,RB,RB,,27,Active,,,,unrostered_at_snapshot,unknown,,2026-09-07T02:33:19.257223Z
2026-09-07T02:33:19.433492Z,1389347524489277440,2026,False,11538,Toriano Clinton,RB,RB,,,Active,,,,unrostered_at_snapshot,unknown,,2026-09-07T02:33:19.257223Z
2026-09-07T02:33:19.433492Z,1389347524489277440,2026,False,3688,Tra Carson,RB,RB,,29,Active,,,,unrostered_at_snapshot,unknown,,2026-09-07T02:33:19.257223Z
2026-09-07T02:33:19.433492Z,1389347524489277440,2026,False,10865,Travis Dye,RB,RB,,24,Active,,,,unrostered_at_snapshot,unknown,,2026-09-07T02:33:19.257223Z
2026-09-07T02:33:19.433492Z,1389347524489277440,2026,False,6236,Travon McMillian,RB,RB,,25,Active,,,,unrostered_at_snapshot,unknown,,2026-09-07T02:33:19.257223Z
2026-09-07T02:33:19.433492Z,1389347524489277440,2026,False,6506,Trayone Gray,RB,RB,,26,Active,,,,unrostered_at_snapshot,unknown,,2026-09-07T02:33:19.257223Z
2026-09-07T02:33:19.433492Z,1389347524489277440,2026,False,6144,Trayveon Williams,RB,RB,,28,Active,,,,unrostered_at_snapshot,unknown,,2026-09-07T02:33:19.257223Z
2026-09-07T02:33:19.433492Z,1389347524489277440,2026,False,8027,Tre Harbison,RB,RB,,23,Active,,,,unrostered_at_snapshot,unknown,,2026-09-07T02:33:19.257223Z
2026-09-07T02:33:19.433492Z,1389347524489277440,2026,False,12940,Tre Stewart,RB,RB,,23,Active,,,,unrostered_at_snapshot,unknown,,2026-09-07T02:33:19.257223Z
2026-09-07T02:33:19.433492Z,1389347524489277440,2026,False,13673,Trent Battle,RB,RB,,,Active,,,,unrostered_at_snapshot,unknown,,2026-09-07T02:33:19.257223Z
2026-09-07T02:33:19.433492Z,1389347524489277440,2026,False,13996,Trent Howland,RB,RB,,,Active,,,,unrostered_at_snapshot,unknown,,2026-09-07T02:33:19.257223Z
2026-09-07T02:33:19.433492Z,1389347524489277440,2026,False,8189,Trestan Ebner,RB,RB,,24,Active,,,,unrostered_at_snapshot,unknown,,2026-09-07T02:33:19.257223Z
2026-09-07T02:33:19.433492Z,1389347524489277440,2026,False,4696,Trey Edmunds,RB,RB,,27,Active,,,,unrostered_at_snapshot,unknown,,2026-09-07T02:33:19.257223Z
2026-09-07T02:33:19.433492Z,1389347524489277440,2026,False,2262,Trey Millard,RB,RB,,30,Active,,,,unrostered_at_snapshot,unknown,,2026-09-07T02:33:19.257223Z
2026-09-07T02:33:19.433492Z,1389347524489277440,2026,False,12166,Trey Potts,RB,RB,,,Active,,,,unrostered_at_snapshot,unknown,,2026-09-07T02:33:19.257223Z
2026-09-07T02:33:19.433492Z,1389347524489277440,2026,False,7993,Trey Ragas,RB,RB,,25,Active,,,,unrostered_at_snapshot,unknown,,2026-09-07T02:33:19.257223Z
2026-09-07T02:33:19.433492Z,1389347524489277440,2026,False,2633,Trey Williams,RB,RB,,27,Injured Reserve,,,,unrostered_at_snapshot,unknown,,2026-09-07T02:33:19.257223Z
2026-09-07T02:33:19.433492Z,1389347524489277440,2026,False,8820,Troy Hairston,RB,RB,,26,Active,,,,unrostered_at_snapshot,unknown,,2026-09-07T02:33:19.257223Z
2026-09-07T02:33:19.433492Z,1389347524489277440,2026,False,3934,Troymaine Pope,RB,RB,,28,Active,,,,unrostered_at_snapshot,unknown,,2026-09-07T02:33:19.257223Z
2026-09-07T02:33:19.433492Z,1389347524489277440,2026,False,2399,Ty Montgomery,RB,RB,,30,Active,,,,unrostered_at_snapshot,unknown,,2026-09-07T02:33:19.257223Z
2026-09-07T02:33:19.433492Z,1389347524489277440,2026,False,7098,Ty'Son Williams,RB,RB,,26,Active,,,,unrostered_at_snapshot,unknown,,2026-09-07T02:33:19.257223Z
2026-09-07T02:33:19.433492Z,1389347524489277440,2026,False,11123,Tyler Hoosman,RB,RB,,24,Active,,,,unrostered_at_snapshot,unknown,,2026-09-07T02:33:19.257223Z
2026-09-07T02:33:19.433492Z,1389347524489277440,2026,False,4463,Tyler McCloskey,RB,RB,,27,Active,,,,unrostered_at_snapshot,unknown,,2026-09-07T02:33:19.257223Z
2026-09-07T02:33:19.433492Z,1389347524489277440,2026,False,4305,Tyler Renew,RB,RB,,27,Active,,,,unrostered_at_snapshot,unknown,,2026-09-07T02:33:19.257223Z
2026-09-07T02:33:19.433492Z,1389347524489277440,2026,False,8749,Tyreik McAllister,RB,RB,,27,Active,,,,unrostered_at_snapshot,unknown,,2026-09-07T02:33:19.257223Z
2026-09-07T02:33:19.433492Z,1389347524489277440,2026,False,8211,Tyrion Davis-Price,RB,RB,,24,Active,,,,unrostered_at_snapshot,unknown,,2026-09-07T02:33:19.257223Z
2026-09-07T02:33:19.433492Z,1389347524489277440,2026,False,12826,Ulysses Bentley,RB,RB,,25,Active,,,,unrostered_at_snapshot,unknown,,2026-09-07T02:33:19.257223Z
2026-09-07T02:33:19.433492Z,1389347524489277440,2026,False,6203,Valentine Holmes,RB,RB,,26,Active,,,,unrostered_at_snapshot,unknown,,2026-09-07T02:33:19.257223Z
2026-09-07T02:33:19.433492Z,1389347524489277440,2026,False,4150,Wayne Gallman,RB,RB,,28,Active,,,,unrostered_at_snapshot,unknown,,2026-09-07T02:33:19.257223Z
2026-09-07T02:33:19.433492Z,1389347524489277440,2026,False,11537,Wayne Taulapapa,RB,RB,,25,Active,,,,unrostered_at_snapshot,unknown,,2026-09-07T02:33:19.257223Z
2026-09-07T02:33:19.433492Z,1389347524489277440,2026,False,4485,William Stanback,RB,RB,,27,Active,,,,unrostered_at_snapshot,unknown,,2026-09-07T02:33:19.257223Z
2026-09-07T02:33:19.433492Z,1389347524489277440,2026,False,7088,Xavier Jones,RB,RB,,24,Active,,,,unrostered_at_snapshot,unknown,,2026-09-07T02:33:19.257223Z
2026-09-07T02:33:19.433492Z,1389347524489277440,2026,False,6372,Xavier Turner,RB,RB,,27,Active,,,,unrostered_at_snapshot,unknown,,2026-09-07T02:33:19.257223Z
2026-09-07T02:33:19.433492Z,1389347524489277440,2026,False,10861,Xazavian Valladay,RB,RB,,27,Active,,,,unrostered_at_snapshot,unknown,,2026-09-07T02:33:19.257223Z
2026-09-07T02:33:19.433492Z,1389347524489277440,2026,False,3402,Zac Brooks,RB,RB,,32,Active,,,,unrostered_at_snapshot,unknown,,2026-09-07T02:33:19.257223Z
2026-09-07T02:33:19.433492Z,1389347524489277440,2026,False,9222,Zach Evans,RB,RB,,24,Active,,,,unrostered_at_snapshot,unknown,,2026-09-07T02:33:19.257223Z
2026-09-07T02:33:19.433492Z,1389347524489277440,2026,False,2880,Zach Laskey,RB,RB,,29,Active,,,,unrostered_at_snapshot,unknown,,2026-09-07T02:33:19.257223Z
2026-09-07T02:33:19.433492Z,1389347524489277440,2026,False,2560,Zach Zenner,RB,RB,,30,Active,,,,unrostered_at_snapshot,unknown,,2026-09-07T02:33:19.257223Z
2026-09-07T02:33:19.433492Z,1389347524489277440,2026,False,6845,Zack Moss,RB,RB,,27,Active,Questionable,,,unrostered_at_snapshot,unknown,,2026-09-07T02:33:19.257223Z
2026-09-07T02:33:19.433492Z,1389347524489277440,2026,False,8428,Zander Horvath,RB,RB,,25,Active,,,,unrostered_at_snapshot,unknown,,2026-09-07T02:33:19.257223Z
2026-09-07T02:33:19.433492Z,1389347524489277440,2026,False,8173,ZaQuandre White,RB,RB,,24,Active,,,,unrostered_at_snapshot,unknown,,2026-09-07T02:33:19.257223Z
2026-09-07T02:33:19.433492Z,1389347524489277440,2026,False,2784,Jameill Showers,SS,DB/QB,,29,Injured Reserve,,,,unrostered_at_snapshot,unknown,,2026-09-07T02:33:19.257223Z
2026-09-07T02:33:19.433492Z,1389347524489277440,2026,False,6869,Adam Trautman,TE,TE,DEN,29,Active,,2,,unrostered_at_snapshot,unknown,,2026-09-07T02:33:19.257223Z
2026-09-07T02:33:19.433492Z,1389347524489277440,2026,False,3202,Austin Hooper,TE,TE,ATL,31,Active,,2,,unrostered_at_snapshot,unknown,,2026-09-07T02:33:19.257223Z
2026-09-07T02:33:19.433492Z,1389347524489277440,2026,False,4744,Barrett Burns,TE,TE,BAL,23,Active,,,,unrostered_at_snapshot,unknown,,2026-09-07T02:33:19.257223Z
2026-09-07T02:33:19.433492Z,1389347524489277440,2026,False,13308,Bauer Sharp,TE,TE,TB,23,Active,,5,,unrostered_at_snapshot,unknown,,2026-09-07T02:33:19.257223Z
2026-09-07T02:33:19.433492Z,1389347524489277440,2026,False,11596,Ben Sinnott,TE,TE,WAS,24,Active,Questionable,3,,unrostered_at_snapshot,unknown,,2026-09-07T02:33:19.257223Z
2026-09-07T02:33:19.433492Z,1389347524489277440,2026,False,13121,Ben Yurosek,TE,TE,MIN,24,Active,,3,,unrostered_at_snapshot,unknown,,2026-09-07T02:33:19.257223Z
2026-09-07T02:33:19.433492Z,1389347524489277440,2026,False,11201,Blake Whiteheart,TE,TE,CLE,26,Active,,2,,unrostered_at_snapshot,unknown,,2026-09-07T02:33:19.257223Z
2026-09-07T02:33:19.433492Z,1389347524489277440,2026,False,10224,Brayden Willis,TE,TE,SF,26,Active,,,,unrostered_at_snapshot,unknown,,2026-09-07T02:33:19.257223Z
2026-09-07T02:33:19.433492Z,1389347524489277440,2026,False,7568,Brevin Jordan,TE,TE,HOU,26,Active,Questionable,5,,unrostered_at_snapshot,unknown,,2026-09-07T02:33:19.257223Z
2026-09-07T02:33:19.433492Z,1389347524489277440,2026,False,11593,Brevyn Spann-Ford,TE,TE,DAL,26,Active,,3,,unrostered_at_snapshot,unknown,,2026-09-07T02:33:19.257223Z
2026-09-07T02:33:19.433492Z,1389347524489277440,2026,False,7891,Brock Wright,TE,TE,DET,27,Active,,2,,unrostered_at_snapshot,unknown,,2026-09-07T02:33:19.257223Z
2026-09-07T02:33:19.433492Z,1389347524489277440,2026,False,3239,Bronson Kaufusi,TE,TE,GB,30,Active,,,,unrostered_at_snapshot,unknown,,2026-09-07T02:33:19.257223Z
2026-09-07T02:33:19.433492Z,1389347524489277440,2026,False,8111,Cade Otton,TE,TE,TB,27,Active,,1,,unrostered_at_snapshot,unknown,,2026-09-07T02:33:19.257223Z
2026-09-07T02:33:19.433492Z,1389347524489277440,2026,False,11599,Cade Stover,TE,TE,HOU,26,Active,,3,,unrostered_at_snapshot,unknown,,2026-09-07T02:33:19.257223Z
2026-09-07T02:33:19.433492Z,1389347524489277440,2026,False,12735,Caleb Lohner,TE,TE,DEN,24,Active,IR,5,,unrostered_at_snapshot,unknown,,2026-09-07T02:33:19.257223Z
2026-09-07T02:33:19.433492Z,1389347524489277440,2026,False,12062,Cam Grandy,TE,TE,MIN,26,Active,,,,unrostered_at_snapshot,unknown,,2026-09-07T02:33:19.257223Z
2026-09-07T02:33:19.433492Z,1389347524489277440,2026,False,10210,Cameron Latu,TE,TE,NE,26,Active,,4,,unrostered_at_snapshot,unknown,,2026-09-07T02:33:19.257223Z
2026-09-07T02:33:19.433492Z,1389347524489277440,2026,False,13580,Carsen Ryan,TE,TE,CLE,23,Active,,3,,unrostered_at_snapshot,unknown,,2026-09-07T02:33:19.257223Z
2026-09-07T02:33:19.433492Z,1389347524489277440,2026,False,13122,Carter Runyon,TE,TE,LV,25,Active,IR,5,,unrostered_at_snapshot,unknown,,2026-09-07T02:33:19.257223Z
2026-09-07T02:33:19.433492Z,1389347524489277440,2026,False,8127,Charlie Kolar,TE,TE,LAC,27,Active,,3,,unrostered_at_snapshot,unknown,,2026-09-07T02:33:19.257223Z
2026-09-07T02:33:19.433492Z,1389347524489277440,2026,False,7075,Charlie Woerner,TE,TE,ATL,28,Active,,3,,unrostered_at_snapshot,unknown,,2026-09-07T02:33:19.257223Z
2026-09-07T02:33:19.433492Z,1389347524489277440,2026,False,8210,Chig Okonkwo,TE,TE,WAS,26,Active,,1,,unrostered_at_snapshot,unknown,,2026-09-07T02:33:19.257223Z
2026-09-07T02:33:19.433492Z,1389347524489277440,2026,False,3048,Chris Manhertz,TE,TE,NYG,34,Active,,3,,unrostered_at_snapshot,unknown,,2026-09-07T02:33:19.257223Z
2026-09-07T02:33:19.433492Z,1389347524489277440,2026,False,6529,Chris Myarick,TE,TE,LV,30,Active,,,,unrostered_at_snapshot,unknown,,2026-09-07T02:33:19.257223Z
2026-09-07T02:33:19.433492Z,1389347524489277440,2026,False,12984,CJ Dippre,TE,TE,TB,24,Active,,,,unrostered_at_snapshot,unknown,,2026-09-07T02:33:19.257223Z
2026-09-07T02:33:19.433492Z,1389347524489277440,2026,False,6865,Colby Parkinson,TE,TE,LAR,27,Active,,1,,unrostered_at_snapshot,unknown,,2026-09-07T02:33:19.257223Z
2026-09-07T02:33:19.433492Z,1389347524489277440,2026,False,6826,Cole Kmet,TE,TE,CHI,27,Active,,2,,unrostered_at_snapshot,unknown,,2026-09-07T02:33:19.257223Z
2026-09-07T02:33:19.433492Z,1389347524489277440,2026,False,11942,Colson Yankoff,TE,TE,WAS,26,Active,,5,,unrostered_at_snapshot,unknown,,2026-09-07T02:33:19.257223Z
2026-09-07T02:33:19.433492Z,1389347524489277440,2026,False,13577,Dallen Bentley,TE,TE,DEN,25,Active,,6,,unrostered_at_snapshot,unknown,,2026-09-07T02:33:19.257223Z
2026-09-07T02:33:19.433492Z,1389347524489277440,2026,False,5001,Dalton Schultz,TE,TE,HOU,30,Active,,1,,unrostered_at_snapshot,unknown,,2026-09-07T02:33:19.257223Z
2026-09-07T02:33:19.433492Z,1389347524489277440,2026,False,13321,Dan Villari,TE,TE,LAR,24,Active,,,,unrostered_at_snapshot,unknown,,2026-09-07T02:33:19.257223Z
2026-09-07T02:33:19.433492Z,1389347524489277440,2026,False,8225,Daniel Bellinger,TE,TE,TEN,25,Active,,2,,unrostered_at_snapshot,unknown,,2026-09-07T02:33:19.257223Z
2026-09-07T02:33:19.433492Z,1389347524489277440,2026,False,9479,Darnell Washington,TE,TE,PIT,25,Active,,2,,unrostered_at_snapshot,unknown,,2026-09-07T02:33:19.257223Z
2026-09-07T02:33:19.433492Z,1389347524489277440,2026,False,1592,Darren Fells,TE,TE,TB,35,Active,,,,unrostered_at_snapshot,unknown,,2026-09-07T02:33:19.257223Z
2026-09-07T02:33:19.433492Z,1389347524489277440,2026,False,2505,Darren Waller,TE,TE,CAR,33,Active,,1,,unrostered_at_snapshot,unknown,,2026-09-07T02:33:19.257223Z
2026-09-07T02:33:19.433492Z,1389347524489277440,2026,False,12357,David Martin-Robinson,TE,TE,TEN,26,Active,,5,,unrostered_at_snapshot,unknown,,2026-09-07T02:33:19.257223Z
2026-09-07T02:33:19.433492Z,1389347524489277440,2026,False,4033,David Njoku,TE,TE,LAC,30,Active,,2,,unrostered_at_snapshot,unknown,,2026-09-07T02:33:19.257223Z
2026-09-07T02:33:19.433492Z,1389347524489277440,2026,False,10214,Davis Allen,TE,TE,LAR,25,Active,Questionable,5,,unrostered_at_snapshot,unknown,,2026-09-07T02:33:19.257223Z
2026-09-07T02:33:19.433492Z,1389347524489277440,2026,False,5906,Dawson Knox,TE,TE,BUF,29,Active,,2,,unrostered_at_snapshot,unknown,,2026-09-07T02:33:19.257223Z
2026-09-07T02:33:19.433492Z,1389347524489277440,2026,False,6016,Dax Raymond,TE,TE,PIT,27,Active,,,,unrostered_at_snapshot,unknown,,2026-09-07T02:33:19.257223Z
2026-09-07T02:33:19.433492Z,1389347524489277440,2026,False,11820,Devin Culp,TE,TE,TB,26,Active,,,,unrostered_at_snapshot,unknown,,2026-09-07T02:33:19.257223Z
2026-09-07T02:33:19.433492Z,1389347524489277440,2026,False,13210,Drake Dabney,TE,TE,GB,24,Active,,,,unrostered_at_snapshot,unknown,,2026-09-07T02:33:19.257223Z
2026-09-07T02:33:19.433492Z,1389347524489277440,2026,False,8489,Drew Ogletree,TE,TE,IND,28,Active,,3,,unrostered_at_snapshot,unknown,,2026-09-07T02:33:19.257223Z
2026-09-07T02:33:19.433492Z,1389347524489277440,2026,False,6001,Drew Sample,TE,TE,CIN,30,Active,,3,,unrostered_at_snapshot,unknown,,2026-09-07T02:33:19.257223Z
2026-09-07T02:33:19.433492Z,1389347524489277440,2026,False,5008,Durham Smythe,TE,TE,BAL,31,Active,,2,,unrostered_at_snapshot,unknown,,2026-09-07T02:33:19.257223Z
2026-09-07T02:33:19.433492Z,1389347524489277440,2026,False,11304,E.J. Jenkins,TE,TE,PHI,27,Active,,5,,unrostered_at_snapshot,unknown,,2026-09-07T02:33:19.257223Z
2026-09-07T02:33:19.433492Z,1389347524489277440,2026,False,13421,Eli Raridon,TE,TE,NE,22,Active,,2,,unrostered_at_snapshot,unknown,,2026-09-07T02:33:19.257223Z
2026-09-07T02:33:19.433492Z,1389347524489277440,2026,False,13349,Eli Stowers,TE,TE,PHI,23,Active,Questionable,2,,unrostered_at_snapshot,unknown,,2026-09-07T02:33:19.257223Z
2026-09-07T02:33:19.433492Z,1389347524489277440,2026,False,12521,Elijah Arroyo,TE,TE,SEA,23,Active,,2,,unrostered_at_snapshot,unknown,,2026-09-07T02:33:19.257223Z
2026-09-07T02:33:19.433492Z,1389347524489277440,2026,False,10231,Elijah Higgins,TE,TE,ARI,25,Active,,2,,unrostered_at_snapshot,unknown,,2026-09-07T02:33:19.257223Z
2026-09-07T02:33:19.433492Z,1389347524489277440,2026,False,4189,Eric Saubert,TE,TE,SEA,32,Active,,3,,unrostered_at_snapshot,unknown,,2026-09-07T02:33:19.257223Z
2026-09-07T02:33:19.433492Z,1389347524489277440,2026,False,11592,Erick All,TE,TE,CIN,25,Active,,2,,unrostered_at_snapshot,unknown,,2026-09-07T02:33:19.257223Z
2026-09-07T02:33:19.433492Z,1389347524489277440,2026,False,4066,Evan Engram,TE,TE,DEN,32,Active,,1,,unrostered_at_snapshot,unknown,,2026-09-07T02:33:19.257223Z
2026-09-07T02:33:19.433492Z,1389347524489277440,2026,False,13630,Evan Svoboda,TE,TE,LAC,23,Active,,,,unrostered_at_snapshot,unknown,,2026-09-07T02:33:19.257223Z
2026-09-07T02:33:19.433492Z,1389347524489277440,2026,False,7531,Feleipe Franks,TE,TE,CAR,28,Active,,5,,unrostered_at_snapshot,unknown,,2026-09-07T02:33:19.257223Z
2026-09-07T02:33:19.433492Z,1389347524489277440,2026,False,5985,Foster Moreau,TE,TE,HOU,29,Active,,4,,unrostered_at_snapshot,unknown,,2026-09-07T02:33:19.257223Z
2026-09-07T02:33:19.433492Z,1389347524489277440,2026,False,4930,Franko House,TE,TE,CHI,23,Active,,,,unrostered_at_snapshot,unknown,,2026-09-07T02:33:19.257223Z
2026-09-07T02:33:19.433492Z,1389347524489277440,2026,False,12700,Gavin Bartholomew,TE,TE,MIN,23,Active,,5,,unrostered_at_snapshot,unknown,,2026-09-07T02:33:19.257223Z
2026-09-07T02:33:19.433492Z,1389347524489277440,2026,False,8172,Greg Dulcich,TE,TE,MIA,26,Active,,1,,unrostered_at_snapshot,unknown,,2026-09-07T02:33:19.257223Z
2026-09-07T02:33:19.433492Z,1389347524489277440,2026,False,12502,Gunnar Helm,TE,TE,TEN,24,Active,,1,,unrostered_at_snapshot,unknown,,2026-09-07T02:33:19.257223Z
2026-09-07T02:33:19.433492Z,1389347524489277440,2026,False,12389,Hayden Rucci,TE,TE,JAX,25,Active,,,,unrostered_at_snapshot,unknown,,2026-09-07T02:33:19.257223Z
2026-09-07T02:33:19.433492Z,1389347524489277440,2026,False,7535,Hunter Long,TE,TE,ARI,28,Active,,3,,unrostered_at_snapshot,unknown,,2026-09-07T02:33:19.257223Z
2026-09-07T02:33:19.433492Z,1389347524489277440,2026,False,4995,Ian Thomas,TE,TE,LV,30,Active,,3,,unrostered_at_snapshot,unknown,,2026-09-07T02:33:19.257223Z
2026-09-07T02:33:19.433492Z,1389347524489277440,2026,False,11600,Ja'Tavion Sanders,TE,TE,CAR,23,Active,,3,,unrostered_at_snapshot,unknown,,2026-09-07T02:33:19.257223Z
2026-09-07T02:33:19.433492Z,1389347524489277440,2026,False,1706,Jack Doyle,TE,TE,IND,31,Active,,,,unrostered_at_snapshot,unknown,,2026-09-07T02:33:19.257223Z
2026-09-07T02:33:19.433492Z,1389347524489277440,2026,False,13282,Jack Endries,TE,TE,CIN,22,Active,,4,,unrostered_at_snapshot,unknown,,2026-09-07T02:33:19.257223Z
2026-09-07T02:33:19.433492Z,1389347524489277440,2026,False,13846,Jack Velling,TE,TE,ATL,,Active,,,,unrostered_at_snapshot,unknown,,2026-09-07T02:33:19.257223Z
2026-09-07T02:33:19.433492Z,1389347524489277440,2026,False,12045,Jack Westover,TE,TE,WAS,27,Active,,,,unrostered_at_snapshot,unknown,,2026-09-07T02:33:19.257223Z
2026-09-07T02:33:19.433492Z,1389347524489277440,2026,False,12658,Jackson Hawes,TE,TE,BUF,25,Active,,3,,unrostered_at_snapshot,unknown,,2026-09-07T02:33:19.257223Z
2026-09-07T02:33:19.433492Z,1389347524489277440,2026,False,12938,Jackson Meeks,TE,TE,DET,23,Active,,4,,unrostered_at_snapshot,unknown,,2026-09-07T02:33:19.257223Z
2026-09-07T02:33:19.433492Z,1389347524489277440,2026,False,12817,Jake Briningstool,TE,TE,KC,23,Active,,5,,unrostered_at_snapshot,unknown,,2026-09-07T02:33:19.257223Z
2026-09-07T02:33:19.433492Z,1389347524489277440,2026,False,8698,Jake Tonges,TE,TE,SF,27,Active,,2,,unrostered_at_snapshot,unknown,,2026-09-07T02:33:19.257223Z
2026-09-07T02:33:19.433492Z,1389347524489277440,2026,False,8170,James Mitchell,TE,TE,DAL,27,Active,,,,unrostered_at_snapshot,unknown,,2026-09-07T02:33:19.257223Z
2026-09-07T02:33:19.433492Z,1389347524489277440,2026,False,11595,Jared Wiley,TE,TE,KC,25,Active,,3,,unrostered_at_snapshot,unknown,,2026-09-07T02:33:19.257223Z
2026-09-07T02:33:19.433492Z,1389347524489277440,2026,False,8219,Jelani Woods,TE,TE,NYJ,27,Active,,4,,unrostered_at_snapshot,unknown,,2026-09-07T02:33:19.257223Z
2026-09-07T02:33:19.433492Z,1389347524489277440,2026,False,8145,Jeremy Ruckert,TE,TE,NYJ,26,Active,,3,,unrostered_at_snapshot,unknown,,2026-09-07T02:33:19.257223Z
2026-09-07T02:33:19.433492Z,1389347524489277440,2026,False,13435,Joe Royer,TE,TE,CLE,24,Active,PUP,5,,unrostered_at_snapshot,unknown,,2026-09-07T02:33:19.257223Z
2026-09-07T02:33:19.433492Z,1389347524489277440,2026,False,11113,Joel Wilson,TE,TE,TEN,26,Active,,,,unrostered_at_snapshot,unknown,,2026-09-07T02:33:19.257223Z
2026-09-07T02:33:19.433492Z,1389347524489277440,2026,False,7716,John Bates,TE,TE,WAS,28,Active,Questionable,2,,unrostered_at_snapshot,unknown,,2026-09-07T02:33:19.257223Z
2026-09-07T02:33:19.433492Z,1389347524489277440,2026,False,4314,Johnny Mundt,TE,TE,PHI,31,Active,,3,,unrostered_at_snapshot,unknown,,2026-09-07T02:33:19.257223Z
2026-09-07T02:33:19.433492Z,1389347524489277440,2026,False,4144,Jonnu Smith,TE,TE,GB,31,Active,,2,,unrostered_at_snapshot,unknown,,2026-09-07T02:33:19.257223Z
2026-09-07T02:33:19.433492Z,1389347524489277440,2026,False,13273,Josh Cuevas,TE,TE,BAL,22,Active,,4,,unrostered_at_snapshot,unknown,,2026-09-07T02:33:19.257223Z
2026-09-07T02:33:19.433492Z,1389347524489277440,2026,False,5973,Josh Oliver,TE,TE,MIN,29,Active,,2,,unrostered_at_snapshot,unknown,,2026-09-07T02:33:19.257223Z
2026-09-07T02:33:19.433492Z,1389347524489277440,2026,False,10212,Josh Whyle,TE,TE,GB,26,Active,,3,,unrostered_at_snapshot,unknown,,2026-09-07T02:33:19.257223Z
2026-09-07T02:33:19.433492Z,1389347524489277440,2026,False,3668,Joshua Perkins,TE,TE,NYJ,28,Active,,,,unrostered_at_snapshot,unknown,,2026-09-07T02:33:19.257223Z
2026-09-07T02:33:19.433492Z,1389347524489277440,2026,False,12883,Joshua Simon,TE,TE,WAS,25,Active,,,,unrostered_at_snapshot,unknown,,2026-09-07T02:33:19.257223Z
2026-09-07T02:33:19.433492Z,1389347524489277440,2026,False,13400,Justin Joly,TE,TE,MIA,22,Active,,4,,unrostered_at_snapshot,unknown,,2026-09-07T02:33:19.257223Z
2026-09-07T02:33:19.433492Z,1389347524489277440,2026,False,7002,Juwan Johnson,TE,TE,NO,29,Active,,1,,unrostered_at_snapshot,unknown,,2026-09-07T02:33:19.257223Z
2026-09-07T02:33:19.433492Z,1389347524489277440,2026,False,8088,Kalif Jackson,TE,TE,MIA,,Active,,,,unrostered_at_snapshot,unknown,,2026-09-07T02:33:19.257223Z
2026-09-07T02:33:19.433492Z,1389347524489277440,2026,False,12765,Keleki Latu,TE,TE,BUF,24,Active,,4,,unrostered_at_snapshot,unknown,,2026-09-07T02:33:19.257223Z
2026-09-07T02:33:19.433492Z,1389347524489277440,2026,False,13432,Khalil Dinkins,TE,TE,SF,,Active,,,,unrostered_at_snapshot,unknown,,2026-09-07T02:33:19.257223Z
2026-09-07T02:33:19.433492Z,1389347524489277440,2026,False,8484,Ko Kieft,TE,TE,TB,28,Active,,3,,unrostered_at_snapshot,unknown,,2026-09-07T02:33:19.257223Z
2026-09-07T02:33:19.433492Z,1389347524489277440,2026,False,7602,Kylen Granson,TE,TE,TEN,28,Active,,3,,unrostered_at_snapshot,unknown,,2026-09-07T02:33:19.257223Z
2026-09-07T02:33:19.433492Z,1389347524489277440,2026,False,13292,Lake McRee,TE,TE,PIT,,Active,,,,unrostered_at_snapshot,unknown,,2026-09-07T02:33:19.257223Z
2026-09-07T02:33:19.433492Z,1389347524489277440,2026,False,812,Lee Smith,TE,TE,ATL,34,Active,,,,unrostered_at_snapshot,unknown,,2026-09-07T02:33:19.257223Z
2026-09-07T02:33:19.433492Z,1389347524489277440,2026,False,8249,Lucas Krull,TE,TE,DEN,28,Active,,,,unrostered_at_snapshot,unknown,,2026-09-07T02:33:19.257223Z
2026-09-07T02:33:19.433492Z,1389347524489277440,2026,False,7842,Luke Farrell,TE,TE,SF,28,Active,,3,,unrostered_at_snapshot,unknown,,2026-09-07T02:33:19.257223Z
2026-09-07T02:33:19.433492Z,1389347524489277440,2026,False,9481,Luke Musgrave,TE,TE,GB,26,Active,PUP,4,,unrostered_at_snapshot,unknown,,2026-09-07T02:33:19.257223Z
2026-09-07T02:33:19.433492Z,1389347524489277440,2026,False,10871,Luke Schoonmaker,TE,TE,DAL,27,Active,,2,,unrostered_at_snapshot,unknown,,2026-09-07T02:33:19.257223Z
2026-09-07T02:33:19.433492Z,1389347524489277440,2026,False,13013,Mark Redman,TE,TE,GB,24,Active,,7,,unrostered_at_snapshot,unknown,,2026-09-07T02:33:19.257223Z
2026-09-07T02:33:19.433492Z,1389347524489277440,2026,False,13307,Marlin Klein,TE,TE,HOU,23,Active,,2,,unrostered_at_snapshot,unknown,,2026-09-07T02:33:19.257223Z
2026-09-07T02:33:19.433492Z,1389347524489277440,2026,False,13032,Marshall Lang,TE,TE,MIN,24,Active,,,,unrostered_at_snapshot,unknown,,2026-09-07T02:33:19.257223Z
2026-09-07T02:33:19.433492Z,1389347524489277440,2026,False,12498,Mason Taylor,TE,TE,NYJ,22,Active,,1,,unrostered_at_snapshot,unknown,,2026-09-07T02:33:19.257223Z
2026-09-07T02:33:19.433492Z,1389347524489277440,2026,False,13324,Matt Hibner,TE,TE,BAL,24,Active,,3,,unrostered_at_snapshot,unknown,,2026-09-07T02:33:19.257223Z
2026-09-07T02:33:19.433492Z,1389347524489277440,2026,False,2944,Matt LaCosse,TE,TE,NE,29,Active,,,,unrostered_at_snapshot,unknown,,2026-09-07T02:33:19.257223Z
2026-09-07T02:33:19.433492Z,1389347524489277440,2026,False,13278,Max Klare,TE,TE,LAR,23,Active,,4,,unrostered_at_snapshot,unknown,,2026-09-07T02:33:19.257223Z
2026-09-07T02:33:19.433492Z,1389347524489277440,2026,False,12154,Messiah Swinson,TE,TE,CLE,26,Active,,,,unrostered_at_snapshot,unknown,,2026-09-07T02:33:19.257223Z
2026-09-07T02:33:19.433492Z,1389347524489277440,2026,False,9482,Michael Mayer,TE,TE,LV,25,Active,,2,,unrostered_at_snapshot,unknown,,2026-09-07T02:33:19.257223Z
2026-09-07T02:33:19.433492Z,1389347524489277440,2026,False,13401,Michael Trigg,TE,TE,DAL,24,Active,,,,unrostered_at_snapshot,unknown,,2026-09-07T02:33:19.257223Z
2026-09-07T02:33:19.433492Z,1389347524489277440,2026,False,4993,Mike Gesicki,TE,TE,CIN,30,Active,,1,,unrostered_at_snapshot,unknown,,2026-09-07T02:33:19.257223Z
2026-09-07T02:33:19.433492Z,1389347524489277440,2026,False,12473,Mitchell Evans,TE,TE,CAR,23,Active,,4,,unrostered_at_snapshot,unknown,,2026-09-07T02:33:19.257223Z
2026-09-07T02:33:19.433492Z,1389347524489277440,2026,False,4054,Mo Alie-Cox,TE,TE,IND,32,Active,,2,,unrostered_at_snapshot,unknown,,2026-09-07T02:33:19.257223Z
2026-09-07T02:33:19.433492Z,1389347524489277440,2026,False,11433,Nate Adkins,TE,TE,DEN,27,Active,,3,,unrostered_at_snapshot,unknown,,2026-09-07T02:33:19.257223Z
2026-09-07T02:33:19.433492Z,1389347524489277440,2026,False,13299,Nate Boerkircher,TE,TE,JAX,25,Active,,2,,unrostered_at_snapshot,unknown,,2026-09-07T02:33:19.257223Z
2026-09-07T02:33:19.433492Z,1389347524489277440,2026,False,13151,Nick Kallerup,TE,TE,SEA,25,Active,,4,,unrostered_at_snapshot,unknown,,2026-09-07T02:33:19.257223Z
2026-09-07T02:33:19.433492Z,1389347524489277440,2026,False,8523,Nick Muse,TE,TE,ATL,27,Active,,,,unrostered_at_snapshot,unknown,,2026-09-07T02:33:19.257223Z
2026-09-07T02:33:19.433492Z,1389347524489277440,2026,False,3258,Nick Vannett,TE,TE,BAL,33,Active,,,,unrostered_at_snapshot,unknown,,2026-09-07T02:33:19.257223Z
2026-09-07T02:33:19.433492Z,1389347524489277440,2026,False,5857,Noah Fant,TE,TE,NO,28,Active,,2,,unrostered_at_snapshot,unknown,,2026-09-07T02:33:19.257223Z
2026-09-07T02:33:19.433492Z,1389347524489277440,2026,False,7828,Noah Gray,TE,TE,KC,27,Active,,2,,unrostered_at_snapshot,unknown,,2026-09-07T02:33:19.257223Z
2026-09-07T02:33:19.433492Z,1389347524489277440,2026,False,12493,Oronde Gadsden,TE,TE,LAC,23,Active,,1,11,unrostered_at_snapshot,unknown,,2026-09-07T02:33:19.257223Z
2026-09-07T02:33:19.433492Z,1389347524489277440,2026,False,13319,Oscar Delp,TE,TE,NO,23,Active,Questionable,3,,unrostered_at_snapshot,unknown,,2026-09-07T02:33:19.257223Z
2026-09-07T02:33:19.433492Z,1389347524489277440,2026,False,7600,Pat Freiermuth,TE,TE,PIT,27,Active,,1,,unrostered_at_snapshot,unknown,,2026-09-07T02:33:19.257223Z
2026-09-07T02:33:19.433492Z,1389347524489277440,2026,False,12901,Patrick Herbert,TE,TE,LAC,25,Active,,,,unrostered_at_snapshot,unknown,,2026-09-07T02:33:19.257223Z
2026-09-07T02:33:19.433492Z,1389347524489277440,2026,False,10227,Payne Durham,TE,TE,TB,26,Active,,2,,unrostered_at_snapshot,unknown,,2026-09-07T02:33:19.257223Z
2026-09-07T02:33:19.433492Z,1389347524489277440,2026,False,4443,Pharaoh Brown,TE,TE,IND,32,Active,,,,unrostered_at_snapshot,unknown,,2026-09-07T02:33:19.257223Z
2026-09-07T02:33:19.433492Z,1389347524489277440,2026,False,7536,Quintin Morris,TE,TE,JAX,27,Active,,4,,unrostered_at_snapshot,unknown,,2026-09-07T02:33:19.257223Z
2026-09-07T02:33:19.433492Z,1389347524489277440,2026,False,13433,Riley Nowakowski,TE,TE,PIT,24,Active,,3,,unrostered_at_snapshot,unknown,,2026-09-07T02:33:19.257223Z
2026-09-07T02:33:19.433492Z,1389347524489277440,2026,False,4602,Robert Tonyan,TE,TE,PIT,32,Active,,3,,unrostered_at_snapshot,unknown,,2026-09-07T02:33:19.257223Z
2026-09-07T02:33:19.433492Z,1389347524489277440,2026,False,13322,Sam Roush,TE,TE,CHI,23,Active,,3,,unrostered_at_snapshot,unknown,,2026-09-07T02:33:19.257223Z
2026-09-07T02:33:19.433492Z,1389347524489277440,2026,False,13429,Seydou Traore,TE,TE,MIA,24,Active,,3,,unrostered_at_snapshot,unknown,,2026-09-07T02:33:19.257223Z
2026-09-07T02:33:19.433492Z,1389347524489277440,2026,False,8041,Shane Zylstra,TE,TE,NE,29,Active,,,,unrostered_at_snapshot,unknown,,2026-09-07T02:33:19.257223Z
2026-09-07T02:33:19.433492Z,1389347524489277440,2026,False,12217,Shawn Bowman,TE,TE,ARI,26,Active,,,,unrostered_at_snapshot,unknown,,2026-09-07T02:33:19.257223Z
2026-09-07T02:33:19.433492Z,1389347524489277440,2026,False,6451,Stephen Carlson,TE,TE,CHI,29,Active,,,,unrostered_at_snapshot,unknown,,2026-09-07T02:33:19.257223Z
2026-09-07T02:33:19.433492Z,1389347524489277440,2026,False,8583,Stone Smartt,TE,TE,NO,27,Active,,,,unrostered_at_snapshot,unknown,,2026-09-07T02:33:19.257223Z
2026-09-07T02:33:19.433492Z,1389347524489277440,2026,False,13827,Tanner Arkin,TE,TE,NE,23,Active,,6,,unrostered_at_snapshot,unknown,,2026-09-07T02:33:19.257223Z
2026-09-07T02:33:19.433492Z,1389347524489277440,2026,False,5409,Tanner Hudson,TE,TE,CIN,31,Active,,,,unrostered_at_snapshot,unknown,,2026-09-07T02:33:19.257223Z
2026-09-07T02:33:19.433492Z,1389347524489277440,2026,False,13408,Tanner Koziol,TE,TE,JAX,22,Active,,3,,unrostered_at_snapshot,unknown,,2026-09-07T02:33:19.257223Z
2026-09-07T02:33:19.433492Z,1389347524489277440,2026,False,8227,Teagan Quitoriano,TE,TE,ARI,26,Active,,,,unrostered_at_snapshot,unknown,,2026-09-07T02:33:19.257223Z
2026-09-07T02:33:19.433492Z,1389347524489277440,2026,False,3333,Temarrick Hemingway,TE,TE,WAS,28,Active,,,,unrostered_at_snapshot,unknown,,2026-09-07T02:33:19.257223Z
2026-09-07T02:33:19.433492Z,1389347524489277440,2026,False,11597,Theo Johnson,TE,TE,NYG,25,Active,Questionable,2,,unrostered_at_snapshot,unknown,,2026-09-07T02:33:19.257223Z
2026-09-07T02:33:19.433492Z,1389347524489277440,2026,False,12715,Thomas Fidone,TE,TE,NYG,23,Active,,4,,unrostered_at_snapshot,unknown,,2026-09-07T02:33:19.257223Z
2026-09-07T02:33:19.433492Z,1389347524489277440,2026,False,13249,Thomas Gordon,TE,TE,DET,26,Active,,,,unrostered_at_snapshot,unknown,,2026-09-07T02:33:19.257223Z
2026-09-07T02:33:19.433492Z,1389347524489277440,2026,False,8924,Thomas Odukoya,TE,TE,KC,29,Active,,,,unrostered_at_snapshot,unknown,,2026-09-07T02:33:19.257223Z
2026-09-07T02:33:19.433492Z,1389347524489277440,2026,False,11716,Tip Reiman,TE,TE,ARI,24,Active,PUP,5,,unrostered_at_snapshot,unknown,,2026-09-07T02:33:19.257223Z
2026-09-07T02:33:19.433492Z,1389347524489277440,2026,False,7149,Tommy Stevens,TE,QB,NYG,25,Active,,,,unrostered_at_snapshot,unknown,,2026-09-07T02:33:19.257223Z
2026-09-07T02:33:19.433492Z,1389347524489277440,2026,False,7694,Tommy Tremble,TE,TE,CAR,26,Active,,2,,unrostered_at_snapshot,unknown,,2026-09-07T02:33:19.257223Z
2026-09-07T02:33:19.433492Z,1389347524489277440,2026,False,11381,Travis Vokolek,TE,TE,ARI,27,Active,,,,unrostered_at_snapshot,unknown,,2026-09-07T02:33:19.257223Z
2026-09-07T02:33:19.433492Z,1389347524489277440,2026,False,13116,Tre Watson,TE,TE,MIA,23,Active,,,,unrostered_at_snapshot,unknown,,2026-09-07T02:33:19.257223Z
2026-09-07T02:33:19.433492Z,1389347524489277440,2026,False,12079,Treyton Welch,TE,TE,NO,25,Active,,,,unrostered_at_snapshot,unknown,,2026-09-07T02:33:19.257223Z
2026-09-07T02:33:19.433492Z,1389347524489277440,2026,False,13705,Ty Pezza,TE,TE,BAL,23,Active,,,,unrostered_at_snapshot,unknown,,2026-09-07T02:33:19.257223Z
2026-09-07T02:33:19.433492Z,1389347524489277440,2026,False,5133,Tyler Conklin,TE,TE,DET,31,Active,,3,,unrostered_at_snapshot,unknown,,2026-09-07T02:33:19.257223Z
2026-09-07T02:33:19.433492Z,1389347524489277440,2026,False,3271,Tyler Higbee,TE,TE,LAR,33,Active,,3,,unrostered_at_snapshot,unknown,,2026-09-07T02:33:19.257223Z
2026-09-07T02:33:19.433492Z,1389347524489277440,2026,False,13434,Will Kacmarek,TE,TE,MIA,23,Active,Questionable,2,,unrostered_at_snapshot,unknown,,2026-09-07T02:33:19.257223Z
2026-09-07T02:33:19.433492Z,1389347524489277440,2026,False,10220,Will Mallory,TE,TE,IND,27,Active,IR,5,,unrostered_at_snapshot,unknown,,2026-09-07T02:33:19.257223Z
2026-09-07T02:33:19.433492Z,1389347524489277440,2026,False,4490,Wyatt Houston,TE,TE,CAR,23,Active,,40,,unrostered_at_snapshot,unknown,,2026-09-07T02:33:19.257223Z
2026-09-07T02:33:19.433492Z,1389347524489277440,2026,False,8799,Zaire Mitchell-Paden,TE,TE,HOU,27,Active,,,,unrostered_at_snapshot,unknown,,2026-09-07T02:33:19.257223Z
2026-09-07T02:33:19.433492Z,1389347524489277440,2026,False,4384,Aaron Peck,TE,TE,,27,Active,,,,unrostered_at_snapshot,unknown,,2026-09-07T02:33:19.257223Z
2026-09-07T02:33:19.433492Z,1389347524489277440,2026,False,13777,Ademola Faleye,TE,TE,,24,Active,,,,unrostered_at_snapshot,unknown,,2026-09-07T02:33:19.257223Z
2026-09-07T02:33:19.433492Z,1389347524489277440,2026,False,6843,Albert Okwuegbunam,TE,TE,,28,Active,,,,unrostered_at_snapshot,unknown,,2026-09-07T02:33:19.257223Z
2026-09-07T02:33:19.433492Z,1389347524489277440,2026,False,5385,Alec Bloom,TE,TE,,25,Active,,,,unrostered_at_snapshot,unknown,,2026-09-07T02:33:19.257223Z
2026-09-07T02:33:19.433492Z,1389347524489277440,2026,False,12085,Alec Holler,TE,TE,,25,Active,,,,unrostered_at_snapshot,unknown,,2026-09-07T02:33:19.257223Z
2026-09-07T02:33:19.433492Z,1389347524489277440,2026,False,3824,Alex Ellis,TE,TE,,29,Active,,,,unrostered_at_snapshot,unknown,,2026-09-07T02:33:19.257223Z
2026-09-07T02:33:19.433492Z,1389347524489277440,2026,False,12340,Alex Larson,TE,TE,,,Active,,,,unrostered_at_snapshot,unknown,,2026-09-07T02:33:19.257223Z
2026-09-07T02:33:19.433492Z,1389347524489277440,2026,False,5975,Alize Mack,TE,TE,,26,Active,,,,unrostered_at_snapshot,unknown,,2026-09-07T02:33:19.257223Z
2026-09-07T02:33:19.433492Z,1389347524489277440,2026,False,2756,Andrew Gleichert,TE,TE,,33,Active,,,,unrostered_at_snapshot,unknown,,2026-09-07T02:33:19.257223Z
2026-09-07T02:33:19.433492Z,1389347524489277440,2026,False,4832,Andrew Price,TE,TE,,28,Active,,,,unrostered_at_snapshot,unknown,,2026-09-07T02:33:19.257223Z
2026-09-07T02:33:19.433492Z,1389347524489277440,2026,False,5156,Andrew Vollert,TE,TE,,26,Active,,,,unrostered_at_snapshot,unknown,,2026-09-07T02:33:19.257223Z
2026-09-07T02:33:19.433492Z,1389347524489277440,2026,False,12786,Anthony Landphere,TE,TE,,,Active,,,,unrostered_at_snapshot,unknown,,2026-09-07T02:33:19.257223Z
2026-09-07T02:33:19.433492Z,1389347524489277440,2026,False,5358,Anthony Manzo-Lewis,TE,TE,,26,Active,,,,unrostered_at_snapshot,unknown,,2026-09-07T02:33:19.257223Z
2026-09-07T02:33:19.433492Z,1389347524489277440,2026,False,13005,Anthony Torres,TE,TE,,26,Active,Questionable,,,unrostered_at_snapshot,unknown,,2026-09-07T02:33:19.257223Z
2026-09-07T02:33:19.433492Z,1389347524489277440,2026,False,6906,Antonio Gandy-Golden,TE,TE,,24,Active,,,,unrostered_at_snapshot,unknown,,2026-09-07T02:33:19.257223Z
2026-09-07T02:33:19.433492Z,1389347524489277440,2026,False,322,Antonio Gates,TE,TE,,41,Injured Reserve,,,,unrostered_at_snapshot,unknown,,2026-09-07T02:33:19.257223Z
2026-09-07T02:33:19.433492Z,1389347524489277440,2026,False,4468,Antony Auclair,TE,TE,,29,Active,,,,unrostered_at_snapshot,unknown,,2026-09-07T02:33:19.257223Z
2026-09-07T02:33:19.433492Z,1389347524489277440,2026,False,8665,Armani Rogers,TE,TE,,27,Active,,,,unrostered_at_snapshot,unknown,,2026-09-07T02:33:19.257223Z
2026-09-07T02:33:19.433492Z,1389347524489277440,2026,False,7864,Artayvious Lynn,TE,TE,,25,Active,,,,unrostered_at_snapshot,unknown,,2026-09-07T02:33:19.257223Z
2026-09-07T02:33:19.433492Z,1389347524489277440,2026,False,8215,Austin Allen,TE,TE,,24,Active,,,,unrostered_at_snapshot,unknown,,2026-09-07T02:33:19.257223Z
2026-09-07T02:33:19.433492Z,1389347524489277440,2026,False,6396,Austin Fort,TE,TE,,26,Active,,,,unrostered_at_snapshot,unknown,,2026-09-07T02:33:19.257223Z
2026-09-07T02:33:19.433492Z,1389347524489277440,2026,False,5751,Austin Roberts,TE,TE,,26,Active,,,,unrostered_at_snapshot,unknown,,2026-09-07T02:33:19.257223Z
2026-09-07T02:33:19.433492Z,1389347524489277440,2026,False,12212,Austin Stogner,TE,TE,,25,Active,,,,unrostered_at_snapshot,unknown,,2026-09-07T02:33:19.257223Z
2026-09-07T02:33:19.433492Z,1389347524489277440,2026,False,12256,Baylor Cupp,TE,TE,,26,Active,,,,unrostered_at_snapshot,unknown,,2026-09-07T02:33:19.257223Z
2026-09-07T02:33:19.433492Z,1389347524489277440,2026,False,2909,Beau Gardner,TE,TE,,35,Active,,,,unrostered_at_snapshot,unknown,,2026-09-07T02:33:19.257223Z
2026-09-07T02:33:19.433492Z,1389347524489277440,2026,False,3407,Beau Sandland,TE,TE,,28,Active,,,,unrostered_at_snapshot,unknown,,2026-09-07T02:33:19.257223Z
2026-09-07T02:33:19.433492Z,1389347524489277440,2026,False,8864,Ben Beise,TE,TE,,,Active,,,,unrostered_at_snapshot,unknown,,2026-09-07T02:33:19.257223Z
2026-09-07T02:33:19.433492Z,1389347524489277440,2026,False,3465,Ben Braunecker,TE,TE,,27,Active,,,,unrostered_at_snapshot,unknown,,2026-09-07T02:33:19.257223Z
2026-09-07T02:33:19.433492Z,1389347524489277440,2026,False,7288,Ben Ellefson,TE,TE,,26,Active,,,,unrostered_at_snapshot,unknown,,2026-09-07T02:33:19.257223Z
2026-09-07T02:33:19.433492Z,1389347524489277440,2026,False,5268,Ben Johnson,TE,TE,,27,Active,,,,unrostered_at_snapshot,unknown,,2026-09-07T02:33:19.257223Z
2026-09-07T02:33:19.433492Z,1389347524489277440,2026,False,2528,Ben Koyack,TE,TE,,28,Active,,,,unrostered_at_snapshot,unknown,,2026-09-07T02:33:19.257223Z
2026-09-07T02:33:19.433492Z,1389347524489277440,2026,False,663,Benjamin Watson,TE,TE,,41,Injured Reserve,,,,unrostered_at_snapshot,unknown,,2026-09-07T02:33:19.257223Z
2026-09-07T02:33:19.433492Z,1389347524489277440,2026,False,8033,Bernhard Seikovits,TE,TE,,27,Active,,,,unrostered_at_snapshot,unknown,,2026-09-07T02:33:19.257223Z
2026-09-07T02:33:19.433492Z,1389347524489277440,2026,False,4650,Billy Brown,TE,TE,,28,Active,,,,unrostered_at_snapshot,unknown,,2026-09-07T02:33:19.257223Z
2026-09-07T02:33:19.433492Z,1389347524489277440,2026,False,2422,Blake Bell,TE,TE,,32,Active,,,,unrostered_at_snapshot,unknown,,2026-09-07T02:33:19.257223Z
2026-09-07T02:33:19.433492Z,1389347524489277440,2026,False,4571,Blake Jarwin,TE,TE,,27,Active,,,,unrostered_at_snapshot,unknown,,2026-09-07T02:33:19.257223Z
2026-09-07T02:33:19.433492Z,1389347524489277440,2026,False,5264,Blake Mack,TE,TE,,25,Active,,,,unrostered_at_snapshot,unknown,,2026-09-07T02:33:19.257223Z
2026-09-07T02:33:19.433492Z,1389347524489277440,2026,False,4593,Brandon Barnes,TE,TE,,27,Active,,,,unrostered_at_snapshot,unknown,,2026-09-07T02:33:19.257223Z
2026-09-07T02:33:19.433492Z,1389347524489277440,2026,False,13972,Brandon Frazier,TE,TE,,,Active,,,,unrostered_at_snapshot,unknown,,2026-09-07T02:33:19.257223Z
2026-09-07T02:33:19.433492Z,1389347524489277440,2026,False,465,Brandon Pettigrew,TE,TE,,35,Injured Reserve,,,,unrostered_at_snapshot,unknown,,2026-09-07T02:33:19.257223Z
2026-09-07T02:33:19.433492Z,1389347524489277440,2026,False,8105,Brayden Lenius,TE,TE,,25,Active,,,,unrostered_at_snapshot,unknown,,2026-09-07T02:33:19.257223Z
2026-09-07T02:33:19.433492Z,1389347524489277440,2026,False,14017,Brett Weaver,TE,TE,,,Active,,,,unrostered_at_snapshot,unknown,,2026-09-07T02:33:19.257223Z
2026-09-07T02:33:19.433492Z,1389347524489277440,2026,False,2917,Brian Vogler,TE,TE,,29,Active,,,,unrostered_at_snapshot,unknown,,2026-09-07T02:33:19.257223Z
2026-09-07T02:33:19.433492Z,1389347524489277440,2026,False,11385,Brian Walker,TE,TE,,24,Active,,,,unrostered_at_snapshot,unknown,,2026-09-07T02:33:19.257223Z
2026-09-07T02:33:19.433492Z,1389347524489277440,2026,False,7903,Briley Moore,TE,TE,,24,Active,,,,unrostered_at_snapshot,unknown,,2026-09-07T02:33:19.257223Z
2026-09-07T02:33:19.433492Z,1389347524489277440,2026,False,7734,Bruno Labelle,TE,TE,,24,Active,,,,unrostered_at_snapshot,unknown,,2026-09-07T02:33:19.257223Z
2026-09-07T02:33:19.433492Z,1389347524489277440,2026,False,3561,Bryce Williams,TE,TE,,28,Active,,,,unrostered_at_snapshot,unknown,,2026-09-07T02:33:19.257223Z
2026-09-07T02:33:19.433492Z,1389347524489277440,2026,False,6926,Brycen Hopkins,TE,TE,,27,Active,,,,unrostered_at_snapshot,unknown,,2026-09-07T02:33:19.257223Z
2026-09-07T02:33:19.433492Z,1389347524489277440,2026,False,4184,Bucky Hodges,TE,TE,,26,Active,,,,unrostered_at_snapshot,unknown,,2026-09-07T02:33:19.257223Z
2026-09-07T02:33:19.433492Z,1389347524489277440,2026,False,6501,C.J. Conrad,TE,TE,,25,Active,,,,unrostered_at_snapshot,unknown,,2026-09-07T02:33:19.257223Z
2026-09-07T02:33:19.433492Z,1389347524489277440,2026,False,2460,C.J. Uzomah,TE,TE,,32,Active,,,,unrostered_at_snapshot,unknown,,2026-09-07T02:33:19.257223Z
2026-09-07T02:33:19.433492Z,1389347524489277440,2026,False,8433,Cade Brewer,TE,TE,,24,Active,,,,unrostered_at_snapshot,unknown,,2026-09-07T02:33:19.257223Z
2026-09-07T02:33:19.433492Z,1389347524489277440,2026,False,12933,Caden Prieskorn,TE,TE,,26,Active,,,,unrostered_at_snapshot,unknown,,2026-09-07T02:33:19.257223Z
2026-09-07T02:33:19.433492Z,1389347524489277440,2026,False,4621,Caleb Bluiett,TE,TE,,28,Active,,,,unrostered_at_snapshot,unknown,,2026-09-07T02:33:19.257223Z
2026-09-07T02:33:19.433492Z,1389347524489277440,2026,False,7176,Caleb Repp,TE,TE,,24,Active,,,,unrostered_at_snapshot,unknown,,2026-09-07T02:33:19.257223Z
2026-09-07T02:33:19.433492Z,1389347524489277440,2026,False,6142,Caleb Wilson,TE,TE,,25,Active,,,,unrostered_at_snapshot,unknown,,2026-09-07T02:33:19.257223Z
2026-09-07T02:33:19.433492Z,1389347524489277440,2026,False,5774,Cam Serigne,TE,TE,,27,Active,,,,unrostered_at_snapshot,unknown,,2026-09-07T02:33:19.257223Z
2026-09-07T02:33:19.433492Z,1389347524489277440,2026,False,7218,Cam Sutton,TE,TE,,25,Active,,,,unrostered_at_snapshot,unknown,,2026-09-07T02:33:19.257223Z
2026-09-07T02:33:19.433492Z,1389347524489277440,2026,False,2214,Cameron Brate,TE,TE,,31,Active,,,,unrostered_at_snapshot,unknown,,2026-09-07T02:33:19.257223Z
2026-09-07T02:33:19.433492Z,1389347524489277440,2026,False,2898,Cameron Clear,TE,TE,,32,Active,,,,unrostered_at_snapshot,unknown,,2026-09-07T02:33:19.257223Z
2026-09-07T02:33:19.433492Z,1389347524489277440,2026,False,11213,Camren McDonald,TE,TE,,24,Active,,,,unrostered_at_snapshot,unknown,,2026-09-07T02:33:19.257223Z
2026-09-07T02:33:19.433492Z,1389347524489277440,2026,False,7926,Carl Tucker,TE,TE,,24,Active,,,,unrostered_at_snapshot,unknown,,2026-09-07T02:33:19.257223Z
2026-09-07T02:33:19.433492Z,1389347524489277440,2026,False,6365,Carson Meier,TE,TE,,26,Active,,,,unrostered_at_snapshot,unknown,,2026-09-07T02:33:19.257223Z
2026-09-07T02:33:19.433492Z,1389347524489277440,2026,False,7735,Cary Angeline,TE,TE,,24,Active,,,,unrostered_at_snapshot,unknown,,2026-09-07T02:33:19.257223Z
2026-09-07T02:33:19.433492Z,1389347524489277440,2026,False,13280,Chamon Metayer,TE,TE,,,Active,,,,unrostered_at_snapshot,unknown,,2026-09-07T02:33:19.257223Z
2026-09-07T02:33:19.433492Z,1389347524489277440,2026,False,801,Charles Clay,TE,TE,,32,Active,,,,unrostered_at_snapshot,unknown,,2026-09-07T02:33:19.257223Z
2026-09-07T02:33:19.433492Z,1389347524489277440,2026,False,6932,Charlie Taumoepeau,TE,TE,,23,Active,,,,unrostered_at_snapshot,unknown,,2026-09-07T02:33:19.257223Z
2026-09-07T02:33:19.433492Z,1389347524489277440,2026,False,8182,Chase Allen,TE,TE,,26,Active,,,,unrostered_at_snapshot,unknown,,2026-09-07T02:33:19.257223Z
2026-09-07T02:33:19.433492Z,1389347524489277440,2026,False,7481,Chase Harrell,TE,TE,,25,Active,,,,unrostered_at_snapshot,unknown,,2026-09-07T02:33:19.257223Z
2026-09-07T02:33:19.433492Z,1389347524489277440,2026,False,6982,Cheyenne O'Grady,TE,TE,,25,Active,,,,unrostered_at_snapshot,unknown,,2026-09-07T02:33:19.257223Z
2026-09-07T02:33:19.433492Z,1389347524489277440,2026,False,4874,Chris Bazile,TE,TE,,30,Active,,,,unrostered_at_snapshot,unknown,,2026-09-07T02:33:19.257223Z
2026-09-07T02:33:19.433492Z,1389347524489277440,2026,False,5009,Chris Herndon,TE,TE,,26,Active,,,,unrostered_at_snapshot,unknown,,2026-09-07T02:33:19.257223Z
2026-09-07T02:33:19.433492Z,1389347524489277440,2026,False,8634,Chris Pierce,TE,TE,,25,Active,,,,unrostered_at_snapshot,unknown,,2026-09-07T02:33:19.257223Z
2026-09-07T02:33:19.433492Z,1389347524489277440,2026,False,5468,Christian Scotland-Williamson,TE,TE,,28,Active,,,,unrostered_at_snapshot,unknown,,2026-09-07T02:33:19.257223Z
2026-09-07T02:33:19.433492Z,1389347524489277440,2026,False,11155,Christian Sims,TE,TE,,22,Active,,,,unrostered_at_snapshot,unknown,,2026-09-07T02:33:19.257223Z
2026-09-07T02:33:19.433492Z,1389347524489277440,2026,False,11231,Christian Trahan,TE,TE,,24,Active,,,,unrostered_at_snapshot,unknown,,2026-09-07T02:33:19.257223Z
2026-09-07T02:33:19.433492Z,1389347524489277440,2026,False,2947,Clay Burton,TE,TE,,32,Active,,,,unrostered_at_snapshot,unknown,,2026-09-07T02:33:19.257223Z
2026-09-07T02:33:19.433492Z,1389347524489277440,2026,False,5733,Clayton Wilson,TE,TE,,27,Active,,,,unrostered_at_snapshot,unknown,,2026-09-07T02:33:19.257223Z
2026-09-07T02:33:19.433492Z,1389347524489277440,2026,False,2373,Clive Walford,TE,TE,,30,Active,,,,unrostered_at_snapshot,unknown,,2026-09-07T02:33:19.257223Z
2026-09-07T02:33:19.433492Z,1389347524489277440,2026,False,5269,Codey McElroy,TE,TE,,29,Active,,,,unrostered_at_snapshot,unknown,,2026-09-07T02:33:19.257223Z
2026-09-07T02:33:19.433492Z,1389347524489277440,2026,False,13834,Cody Hardy,TE,TE,,,Active,,,,unrostered_at_snapshot,unknown,,2026-09-07T02:33:19.257223Z
2026-09-07T02:33:19.433492Z,1389347524489277440,2026,False,8840,Cole Fotheringham,TE,TE,,27,Active,,,,unrostered_at_snapshot,unknown,,2026-09-07T02:33:19.257223Z
2026-09-07T02:33:19.433492Z,1389347524489277440,2026,False,6460,Cole Herdman,TE,TE,,26,Active,,,,unrostered_at_snapshot,unknown,,2026-09-07T02:33:19.257223Z
2026-09-07T02:33:19.433492Z,1389347524489277440,2026,False,5231,Cole Hunt,TE,TE,,26,Active,,,,unrostered_at_snapshot,unknown,,2026-09-07T02:33:19.257223Z
2026-09-07T02:33:19.433492Z,1389347524489277440,2026,False,12551,Colin Granger,TE,TE,,,Active,,,,unrostered_at_snapshot,unknown,,2026-09-07T02:33:19.257223Z
2026-09-07T02:33:19.433492Z,1389347524489277440,2026,False,4647,Colin Thompson,TE,TE,,29,Active,,,,unrostered_at_snapshot,unknown,,2026-09-07T02:33:19.257223Z
2026-09-07T02:33:19.433492Z,1389347524489277440,2026,False,7503,Connor Davis,TE,TE,,27,Active,,,,unrostered_at_snapshot,unknown,,2026-09-07T02:33:19.257223Z
2026-09-07T02:33:19.433492Z,1389347524489277440,2026,False,8192,Curtis Hodges,TE,TE,,25,Active,,,,unrostered_at_snapshot,unknown,,2026-09-07T02:33:19.257223Z
2026-09-07T02:33:19.433492Z,1389347524489277440,2026,False,13331,Dae'Quan Wright,TE,TE,,22,Active,,,,unrostered_at_snapshot,unknown,,2026-09-07T02:33:19.257223Z
2026-09-07T02:33:19.433492Z,1389347524489277440,2026,False,11606,Dallin Holker,TE,TE,,25,Active,,,,unrostered_at_snapshot,unknown,,2026-09-07T02:33:19.257223Z
2026-09-07T02:33:19.433492Z,1389347524489277440,2026,False,7082,Dalton Keene,TE,TE,,26,Active,,,,unrostered_at_snapshot,unknown,,2026-09-07T02:33:19.257223Z
2026-09-07T02:33:19.433492Z,1389347524489277440,2026,False,11262,Damien Caffrey,TE,TE,,,Active,,,,unrostered_at_snapshot,unknown,,2026-09-07T02:33:19.257223Z
2026-09-07T02:33:19.433492Z,1389347524489277440,2026,False,4741,Dan Arnold,TE,TE,,28,Active,,,,unrostered_at_snapshot,unknown,,2026-09-07T02:33:19.257223Z
2026-09-07T02:33:19.433492Z,1389347524489277440,2026,False,3020,Dan Light,TE,TE,,31,Active,,,,unrostered_at_snapshot,unknown,,2026-09-07T02:33:19.257223Z
2026-09-07T02:33:19.433492Z,1389347524489277440,2026,False,8090,Daniel Crawford,TE,TE,,24,Active,,,,unrostered_at_snapshot,unknown,,2026-09-07T02:33:19.257223Z
2026-09-07T02:33:19.433492Z,1389347524489277440,2026,False,6089,Daniel Helm,TE,TE,,28,Active,,,,unrostered_at_snapshot,unknown,,2026-09-07T02:33:19.257223Z
2026-09-07T02:33:19.433492Z,1389347524489277440,2026,False,3497,Darion Griswold,TE,TE,,29,Active,,,,unrostered_at_snapshot,unknown,,2026-09-07T02:33:19.257223Z
2026-09-07T02:33:19.433492Z,1389347524489277440,2026,False,4323,Darrell Daniels,TE,TE,,28,Active,,,,unrostered_at_snapshot,unknown,,2026-09-07T02:33:19.257223Z
2026-09-07T02:33:19.433492Z,1389347524489277440,2026,False,3554,David Reeves,TE,TE,,32,Active,,,,unrostered_at_snapshot,unknown,,2026-09-07T02:33:19.257223Z
2026-09-07T02:33:19.433492Z,1389347524489277440,2026,False,5235,David Wells,TE,TE,,29,Active,,,,unrostered_at_snapshot,unknown,,2026-09-07T02:33:19.257223Z
2026-09-07T02:33:19.433492Z,1389347524489277440,2026,False,6469,Davis Koppenhaver,TE,TE,,25,Active,,,,unrostered_at_snapshot,unknown,,2026-09-07T02:33:19.257223Z
2026-09-07T02:33:19.433492Z,1389347524489277440,2026,False,284,Delanie Walker,TE,TE,,37,Active,,,,unrostered_at_snapshot,unknown,,2026-09-07T02:33:19.257223Z
2026-09-07T02:33:19.433492Z,1389347524489277440,2026,False,1619,Demetrius Harris,TE,TE,,30,Active,,,,unrostered_at_snapshot,unknown,,2026-09-07T02:33:19.257223Z
2026-09-07T02:33:19.433492Z,1389347524489277440,2026,False,5277,Deon Yelder,TE,TE,,27,Active,,,,unrostered_at_snapshot,unknown,,2026-09-07T02:33:19.257223Z
2026-09-07T02:33:19.433492Z,1389347524489277440,2026,False,1718,Derek Carrier,TE,TE,,31,Active,,,,unrostered_at_snapshot,unknown,,2026-09-07T02:33:19.257223Z
2026-09-07T02:33:19.433492Z,1389347524489277440,2026,False,8245,Derrick Deese,TE,TE,,24,Active,,,,unrostered_at_snapshot,unknown,,2026-09-07T02:33:19.257223Z
2026-09-07T02:33:19.433492Z,1389347524489277440,2026,False,4940,DeSean Smith,TE,TE,,27,Active,,,,unrostered_at_snapshot,unknown,,2026-09-07T02:33:19.257223Z
2026-09-07T02:33:19.433492Z,1389347524489277440,2026,False,13888,DeShawn Hanika,TE,TE,,,Active,,,,unrostered_at_snapshot,unknown,,2026-09-07T02:33:19.257223Z
2026-09-07T02:33:19.433492Z,1389347524489277440,2026,False,8102,DeShon Williams,TE,TE,,,Active,,,,unrostered_at_snapshot,unknown,,2026-09-07T02:33:19.257223Z
2026-09-07T02:33:19.433492Z,1389347524489277440,2026,False,6956,Devin Asiasi,TE,TE,,26,Active,,,,unrostered_at_snapshot,unknown,,2026-09-07T02:33:19.257223Z
2026-09-07T02:33:19.433492Z,1389347524489277440,2026,False,2346,Devin Funchess,TE,TE,,28,Active,,,,unrostered_at_snapshot,unknown,,2026-09-07T02:33:19.257223Z
2026-09-07T02:33:19.433492Z,1389347524489277440,2026,False,2922,Devin Mahina,TE,TE,,36,Active,,,,unrostered_at_snapshot,unknown,,2026-09-07T02:33:19.257223Z
2026-09-07T02:33:19.433492Z,1389347524489277440,2026,False,12443,Devon Garrison,TE,TE,,,Active,,,,unrostered_at_snapshot,unknown,,2026-09-07T02:33:19.257223Z
2026-09-07T02:33:19.433492Z,1389347524489277440,2026,False,1357,Dion Sims,TE,TE,,30,Injured Reserve,,,,unrostered_at_snapshot,unknown,,2026-09-07T02:33:19.257223Z
2026-09-07T02:33:19.433492Z,1389347524489277440,2026,False,12973,DJ Thomas-Jones,TE,TE,,23,Active,,,,unrostered_at_snapshot,unknown,,2026-09-07T02:33:19.257223Z
2026-09-07T02:33:19.433492Z,1389347524489277440,2026,False,6993,Dominick Wood-Anderson,TE,TE,,23,Active,,,,unrostered_at_snapshot,unknown,,2026-09-07T02:33:19.257223Z
2026-09-07T02:33:19.433492Z,1389347524489277440,2026,False,7502,Dominique Dafney,TE,TE,,28,Active,,,,unrostered_at_snapshot,unknown,,2026-09-07T02:33:19.257223Z
2026-09-07T02:33:19.433492Z,1389347524489277440,2026,False,6074,Donald Parham,TE,TE,,28,Active,,,,unrostered_at_snapshot,unknown,,2026-09-07T02:33:19.257223Z
2026-09-07T02:33:19.433492Z,1389347524489277440,2026,False,8760,Dre Miller,TE,TE,,25,Active,,,,unrostered_at_snapshot,unknown,,2026-09-07T02:33:19.257223Z
2026-09-07T02:33:19.433492Z,1389347524489277440,2026,False,6374,Drew Belcher,TE,TE,,25,Active,,,,unrostered_at_snapshot,unknown,,2026-09-07T02:33:19.257223Z
2026-09-07T02:33:19.433492Z,1389347524489277440,2026,False,14068,Drew Biber,TE,TE,,,Active,,,,unrostered_at_snapshot,unknown,,2026-09-07T02:33:19.257223Z
2026-09-07T02:33:19.433492Z,1389347524489277440,2026,False,5103,Dylan Cantrell,TE,TE,,27,Active,,,,unrostered_at_snapshot,unknown,,2026-09-07T02:33:19.257223Z
2026-09-07T02:33:19.433492Z,1389347524489277440,2026,False,12107,Dylan Leonard,TE,TE,,24,Active,,,,unrostered_at_snapshot,unknown,,2026-09-07T02:33:19.257223Z
2026-09-07T02:33:19.433492Z,1389347524489277440,2026,False,8751,Dylan Parham,TE,TE,,24,Active,,,,unrostered_at_snapshot,unknown,,2026-09-07T02:33:19.257223Z
2026-09-07T02:33:19.433492Z,1389347524489277440,2026,False,7905,Dylan Soehner,TE,TE,,25,Active,,,,unrostered_at_snapshot,unknown,,2026-09-07T02:33:19.257223Z
2026-09-07T02:33:19.433492Z,1389347524489277440,2026,False,2559,E.J. Bibbs,TE,TE,,29,Injured Reserve,,,,unrostered_at_snapshot,unknown,,2026-09-07T02:33:19.257223Z
2026-09-07T02:33:19.433492Z,1389347524489277440,2026,False,12354,Easton Dean,TE,TE,,20,Active,,,,unrostered_at_snapshot,unknown,,2026-09-07T02:33:19.257223Z
2026-09-07T02:33:19.433492Z,1389347524489277440,2026,False,13100,Eli Wilson,TE,TE,,,Active,,,,unrostered_at_snapshot,unknown,,2026-09-07T02:33:19.257223Z
2026-09-07T02:33:19.433492Z,1389347524489277440,2026,False,6462,Ellis Richardson,TE,TE,,26,Active,,,,unrostered_at_snapshot,unknown,,2026-09-07T02:33:19.257223Z
2026-09-07T02:33:19.433492Z,1389347524489277440,2026,False,13772,Eni Falayi,TE,TE,,,Active,,,,unrostered_at_snapshot,unknown,,2026-09-07T02:33:19.257223Z
2026-09-07T02:33:19.433492Z,1389347524489277440,2026,False,2932,Eric Frohnapfel,TE,TE,,32,Active,,,,unrostered_at_snapshot,unknown,,2026-09-07T02:33:19.257223Z
2026-09-07T02:33:19.433492Z,1389347524489277440,2026,False,2755,Eric Tomlinson,TE,TE,,32,Active,,,,unrostered_at_snapshot,unknown,,2026-09-07T02:33:19.257223Z
2026-09-07T02:33:19.433492Z,1389347524489277440,2026,False,3908,Eric Wallace,TE,TE,,33,Active,,,,unrostered_at_snapshot,unknown,,2026-09-07T02:33:19.257223Z
2026-09-07T02:33:19.433492Z,1389347524489277440,2026,False,8575,Erik Krommenhoek,TE,TE,,,Active,,,,unrostered_at_snapshot,unknown,,2026-09-07T02:33:19.257223Z
2026-09-07T02:33:19.433492Z,1389347524489277440,2026,False,2957,Ernst Brun,TE,TE,,34,Active,,,,unrostered_at_snapshot,unknown,,2026-09-07T02:33:19.257223Z
2026-09-07T02:33:19.433492Z,1389347524489277440,2026,False,13661,Ethan Conner,TE,TE,,,Active,,,,unrostered_at_snapshot,unknown,,2026-09-07T02:33:19.257223Z
2026-09-07T02:33:19.433492Z,1389347524489277440,2026,False,5196,Ethan Wolf,TE,TE,,26,Active,,,,unrostered_at_snapshot,unknown,,2026-09-07T02:33:19.257223Z
2026-09-07T02:33:19.433492Z,1389347524489277440,2026,False,4605,Evan Baylis,TE,TE,,28,Active,,,,unrostered_at_snapshot,unknown,,2026-09-07T02:33:19.257223Z
2026-09-07T02:33:19.433492Z,1389347524489277440,2026,False,7483,Farrod Green,TE,TE,,24,Active,,,,unrostered_at_snapshot,unknown,,2026-09-07T02:33:19.257223Z
2026-09-07T02:33:19.433492Z,1389347524489277440,2026,False,3045,Gannon Sinclair,TE,TE,,28,Active,,,,unrostered_at_snapshot,unknown,,2026-09-07T02:33:19.257223Z
2026-09-07T02:33:19.433492Z,1389347524489277440,2026,False,1223,Garrett Celek,TE,TE,,33,Injured Reserve,,,,unrostered_at_snapshot,unknown,,2026-09-07T02:33:19.257223Z
2026-09-07T02:33:19.433492Z,1389347524489277440,2026,False,5756,Garrett Dickerson,TE,TE,,26,Active,,,,unrostered_at_snapshot,unknown,,2026-09-07T02:33:19.257223Z
2026-09-07T02:33:19.433492Z,1389347524489277440,2026,False,3894,Garrett Griffin,TE,TE,,29,Active,,,,unrostered_at_snapshot,unknown,,2026-09-07T02:33:19.257223Z
2026-09-07T02:33:19.433492Z,1389347524489277440,2026,False,5750,Garrett Hudson,TE,TE,,26,Active,,,,unrostered_at_snapshot,unknown,,2026-09-07T02:33:19.257223Z
2026-09-07T02:33:19.433492Z,1389347524489277440,2026,False,8621,Garrett Walston,TE,TE,,24,Active,,,,unrostered_at_snapshot,unknown,,2026-09-07T02:33:19.257223Z
2026-09-07T02:33:19.433492Z,1389347524489277440,2026,False,2545,Geoff Swaim,TE,TE,,31,Active,,,,unrostered_at_snapshot,unknown,,2026-09-07T02:33:19.257223Z
2026-09-07T02:33:19.433492Z,1389347524489277440,2026,False,12435,Geor'Quarius Spivey,TE,TE,,25,Active,,,,unrostered_at_snapshot,unknown,,2026-09-07T02:33:19.257223Z
2026-09-07T02:33:19.433492Z,1389347524489277440,2026,False,4089,Gerald Everett,TE,TE,,30,Active,,,,unrostered_at_snapshot,unknown,,2026-09-07T02:33:19.257223Z
2026-09-07T02:33:19.433492Z,1389347524489277440,2026,False,8247,Gerrit Prince,TE,TE,,26,Active,,,,unrostered_at_snapshot,unknown,,2026-09-07T02:33:19.257223Z
2026-09-07T02:33:19.433492Z,1389347524489277440,2026,False,8095,Graham Adomitis,TE,TE,,25,Active,,,,unrostered_at_snapshot,unknown,,2026-09-07T02:33:19.257223Z
2026-09-07T02:33:19.433492Z,1389347524489277440,2026,False,8638,Grayson Gunter,TE,TE,,25,Active,,,,unrostered_at_snapshot,unknown,,2026-09-07T02:33:19.257223Z
2026-09-07T02:33:19.433492Z,1389347524489277440,2026,False,58,Greg Olsen,TE,TE,,36,Injured Reserve,,,,unrostered_at_snapshot,unknown,,2026-09-07T02:33:19.257223Z
2026-09-07T02:33:19.433492Z,1389347524489277440,2026,False,11224,Griffin Hebert,TE,TE,,25,Active,,,,unrostered_at_snapshot,unknown,,2026-09-07T02:33:19.257223Z
2026-09-07T02:33:19.433492Z,1389347524489277440,2026,False,13251,Gunnar Oakes,TE,TE,,26,Active,,,,unrostered_at_snapshot,unknown,,2026-09-07T02:33:19.257223Z
2026-09-07T02:33:19.433492Z,1389347524489277440,2026,False,5886,Hakeem Butler,TE,TE,,30,Active,,,,unrostered_at_snapshot,unknown,,2026-09-07T02:33:19.257223Z
2026-09-07T02:33:19.433492Z,1389347524489277440,2026,False,6439,Hale Hentges,TE,TE,,25,Injured Reserve,,,,unrostered_at_snapshot,unknown,,2026-09-07T02:33:19.257223Z
2026-09-07T02:33:19.433492Z,1389347524489277440,2026,False,2770,Harold Spears,TE,TE,,32,Active,,,,unrostered_at_snapshot,unknown,,2026-09-07T02:33:19.257223Z
2026-09-07T02:33:19.433492Z,1389347524489277440,2026,False,6850,Harrison Bryant,TE,TE,,28,Active,Questionable,,,unrostered_at_snapshot,unknown,,2026-09-07T02:33:19.257223Z
2026-09-07T02:33:19.433492Z,1389347524489277440,2026,False,4973,Hayden Hurst,TE,TE,,31,Active,,,,unrostered_at_snapshot,unknown,,2026-09-07T02:33:19.257223Z
2026-09-07T02:33:19.433492Z,1389347524489277440,2026,False,14047,Heinrich Haarberg,TE,TE,,23,Active,,,,unrostered_at_snapshot,unknown,,2026-09-07T02:33:19.257223Z
2026-09-07T02:33:19.433492Z,1389347524489277440,2026,False,6846,Hunter Bryant,TE,TE,,23,Active,,,,unrostered_at_snapshot,unknown,,2026-09-07T02:33:19.257223Z
2026-09-07T02:33:19.433492Z,1389347524489277440,2026,False,7938,Hunter Kampmoyer,TE,TE,,26,Active,,,,unrostered_at_snapshot,unknown,,2026-09-07T02:33:19.257223Z
2026-09-07T02:33:19.433492Z,1389347524489277440,2026,False,7522,Hunter Thedford,TE,TE,,26,Active,,,,unrostered_at_snapshot,unknown,,2026-09-07T02:33:19.257223Z
2026-09-07T02:33:19.433492Z,1389347524489277440,2026,False,6308,Ian Bunting,TE,TE,,27,Active,,,,unrostered_at_snapshot,unknown,,2026-09-07T02:33:19.257223Z
2026-09-07T02:33:19.433492Z,1389347524489277440,2026,False,12126,Isaac Rex,TE,TE,,26,Active,,,,unrostered_at_snapshot,unknown,,2026-09-07T02:33:19.257223Z
2026-09-07T02:33:19.433492Z,1389347524489277440,2026,False,6618,Isaiah Searight,TE,TE,,24,Active,,,,unrostered_at_snapshot,unknown,,2026-09-07T02:33:19.257223Z
2026-09-07T02:33:19.433492Z,1389347524489277440,2026,False,11524,Izaiah Gathings,TE,TE,,23,Active,,,,unrostered_at_snapshot,unknown,,2026-09-07T02:33:19.257223Z
2026-09-07T02:33:19.433492Z,1389347524489277440,2026,False,3695,J.P. Holtz,TE,TE,,30,Active,,,,unrostered_at_snapshot,unknown,,2026-09-07T02:33:19.257223Z
2026-09-07T02:33:19.433492Z,1389347524489277440,2026,False,6139,Jace Sternberger,TE,TE,,27,Active,,,,unrostered_at_snapshot,unknown,,2026-09-07T02:33:19.257223Z
2026-09-07T02:33:19.433492Z,1389347524489277440,2026,False,6728,Jackson Harris,TE,TE,,24,Active,,,,unrostered_at_snapshot,unknown,,2026-09-07T02:33:19.257223Z
2026-09-07T02:33:19.433492Z,1389347524489277440,2026,False,7015,Jacob Breeland,TE,TE,,25,Active,,,,unrostered_at_snapshot,unknown,,2026-09-07T02:33:19.257223Z
2026-09-07T02:33:19.433492Z,1389347524489277440,2026,False,4421,Jacob Hollister,TE,TE,,30,Active,,,,unrostered_at_snapshot,unknown,,2026-09-07T02:33:19.257223Z
2026-09-07T02:33:19.433492Z,1389347524489277440,2026,False,12118,Jacob Warren,TE,TE,,24,Active,,,,unrostered_at_snapshot,unknown,,2026-09-07T02:33:19.257223Z
2026-09-07T02:33:19.433492Z,1389347524489277440,2026,False,11605,Jaheim Bell,TE,TE,,25,Active,,,,unrostered_at_snapshot,unknown,,2026-09-07T02:33:19.257223Z
2026-09-07T02:33:19.433492Z,1389347524489277440,2026,False,7460,Jake Burt,TE,TE,,25,Active,,,,unrostered_at_snapshot,unknown,,2026-09-07T02:33:19.257223Z
2026-09-07T02:33:19.433492Z,1389347524489277440,2026,False,4151,Jake Butt,TE,TE,,26,Injured Reserve,,,,unrostered_at_snapshot,unknown,,2026-09-07T02:33:19.257223Z
2026-09-07T02:33:19.433492Z,1389347524489277440,2026,False,8061,Jake Hausmann,TE,TE,,25,Active,,,,unrostered_at_snapshot,unknown,,2026-09-07T02:33:19.257223Z
2026-09-07T02:33:19.433492Z,1389347524489277440,2026,False,3514,Jake McGee,TE,TE,,30,Active,,,,unrostered_at_snapshot,unknown,,2026-09-07T02:33:19.257223Z
2026-09-07T02:33:19.433492Z,1389347524489277440,2026,False,6260,Jake Powell,TE,TE,,25,Active,,,,unrostered_at_snapshot,unknown,,2026-09-07T02:33:19.257223Z
2026-09-07T02:33:19.433492Z,1389347524489277440,2026,False,5246,Jake Roh,TE,TE,,27,Active,,,,unrostered_at_snapshot,unknown,,2026-09-07T02:33:19.257223Z
2026-09-07T02:33:19.433492Z,1389347524489277440,2026,False,8115,Jalen Wydermyer,TE,TE,,22,Active,,,,unrostered_at_snapshot,unknown,,2026-09-07T02:33:19.257223Z
2026-09-07T02:33:19.433492Z,1389347524489277440,2026,False,12866,Jalin Conyers,TE,TE,,24,Active,,,,unrostered_at_snapshot,unknown,,2026-09-07T02:33:19.257223Z
2026-09-07T02:33:19.433492Z,1389347524489277440,2026,False,8741,Jamal Pettigrew,TE,TE,,24,Active,,,,unrostered_at_snapshot,unknown,,2026-09-07T02:33:19.257223Z
2026-09-07T02:33:19.433492Z,1389347524489277440,2026,False,5322,James Looney,TE,TE,,26,Active,,,,unrostered_at_snapshot,unknown,,2026-09-07T02:33:19.257223Z
2026-09-07T02:33:19.433492Z,1389347524489277440,2026,False,2476,James O'Shaughnessy,TE,TE,,31,Active,,,,unrostered_at_snapshot,unknown,,2026-09-07T02:33:19.257223Z
2026-09-07T02:33:19.433492Z,1389347524489277440,2026,False,367,Jared Cook,TE,TE,,35,Active,,,,unrostered_at_snapshot,unknown,,2026-09-07T02:33:19.257223Z
2026-09-07T02:33:19.433492Z,1389347524489277440,2026,False,7317,Jared Rice,TE,TE,,25,Active,,,,unrostered_at_snapshot,unknown,,2026-09-07T02:33:19.257223Z
2026-09-07T02:33:19.433492Z,1389347524489277440,2026,False,8878,Jared Scott,TE,TE,,23,Active,,,,unrostered_at_snapshot,unknown,,2026-09-07T02:33:19.257223Z
2026-09-07T02:33:19.433492Z,1389347524489277440,2026,False,4536,Jason Croom,TE,TE,,28,Active,,,,unrostered_at_snapshot,unknown,,2026-09-07T02:33:19.257223Z
2026-09-07T02:33:19.433492Z,1389347524489277440,2026,False,5217,Jason Reese,TE,TE,,26,Active,,,,unrostered_at_snapshot,unknown,,2026-09-07T02:33:19.257223Z
2026-09-07T02:33:19.433492Z,1389347524489277440,2026,False,23,Jason Witten,TE,TE,,39,Injured Reserve,,,,unrostered_at_snapshot,unknown,,2026-09-07T02:33:19.257223Z
2026-09-07T02:33:19.433492Z,1389347524489277440,2026,False,2565,Jean Sifrin,TE,TE,,38,Active,,,,unrostered_at_snapshot,unknown,,2026-09-07T02:33:19.257223Z
2026-09-07T02:33:19.433492Z,1389347524489277440,2026,False,2397,Jeff Heuerman,TE,TE,,29,Active,,,,unrostered_at_snapshot,unknown,,2026-09-07T02:33:19.257223Z
2026-09-07T02:33:19.433492Z,1389347524489277440,2026,False,3340,Jerell Adams,TE,TE,,29,Active,,,,unrostered_at_snapshot,unknown,,2026-09-07T02:33:19.257223Z
2026-09-07T02:33:19.433492Z,1389347524489277440,2026,False,14061,Jeremiah Franklin,TE,TE,,,Active,,,,unrostered_at_snapshot,unknown,,2026-09-07T02:33:19.257223Z
2026-09-07T02:33:19.433492Z,1389347524489277440,2026,False,8203,Jeremiah Hall,TE,TE,,,Active,,,,unrostered_at_snapshot,unknown,,2026-09-07T02:33:19.257223Z
2026-09-07T02:33:19.433492Z,1389347524489277440,2026,False,13129,Jermaine Terry,TE,TE,,,Active,,,,unrostered_at_snapshot,unknown,,2026-09-07T02:33:19.257223Z
2026-09-07T02:33:19.433492Z,1389347524489277440,2026,False,2304,Jerome Cunningham,TE,TE,,30,Active,,,,unrostered_at_snapshot,unknown,,2026-09-07T02:33:19.257223Z
2026-09-07T02:33:19.433492Z,1389347524489277440,2026,False,6375,Jerome Washington,TE,TE,,27,Active,,,,unrostered_at_snapshot,unknown,,2026-09-07T02:33:19.257223Z
2026-09-07T02:33:19.433492Z,1389347524489277440,2026,False,6075,Jesper Horsted,TE,TE,,27,Active,,,,unrostered_at_snapshot,unknown,,2026-09-07T02:33:19.257223Z
2026-09-07T02:33:19.433492Z,1389347524489277440,2026,False,2463,Jesse James,TE,TE,,29,Active,,,,unrostered_at_snapshot,unknown,,2026-09-07T02:33:19.257223Z
2026-09-07T02:33:19.433492Z,1389347524489277440,2026,False,8039,Jibri Blount,TE,TE,,25,Active,,,,unrostered_at_snapshot,unknown,,2026-09-07T02:33:19.257223Z
2026-09-07T02:33:19.433492Z,1389347524489277440,2026,False,12834,Jimmy Bell,TE,TE,,25,Active,,,,unrostered_at_snapshot,unknown,,2026-09-07T02:33:19.257223Z
2026-09-07T02:33:19.433492Z,1389347524489277440,2026,False,616,Jimmy Graham,TE,TE,,37,Active,,,,unrostered_at_snapshot,unknown,,2026-09-07T02:33:19.257223Z
2026-09-07T02:33:19.433492Z,1389347524489277440,2026,False,12975,JJ Galbreath,TE,TE,,25,Active,,,,unrostered_at_snapshot,unknown,,2026-09-07T02:33:19.257223Z
2026-09-07T02:33:19.433492Z,1389347524489277440,2026,False,8884,JJ Howland,TE,TE,,25,Active,,,,unrostered_at_snapshot,unknown,,2026-09-07T02:33:19.257223Z
2026-09-07T02:33:19.433492Z,1389347524489277440,2026,False,12095,Jjay Mcafee,TE,TE,,,Active,,,,unrostered_at_snapshot,unknown,,2026-09-07T02:33:19.257223Z
2026-09-07T02:33:19.433492Z,1389347524489277440,2026,False,6665,Jody Fortson,TE,TE,,29,Active,,,,unrostered_at_snapshot,unknown,,2026-09-07T02:33:19.257223Z
2026-09-07T02:33:19.433492Z,1389347524489277440,2026,False,11197,Joel Honigford,TE,TE,,25,Active,,,,unrostered_at_snapshot,unknown,,2026-09-07T02:33:19.257223Z
2026-09-07T02:33:19.433492Z,1389347524489277440,2026,False,12905,John Copenhaver,TE,TE,,,Active,,,,unrostered_at_snapshot,unknown,,2026-09-07T02:33:19.257223Z
2026-09-07T02:33:19.433492Z,1389347524489277440,2026,False,8500,John FitzPatrick,TE,TE,,25,Active,Questionable,,,unrostered_at_snapshot,unknown,,2026-09-07T02:33:19.257223Z
2026-09-07T02:33:19.433492Z,1389347524489277440,2026,False,8685,John Mitchell,TE,TE,,24,Active,,,,unrostered_at_snapshot,unknown,,2026-09-07T02:33:19.257223Z
2026-09-07T02:33:19.433492Z,1389347524489277440,2026,False,11467,John Samuel Shenker,TE,TE,,26,Active,,,,unrostered_at_snapshot,unknown,,2026-09-07T02:33:19.257223Z
2026-09-07T02:33:19.433492Z,1389347524489277440,2026,False,11380,Johnny Lumpkin,TE,TE,,27,Active,,,,unrostered_at_snapshot,unknown,,2026-09-07T02:33:19.257223Z
2026-09-07T02:33:19.433492Z,1389347524489277440,2026,False,14029,Johnny Pascuzzi,TE,TE,,,Active,,,,unrostered_at_snapshot,unknown,,2026-09-07T02:33:19.257223Z
2026-09-07T02:33:19.433492Z,1389347524489277440,2026,False,5032,Jordan Akins,TE,TE,,33,Active,,,,unrostered_at_snapshot,unknown,,2026-09-07T02:33:19.257223Z
2026-09-07T02:33:19.433492Z,1389347524489277440,2026,False,1800,Jordan Matthews,TE,TE,,32,Active,,,,unrostered_at_snapshot,unknown,,2026-09-07T02:33:19.257223Z
2026-09-07T02:33:19.433492Z,1389347524489277440,2026,False,12549,Jordan Petaia,TE,TE,,25,Active,,,,unrostered_at_snapshot,unknown,,2026-09-07T02:33:19.257223Z
2026-09-07T02:33:19.433492Z,1389347524489277440,2026,False,1500,Jordan Reed,TE,TE,,31,Injured Reserve,,,,unrostered_at_snapshot,unknown,,2026-09-07T02:33:19.257223Z
2026-09-07T02:33:19.433492Z,1389347524489277440,2026,False,5117,Jordan Thomas,TE,TE,,28,Active,,,,unrostered_at_snapshot,unknown,,2026-09-07T02:33:19.257223Z
2026-09-07T02:33:19.433492Z,1389347524489277440,2026,False,8559,Josh Babicz,TE,TE,,23,Active,,,,unrostered_at_snapshot,unknown,,2026-09-07T02:33:19.257223Z
2026-09-07T02:33:19.433492Z,1389347524489277440,2026,False,8769,Josh Bist,TE,TE,,,Active,,,,unrostered_at_snapshot,unknown,,2026-09-07T02:33:19.257223Z
2026-09-07T02:33:19.433492Z,1389347524489277440,2026,False,1777,Josh Hill,TE,TE,,31,Injured Reserve,,,,unrostered_at_snapshot,unknown,,2026-09-07T02:33:19.257223Z
2026-09-07T02:33:19.433492Z,1389347524489277440,2026,False,13312,Josh Kattus,TE,TE,,,Active,,,,unrostered_at_snapshot,unknown,,2026-09-07T02:33:19.257223Z
2026-09-07T02:33:19.433492Z,1389347524489277440,2026,False,12300,Joshua Lingenfelter,TE,TE,,,Active,,,,unrostered_at_snapshot,unknown,,2026-09-07T02:33:19.257223Z
2026-09-07T02:33:19.433492Z,1389347524489277440,2026,False,7050,Josiah Deguara,TE,TE,,29,Active,,,,unrostered_at_snapshot,unknown,,2026-09-07T02:33:19.257223Z
2026-09-07T02:33:19.433492Z,1389347524489277440,2026,False,4409,Josiah Price,TE,TE,,28,Active,,,,unrostered_at_snapshot,unknown,,2026-09-07T02:33:19.257223Z
2026-09-07T02:33:19.433492Z,1389347524489277440,2026,False,6493,Justin Johnson,TE,TE,,25,Active,,,,unrostered_at_snapshot,unknown,,2026-09-07T02:33:19.257223Z
2026-09-07T02:33:19.433492Z,1389347524489277440,2026,False,8778,Justin Rigg,TE,TE,,25,Active,,,,unrostered_at_snapshot,unknown,,2026-09-07T02:33:19.257223Z
2026-09-07T02:33:19.433492Z,1389347524489277440,2026,False,2886,Justin Sinz,TE,TE,,33,Active,,,,unrostered_at_snapshot,unknown,,2026-09-07T02:33:19.257223Z
2026-09-07T02:33:19.433492Z,1389347524489277440,2026,False,2930,Justin Tukes,TE,TE,,33,Active,,,,unrostered_at_snapshot,unknown,,2026-09-07T02:33:19.257223Z
2026-09-07T02:33:19.433492Z,1389347524489277440,2026,False,6164,Kahale Warring,TE,TE,,25,Active,,,,unrostered_at_snapshot,unknown,,2026-09-07T02:33:19.257223Z
2026-09-07T02:33:19.433492Z,1389347524489277440,2026,False,6399,Kano Dillon,TE,TE,,,Active,,,,unrostered_at_snapshot,unknown,,2026-09-07T02:33:19.257223Z
2026-09-07T02:33:19.433492Z,1389347524489277440,2026,False,6389,Keenen Brown,TE,TE,,26,Active,,,,unrostered_at_snapshot,unknown,,2026-09-07T02:33:19.257223Z
2026-09-07T02:33:19.433492Z,1389347524489277440,2026,False,8706,Kehinde Oginni,TE,TE,,25,Active,,,,unrostered_at_snapshot,unknown,,2026-09-07T02:33:19.257223Z
2026-09-07T02:33:19.433492Z,1389347524489277440,2026,False,4545,Keith Towbridge,TE,TE,,26,Active,,,,unrostered_at_snapshot,unknown,,2026-09-07T02:33:19.257223Z
2026-09-07T02:33:19.433492Z,1389347524489277440,2026,False,6081,Kendall Blanton,TE,TE,,27,Active,,,,unrostered_at_snapshot,unknown,,2026-09-07T02:33:19.257223Z
2026-09-07T02:33:19.433492Z,1389347524489277440,2026,False,13957,Kenny Fletcher,TE,TE,,,Active,,,,unrostered_at_snapshot,unknown,,2026-09-07T02:33:19.257223Z
2026-09-07T02:33:19.433492Z,1389347524489277440,2026,False,4861,Kent Taylor,TE,TE,,28,Active,,,,unrostered_at_snapshot,unknown,,2026-09-07T02:33:19.257223Z
2026-09-07T02:33:19.433492Z,1389347524489277440,2026,False,12215,Kevin Foelsch,TE,TE,,24,Active,,,,unrostered_at_snapshot,unknown,,2026-09-07T02:33:19.257223Z
2026-09-07T02:33:19.433492Z,1389347524489277440,2026,False,3596,Kivon Cartwright,TE,TE,,29,Active,,,,unrostered_at_snapshot,unknown,,2026-09-07T02:33:19.257223Z
2026-09-07T02:33:19.433492Z,1389347524489277440,2026,False,13085,Kole Taylor,TE,TE,,,Active,,,,unrostered_at_snapshot,unknown,,2026-09-07T02:33:19.257223Z
2026-09-07T02:33:19.433492Z,1389347524489277440,2026,False,11447,Kris Leach,TE,TE,,,Active,,,,unrostered_at_snapshot,unknown,,2026-09-07T02:33:19.257223Z
2026-09-07T02:33:19.433492Z,1389347524489277440,2026,False,7378,Kyle Markway,TE,TE,,25,Active,,,,unrostered_at_snapshot,unknown,,2026-09-07T02:33:19.257223Z
2026-09-07T02:33:19.433492Z,1389347524489277440,2026,False,943,Kyle Rudolph,TE,TE,,33,Active,,,,unrostered_at_snapshot,unknown,,2026-09-07T02:33:19.257223Z
2026-09-07T02:33:19.433492Z,1389347524489277440,2026,False,11540,La'Michael Pettway,TE,TE,,27,Active,,,,unrostered_at_snapshot,unknown,,2026-09-07T02:33:19.257223Z
2026-09-07T02:33:19.433492Z,1389347524489277440,2026,False,11543,Lachlan Pitts,TE,TE,,,Active,,,,unrostered_at_snapshot,unknown,,2026-09-07T02:33:19.257223Z
2026-09-07T02:33:19.433492Z,1389347524489277440,2026,False,964,Lance Kendricks,TE,TE,,33,Active,,,,unrostered_at_snapshot,unknown,,2026-09-07T02:33:19.257223Z
2026-09-07T02:33:19.433492Z,1389347524489277440,2026,False,13357,Lance Mason,TE,TE,,,Active,,,,unrostered_at_snapshot,unknown,,2026-09-07T02:33:19.257223Z
2026-09-07T02:33:19.433492Z,1389347524489277440,2026,False,7106,Lawrence Cager,TE,TE,,29,Active,,,,unrostered_at_snapshot,unknown,,2026-09-07T02:33:19.257223Z
2026-09-07T02:33:19.433492Z,1389347524489277440,2026,False,13261,Layne Pryor,TE,TE,,23,Active,,,,unrostered_at_snapshot,unknown,,2026-09-07T02:33:19.257223Z
2026-09-07T02:33:19.433492Z,1389347524489277440,2026,False,8660,Leroy Watson,TE,TE,,27,Active,,,,unrostered_at_snapshot,unknown,,2026-09-07T02:33:19.257223Z
2026-09-07T02:33:19.433492Z,1389347524489277440,2026,False,12237,Lincoln Sefcik,TE,TE,,25,Active,,,,unrostered_at_snapshot,unknown,,2026-09-07T02:33:19.257223Z
2026-09-07T02:33:19.433492Z,1389347524489277440,2026,False,587,Logan Paulsen,TE,TE,,34,Active,,,,unrostered_at_snapshot,unknown,,2026-09-07T02:33:19.257223Z
2026-09-07T02:33:19.433492Z,1389347524489277440,2026,False,2996,Logan Stokes,TE,TE,,32,Active,,,,unrostered_at_snapshot,unknown,,2026-09-07T02:33:19.257223Z
2026-09-07T02:33:19.433492Z,1389347524489277440,2026,False,2251,Logan Thomas,TE,TE,,33,Active,,,,unrostered_at_snapshot,unknown,,2026-09-07T02:33:19.257223Z
2026-09-07T02:33:19.433492Z,1389347524489277440,2026,False,14055,Louis Hansen,TE,TE,,,Active,,,,unrostered_at_snapshot,unknown,,2026-09-07T02:33:19.257223Z
2026-09-07T02:33:19.433492Z,1389347524489277440,2026,False,11862,Luke Benson,TE,TE,,23,Active,,,,unrostered_at_snapshot,unknown,,2026-09-07T02:33:19.257223Z
2026-09-07T02:33:19.433492Z,1389347524489277440,2026,False,13205,Luke Deal,TE,TE,,,Active,Questionable,,,unrostered_at_snapshot,unknown,,2026-09-07T02:33:19.257223Z
2026-09-07T02:33:19.433492Z,1389347524489277440,2026,False,963,Luke Stocker,TE,TE,,33,Active,,,,unrostered_at_snapshot,unknown,,2026-09-07T02:33:19.257223Z
2026-09-07T02:33:19.433492Z,1389347524489277440,2026,False,1603,Luke Willson,TE,TE,,31,Injured Reserve,,,,unrostered_at_snapshot,unknown,,2026-09-07T02:33:19.257223Z
2026-09-07T02:33:19.433492Z,1389347524489277440,2026,False,3880,M.J. McFarland,TE,TE,,29,Active,,,,unrostered_at_snapshot,unknown,,2026-09-07T02:33:19.257223Z
2026-09-07T02:33:19.433492Z,1389347524489277440,2026,False,12187,Malcolm Epps,TE,TE,,25,Active,,,,unrostered_at_snapshot,unknown,,2026-09-07T02:33:19.257223Z
2026-09-07T02:33:19.433492Z,1389347524489277440,2026,False,111,Marcedes Lewis,TE,TE,,41,Active,,,,unrostered_at_snapshot,unknown,,2026-09-07T02:33:19.257223Z
2026-09-07T02:33:19.433492Z,1389347524489277440,2026,False,5233,Marcus Baugh,TE,TE,,27,Active,,,,unrostered_at_snapshot,unknown,,2026-09-07T02:33:19.257223Z
2026-09-07T02:33:19.433492Z,1389347524489277440,2026,False,8589,Marcus Santos-Silva,TE,TE,,25,Active,,,,unrostered_at_snapshot,unknown,,2026-09-07T02:33:19.257223Z
2026-09-07T02:33:19.433492Z,1389347524489277440,2026,False,8101,Mark Vital,TE,TE,,25,Active,,,,unrostered_at_snapshot,unknown,,2026-09-07T02:33:19.257223Z
2026-09-07T02:33:19.433492Z,1389347524489277440,2026,False,12260,Mason Fairchild,TE,TE,,23,Active,,,,unrostered_at_snapshot,unknown,,2026-09-07T02:33:19.257223Z
2026-09-07T02:33:19.433492Z,1389347524489277440,2026,False,12068,Mason Pline,TE,TE,,26,Active,,,,unrostered_at_snapshot,unknown,,2026-09-07T02:33:19.257223Z
2026-09-07T02:33:19.433492Z,1389347524489277440,2026,False,4229,Mason Schreck,TE,TE,,29,Active,,,,unrostered_at_snapshot,unknown,,2026-09-07T02:33:19.257223Z
2026-09-07T02:33:19.433492Z,1389347524489277440,2026,False,7992,Matt Bushman,TE,TE,,28,Active,,,,unrostered_at_snapshot,unknown,,2026-09-07T02:33:19.257223Z
2026-09-07T02:33:19.433492Z,1389347524489277440,2026,False,13806,Matt Lauter,TE,TE,,,Active,,,,unrostered_at_snapshot,unknown,,2026-09-07T02:33:19.257223Z
2026-09-07T02:33:19.433492Z,1389347524489277440,2026,False,3036,Matt Lengel,TE,TE,,31,Active,,,,unrostered_at_snapshot,unknown,,2026-09-07T02:33:19.257223Z
2026-09-07T02:33:19.433492Z,1389347524489277440,2026,False,8074,Matt Seybert,TE,TE,,24,Active,,,,unrostered_at_snapshot,unknown,,2026-09-07T02:33:19.257223Z
2026-09-07T02:33:19.433492Z,1389347524489277440,2026,False,6233,Matt Sokol,TE,TE,,30,Active,,,,unrostered_at_snapshot,unknown,,2026-09-07T02:33:19.257223Z
2026-09-07T02:33:19.433492Z,1389347524489277440,2026,False,3648,Matt Weiser,TE,TE,,29,Active,,,,unrostered_at_snapshot,unknown,,2026-09-07T02:33:19.257223Z
2026-09-07T02:33:19.433492Z,1389347524489277440,2026,False,13162,Maximilian Mang,TE,TE,,25,Active,,,,unrostered_at_snapshot,unknown,,2026-09-07T02:33:19.257223Z
2026-09-07T02:33:19.433492Z,1389347524489277440,2026,False,2360,Maxx Williams,TE,TE,,28,Active,,,,unrostered_at_snapshot,unknown,,2026-09-07T02:33:19.257223Z
2026-09-07T02:33:19.433492Z,1389347524489277440,2026,False,12070,McCallan Castles,TE,TE,,26,Active,Questionable,,,unrostered_at_snapshot,unknown,,2026-09-07T02:33:19.257223Z
2026-09-07T02:33:19.433492Z,1389347524489277440,2026,False,11126,Michael Ezeike,TE,TE,,23,Active,,,,unrostered_at_snapshot,unknown,,2026-09-07T02:33:19.257223Z
2026-09-07T02:33:19.433492Z,1389347524489277440,2026,False,8094,Michael Jacobson,TE,TE,,28,Active,,,,unrostered_at_snapshot,unknown,,2026-09-07T02:33:19.257223Z
2026-09-07T02:33:19.433492Z,1389347524489277440,2026,False,3588,Michael Miller,TE,TE,,33,Active,,,,unrostered_at_snapshot,unknown,,2026-09-07T02:33:19.257223Z
2026-09-07T02:33:19.433492Z,1389347524489277440,2026,False,6737,Micky Crum,TE,TE,,26,Active,,,,unrostered_at_snapshot,unknown,,2026-09-07T02:33:19.257223Z
2026-09-07T02:33:19.433492Z,1389347524489277440,2026,False,6490,Mik'Quan Deane,TE,TE,,,Active,,,,unrostered_at_snapshot,unknown,,2026-09-07T02:33:19.257223Z
2026-09-07T02:33:19.433492Z,1389347524489277440,2026,False,4807,Mike Estes,TE,TE,,,Active,,,,unrostered_at_snapshot,unknown,,2026-09-07T02:33:19.257223Z
2026-09-07T02:33:19.433492Z,1389347524489277440,2026,False,12246,Mike Rigerman,TE,TE,,23,Active,,,,unrostered_at_snapshot,unknown,,2026-09-07T02:33:19.257223Z
2026-09-07T02:33:19.433492Z,1389347524489277440,2026,False,7854,Miller Forristall,TE,TE,,26,Active,,,,unrostered_at_snapshot,unknown,,2026-09-07T02:33:19.257223Z
2026-09-07T02:33:19.433492Z,1389347524489277440,2026,False,6894,Mitchell Wilcox,TE,TE,,28,Active,,,,unrostered_at_snapshot,unknown,,2026-09-07T02:33:19.257223Z
2026-09-07T02:33:19.433492Z,1389347524489277440,2026,False,6586,Moral Stephens,TE,TE,,,Active,,,,unrostered_at_snapshot,unknown,,2026-09-07T02:33:19.257223Z
2026-09-07T02:33:19.433492Z,1389347524489277440,2026,False,3336,Moritz Bohringer,TE,TE,,28,Active,,,,unrostered_at_snapshot,unknown,,2026-09-07T02:33:19.257223Z
2026-09-07T02:33:19.433492Z,1389347524489277440,2026,False,2446,MyCole Pruitt,TE,TE,,32,Active,,,,unrostered_at_snapshot,unknown,,2026-09-07T02:33:19.257223Z
2026-09-07T02:33:19.433492Z,1389347524489277440,2026,False,5878,N'Keal Harry,TE,TE,,26,Active,,,,unrostered_at_snapshot,unknown,,2026-09-07T02:33:19.257223Z
2026-09-07T02:33:19.433492Z,1389347524489277440,2026,False,7359,Nakia Griffin-Stewart,TE,TE,,25,Active,,,,unrostered_at_snapshot,unknown,,2026-09-07T02:33:19.257223Z
2026-09-07T02:33:19.433492Z,1389347524489277440,2026,False,4803,Nate Iese,TE,TE,,27,Active,,,,unrostered_at_snapshot,unknown,,2026-09-07T02:33:19.257223Z
2026-09-07T02:33:19.433492Z,1389347524489277440,2026,False,8890,Naz Bohannon,TE,TE,,,Active,,,,unrostered_at_snapshot,unknown,,2026-09-07T02:33:19.257223Z
2026-09-07T02:33:19.433492Z,1389347524489277440,2026,False,12135,Neal Johnson,TE,TE,,24,Active,,,,unrostered_at_snapshot,unknown,,2026-09-07T02:33:19.257223Z
2026-09-07T02:33:19.433492Z,1389347524489277440,2026,False,7308,Nick Bowers,TE,TE,,28,Active,,,,unrostered_at_snapshot,unknown,,2026-09-07T02:33:19.257223Z
2026-09-07T02:33:19.433492Z,1389347524489277440,2026,False,2474,Nick Boyle,TE,TE,,29,Active,,,,unrostered_at_snapshot,unknown,,2026-09-07T02:33:19.257223Z
2026-09-07T02:33:19.433492Z,1389347524489277440,2026,False,7859,Nick Eubanks,TE,TE,,26,Active,,,,unrostered_at_snapshot,unknown,,2026-09-07T02:33:19.257223Z
2026-09-07T02:33:19.433492Z,1389347524489277440,2026,False,8038,Nick Guggemos,TE,TE,,27,Active,,,,unrostered_at_snapshot,unknown,,2026-09-07T02:33:19.257223Z
2026-09-07T02:33:19.433492Z,1389347524489277440,2026,False,5465,Nick Keizer,TE,TE,,26,Injured Reserve,,,,unrostered_at_snapshot,unknown,,2026-09-07T02:33:19.257223Z
2026-09-07T02:33:19.433492Z,1389347524489277440,2026,False,2495,Nick O'Leary,TE,TE,,29,Active,,,,unrostered_at_snapshot,unknown,,2026-09-07T02:33:19.257223Z
2026-09-07T02:33:19.433492Z,1389347524489277440,2026,False,3921,Nick Truesdell,TE,TE,,31,Active,,,,unrostered_at_snapshot,unknown,,2026-09-07T02:33:19.257223Z
2026-09-07T02:33:19.433492Z,1389347524489277440,2026,False,918,Niles Paul,TE,TE,,32,Injured Reserve,,,,unrostered_at_snapshot,unknown,,2026-09-07T02:33:19.257223Z
2026-09-07T02:33:19.433492Z,1389347524489277440,2026,False,11225,Noah Gindorff,TE,TE,,24,Active,,,,unrostered_at_snapshot,unknown,,2026-09-07T02:33:19.257223Z
2026-09-07T02:33:19.433492Z,1389347524489277440,2026,False,7404,Noah Togiai,TE,TE,,26,Active,,,,unrostered_at_snapshot,unknown,,2026-09-07T02:33:19.257223Z
2026-09-07T02:33:19.433492Z,1389347524489277440,2026,False,8817,Nolan Givan,TE,TE,,,Active,,,,unrostered_at_snapshot,unknown,,2026-09-07T02:33:19.257223Z
2026-09-07T02:33:19.433492Z,1389347524489277440,2026,False,4055,O.J. Howard,TE,TE,,28,Active,,,,unrostered_at_snapshot,unknown,,2026-09-07T02:33:19.257223Z
2026-09-07T02:33:19.433492Z,1389347524489277440,2026,False,12800,Oscar Cardenas,TE,TE,,24,Active,,,,unrostered_at_snapshot,unknown,,2026-09-07T02:33:19.257223Z
2026-09-07T02:33:19.433492Z,1389347524489277440,2026,False,6662,Parker Hesse,TE,TE,,29,Active,,,,unrostered_at_snapshot,unknown,,2026-09-07T02:33:19.257223Z
2026-09-07T02:33:19.433492Z,1389347524489277440,2026,False,7397,Parker Houston,TE,TE,,24,Active,,,,unrostered_at_snapshot,unknown,,2026-09-07T02:33:19.257223Z
2026-09-07T02:33:19.433492Z,1389347524489277440,2026,False,13014,Pat Conroy,TE,TE,,,Active,,,,unrostered_at_snapshot,unknown,,2026-09-07T02:33:19.257223Z
2026-09-07T02:33:19.433492Z,1389347524489277440,2026,False,13913,Patrick Gurd,TE,TE,,,Active,,,,unrostered_at_snapshot,unknown,,2026-09-07T02:33:19.257223Z
2026-09-07T02:33:19.433492Z,1389347524489277440,2026,False,11245,Patrick Murtagh,TE,TE,,25,Active,,,,unrostered_at_snapshot,unknown,,2026-09-07T02:33:19.257223Z
2026-09-07T02:33:19.433492Z,1389347524489277440,2026,False,7499,Paul Quessenberry,TE,TE,,30,Active,,,,unrostered_at_snapshot,unknown,,2026-09-07T02:33:19.257223Z
2026-09-07T02:33:19.433492Z,1389347524489277440,2026,False,8197,Peyton Hendershot,TE,TE,,25,Active,,,,unrostered_at_snapshot,unknown,,2026-09-07T02:33:19.257223Z
2026-09-07T02:33:19.433492Z,1389347524489277440,2026,False,4725,Phazahn Odom,TE,TE,,27,Active,,,,unrostered_at_snapshot,unknown,,2026-09-07T02:33:19.257223Z
2026-09-07T02:33:19.433492Z,1389347524489277440,2026,False,7985,Pro Wells,TE,TE,,,Active,,,,unrostered_at_snapshot,unknown,,2026-09-07T02:33:19.257223Z
2026-09-07T02:33:19.433492Z,1389347524489277440,2026,False,2268,Rashaun Allen,TE,TE,,30,Injured Reserve,,,,unrostered_at_snapshot,unknown,,2026-09-07T02:33:19.257223Z
2026-09-07T02:33:19.433492Z,1389347524489277440,2026,False,2870,Ray Hamilton,TE,TE,,32,Active,,,,unrostered_at_snapshot,unknown,,2026-09-07T02:33:19.257223Z
2026-09-07T02:33:19.433492Z,1389347524489277440,2026,False,13160,Reggie Brown,TE,TE,,,Active,,,,unrostered_at_snapshot,unknown,,2026-09-07T02:33:19.257223Z
2026-09-07T02:33:19.433492Z,1389347524489277440,2026,False,1211,Rhett Ellison,TE,TE,,33,Injured Reserve,,,,unrostered_at_snapshot,unknown,,2026-09-07T02:33:19.257223Z
2026-09-07T02:33:19.433492Z,1389347524489277440,2026,False,12250,Riley Sharp,TE,TE,,27,Active,,,,unrostered_at_snapshot,unknown,,2026-09-07T02:33:19.257223Z
2026-09-07T02:33:19.433492Z,1389347524489277440,2026,False,12851,Rivaldo Fairweather,TE,TE,,24,Active,,,,unrostered_at_snapshot,unknown,,2026-09-07T02:33:19.257223Z
2026-09-07T02:33:19.433492Z,1389347524489277440,2026,False,515,Rob Gronkowski,TE,TE,,32,Active,,,,unrostered_at_snapshot,unknown,,2026-09-07T02:33:19.257223Z
2026-09-07T02:33:19.433492Z,1389347524489277440,2026,False,8757,Rodney Williams,TE,TE,,26,Active,,,,unrostered_at_snapshot,unknown,,2026-09-07T02:33:19.257223Z
2026-09-07T02:33:19.433492Z,1389347524489277440,2026,False,8747,Roger Carter,TE,TE,,23,Active,,,,unrostered_at_snapshot,unknown,,2026-09-07T02:33:19.257223Z
2026-09-07T02:33:19.433492Z,1389347524489277440,2026,False,13810,Rohan Jones,TE,TE,,,Active,,,,unrostered_at_snapshot,unknown,,2026-09-07T02:33:19.257223Z
2026-09-07T02:33:19.433492Z,1389347524489277440,2026,False,6388,Romello Brooker,TE,TE,,26,Active,,,,unrostered_at_snapshot,unknown,,2026-09-07T02:33:19.257223Z
2026-09-07T02:33:19.433492Z,1389347524489277440,2026,False,2553,Rory Anderson,TE,TE,,29,Active,,,,unrostered_at_snapshot,unknown,,2026-09-07T02:33:19.257223Z
2026-09-07T02:33:19.433492Z,1389347524489277440,2026,False,5285,Ross Dwelley,TE,TE,,30,Active,,,,unrostered_at_snapshot,unknown,,2026-09-07T02:33:19.257223Z
2026-09-07T02:33:19.433492Z,1389347524489277440,2026,False,3041,Ross Travis,TE,TE,,29,Active,,,,unrostered_at_snapshot,unknown,,2026-09-07T02:33:19.257223Z
2026-09-07T02:33:19.433492Z,1389347524489277440,2026,False,7162,Ryan Becker,TE,TE,,24,Active,,,,unrostered_at_snapshot,unknown,,2026-09-07T02:33:19.257223Z
2026-09-07T02:33:19.433492Z,1389347524489277440,2026,False,1425,Ryan Griffin,TE,TE,,33,Active,,,,unrostered_at_snapshot,unknown,,2026-09-07T02:33:19.257223Z
2026-09-07T02:33:19.433492Z,1389347524489277440,2026,False,5094,Ryan Izzo,TE,TE,,26,Active,,,,unrostered_at_snapshot,unknown,,2026-09-07T02:33:19.257223Z
2026-09-07T02:33:19.433492Z,1389347524489277440,2026,False,11298,Ryan Jones,TE,TE,,24,Active,,,,unrostered_at_snapshot,unknown,,2026-09-07T02:33:19.257223Z
2026-09-07T02:33:19.433492Z,1389347524489277440,2026,False,5547,Ryan Smith,TE,TE,,25,Active,,,,unrostered_at_snapshot,unknown,,2026-09-07T02:33:19.257223Z
2026-09-07T02:33:19.433492Z,1389347524489277440,2026,False,5718,Ryan Yurachek,TE,TE,,25,Active,,,,unrostered_at_snapshot,unknown,,2026-09-07T02:33:19.257223Z
2026-09-07T02:33:19.433492Z,1389347524489277440,2026,False,7379,Rysen John,TE,TE,,24,Active,,,,unrostered_at_snapshot,unknown,,2026-09-07T02:33:19.257223Z
2026-09-07T02:33:19.433492Z,1389347524489277440,2026,False,7576,Sage Surratt,TE,TE,,26,Active,,,,unrostered_at_snapshot,unknown,,2026-09-07T02:33:19.257223Z
2026-09-07T02:33:19.433492Z,1389347524489277440,2026,False,8089,Sal Cannella,TE,TE,,29,Active,,,,unrostered_at_snapshot,unknown,,2026-09-07T02:33:19.257223Z
2026-09-07T02:33:19.433492Z,1389347524489277440,2026,False,4730,Sam Cotton,TE,TE,,27,Active,,,,unrostered_at_snapshot,unknown,,2026-09-07T02:33:19.257223Z
2026-09-07T02:33:19.433492Z,1389347524489277440,2026,False,13158,Sam Pitz,TE,TE,,,Active,,,,unrostered_at_snapshot,unknown,,2026-09-07T02:33:19.257223Z
2026-09-07T02:33:19.433492Z,1389347524489277440,2026,False,7622,Sammis Reyes,TE,TE,,29,Active,,,,unrostered_at_snapshot,unknown,,2026-09-07T02:33:19.257223Z
2026-09-07T02:33:19.433492Z,1389347524489277440,2026,False,7848,Scooter Harrington,TE,TE,,24,Active,,,,unrostered_at_snapshot,unknown,,2026-09-07T02:33:19.257223Z
2026-09-07T02:33:19.433492Z,1389347524489277440,2026,False,4309,Scott Orndoff,TE,TE,,28,Active,,,,unrostered_at_snapshot,unknown,,2026-09-07T02:33:19.257223Z
2026-09-07T02:33:19.433492Z,1389347524489277440,2026,False,2040,Scott Simonson,TE,TE,,29,Active,,,,unrostered_at_snapshot,unknown,,2026-09-07T02:33:19.257223Z
2026-09-07T02:33:19.433492Z,1389347524489277440,2026,False,8539,Seth Green,TE,TE,,27,Active,,,,unrostered_at_snapshot,unknown,,2026-09-07T02:33:19.257223Z
2026-09-07T02:33:19.433492Z,1389347524489277440,2026,False,8018,Shaun Beyer,TE,TE,,25,Active,,,,unrostered_at_snapshot,unknown,,2026-09-07T02:33:19.257223Z
2026-09-07T02:33:19.433492Z,1389347524489277440,2026,False,3496,Stephen Anderson,TE,TE,,31,Active,,,,unrostered_at_snapshot,unknown,,2026-09-07T02:33:19.257223Z
2026-09-07T02:33:19.433492Z,1389347524489277440,2026,False,5609,Stephen Baggett,TE,TE,,,Active,,,,unrostered_at_snapshot,unknown,,2026-09-07T02:33:19.257223Z
2026-09-07T02:33:19.433492Z,1389347524489277440,2026,False,6970,Stephen Sullivan,TE,TE,,28,Active,,,,unrostered_at_snapshot,unknown,,2026-09-07T02:33:19.257223Z
2026-09-07T02:33:19.433492Z,1389347524489277440,2026,False,3504,Steven Scheu,TE,TE,,29,Active,,,,unrostered_at_snapshot,unknown,,2026-09-07T02:33:19.257223Z
2026-09-07T02:33:19.433492Z,1389347524489277440,2026,False,11960,Steven Stilianos,TE,TE,,25,Active,,,,unrostered_at_snapshot,unknown,,2026-09-07T02:33:19.257223Z
2026-09-07T02:33:19.433492Z,1389347524489277440,2026,False,4535,Steven Wroblewski,TE,TE,,29,Active,,,,unrostered_at_snapshot,unknown,,2026-09-07T02:33:19.257223Z
2026-09-07T02:33:19.433492Z,1389347524489277440,2026,False,4747,Stevie Donatell,TE,TE,,27,Active,,,,unrostered_at_snapshot,unknown,,2026-09-07T02:33:19.257223Z
2026-09-07T02:33:19.433492Z,1389347524489277440,2026,False,12815,Stevo Klotz,TE,TE,,,Active,,,,unrostered_at_snapshot,unknown,,2026-09-07T02:33:19.257223Z
2026-09-07T02:33:19.433492Z,1389347524489277440,2026,False,13988,Stone Eby,TE,TE,,,Active,,,,unrostered_at_snapshot,unknown,,2026-09-07T02:33:19.257223Z
2026-09-07T02:33:19.433492Z,1389347524489277440,2026,False,8849,Tanner Conner,TE,TE,,28,Active,,,,unrostered_at_snapshot,unknown,,2026-09-07T02:33:19.257223Z
2026-09-07T02:33:19.433492Z,1389347524489277440,2026,False,11415,Tanner Taula,TE,TE,,27,Active,,,,unrostered_at_snapshot,unknown,,2026-09-07T02:33:19.257223Z
2026-09-07T02:33:19.433492Z,1389347524489277440,2026,False,4563,Taylor McNamara,TE,TE,,27,Active,,,,unrostered_at_snapshot,unknown,,2026-09-07T02:33:19.257223Z
2026-09-07T02:33:19.433492Z,1389347524489277440,2026,False,2921,Taylor Sloat,TE,TE,,,Active,,,,unrostered_at_snapshot,unknown,,2026-09-07T02:33:19.257223Z
2026-09-07T02:33:19.433492Z,1389347524489277440,2026,False,4381,Taysom Hill,TE,TE,,35,Active,,,,unrostered_at_snapshot,unknown,,2026-09-07T02:33:19.257223Z
2026-09-07T02:33:19.433492Z,1389347524489277440,2026,False,6919,Thaddeus Moss,TE,TE,,24,Active,,,,unrostered_at_snapshot,unknown,,2026-09-07T02:33:19.257223Z
2026-09-07T02:33:19.433492Z,1389347524489277440,2026,False,11351,Thomas Greaney,TE,TE,,24,Active,,,,unrostered_at_snapshot,unknown,,2026-09-07T02:33:19.257223Z
2026-09-07T02:33:19.433492Z,1389347524489277440,2026,False,2595,Tim Semisch,TE,TE,,30,Active,,,,unrostered_at_snapshot,unknown,,2026-09-07T02:33:19.257223Z
2026-09-07T02:33:19.433492Z,1389347524489277440,2026,False,6137,Tommy Sweeney,TE,TE,,29,Active,,,,unrostered_at_snapshot,unknown,,2026-09-07T02:33:19.257223Z
2026-09-07T02:33:19.433492Z,1389347524489277440,2026,False,7972,Tony Poljan,TE,TE,,25,Active,,,,unrostered_at_snapshot,unknown,,2026-09-07T02:33:19.257223Z
2026-09-07T02:33:19.433492Z,1389347524489277440,2026,False,8905,Travis Koontz,TE,TE,,,Active,,,,unrostered_at_snapshot,unknown,,2026-09-07T02:33:19.257223Z
2026-09-07T02:33:19.433492Z,1389347524489277440,2026,False,4031,Travis Wilson,TE,TE,,28,Active,,,,unrostered_at_snapshot,unknown,,2026-09-07T02:33:19.257223Z
2026-09-07T02:33:19.433492Z,1389347524489277440,2026,False,7554,Tre' McKitty,TE,TE,,27,Active,,,,unrostered_at_snapshot,unknown,,2026-09-07T02:33:19.257223Z
2026-09-07T02:33:19.433492Z,1389347524489277440,2026,False,12191,Trent Pennix,TE,TE,,25,Active,,,,unrostered_at_snapshot,unknown,,2026-09-07T02:33:19.257223Z
2026-09-07T02:33:19.433492Z,1389347524489277440,2026,False,6181,Trevon Wesco,TE,TE,,29,Active,,,,unrostered_at_snapshot,unknown,,2026-09-07T02:33:19.257223Z
2026-09-07T02:33:19.433492Z,1389347524489277440,2026,False,6263,Trevor Wood,TE,TE,,25,Active,,,,unrostered_at_snapshot,unknown,,2026-09-07T02:33:19.257223Z
2026-09-07T02:33:19.433492Z,1389347524489277440,2026,False,11601,Trey Knox,TE,TE,,23,Active,,,,unrostered_at_snapshot,unknown,,2026-09-07T02:33:19.257223Z
2026-09-07T02:33:19.433492Z,1389347524489277440,2026,False,12320,Treyton Pickering,TE,TE,,,Active,,,,unrostered_at_snapshot,unknown,,2026-09-07T02:33:19.257223Z
2026-09-07T02:33:19.433492Z,1389347524489277440,2026,False,5092,Troy Fumagalli,TE,TE,,29,Active,,,,unrostered_at_snapshot,unknown,,2026-09-07T02:33:19.257223Z
2026-09-07T02:33:19.433492Z,1389347524489277440,2026,False,5245,Troy Mangen,TE,TE,,27,Active,,,,unrostered_at_snapshot,unknown,,2026-09-07T02:33:19.257223Z
2026-09-07T02:33:19.433492Z,1389347524489277440,2026,False,2245,Troy Niklas,TE,TE,,27,Injured Reserve,,,,unrostered_at_snapshot,unknown,,2026-09-07T02:33:19.257223Z
2026-09-07T02:33:19.433492Z,1389347524489277440,2026,False,8885,Tucker Fisk,TE,TE,,27,Active,,,,unrostered_at_snapshot,unknown,,2026-09-07T02:33:19.257223Z
2026-09-07T02:33:19.433492Z,1389347524489277440,2026,False,7131,Tyler Davis,TE,TE,,28,Active,,,,unrostered_at_snapshot,unknown,,2026-09-07T02:33:19.257223Z
2026-09-07T02:33:19.433492Z,1389347524489277440,2026,False,5276,Tyler Hoppes,TE,TE,,26,Active,,,,unrostered_at_snapshot,unknown,,2026-09-07T02:33:19.257223Z
2026-09-07T02:33:19.433492Z,1389347524489277440,2026,False,2390,Tyler Kroft,TE,TE,,31,Active,,,,unrostered_at_snapshot,unknown,,2026-09-07T02:33:19.257223Z
2026-09-07T02:33:19.433492Z,1389347524489277440,2026,False,14062,Tyler Moore,TE,TE,,,Active,,,,unrostered_at_snapshot,unknown,,2026-09-07T02:33:19.257223Z
2026-09-07T02:33:19.433492Z,1389347524489277440,2026,False,12850,Tyler Neville,TE,TE,,,Active,,,,unrostered_at_snapshot,unknown,,2026-09-07T02:33:19.257223Z
2026-09-07T02:33:19.433492Z,1389347524489277440,2026,False,6040,Tyree Jackson,TE,TE,,28,Active,Questionable,,,unrostered_at_snapshot,unknown,,2026-09-07T02:33:19.257223Z
2026-09-07T02:33:19.433492Z,1389347524489277440,2026,False,6238,Tyree Mayfield,TE,TE,,26,Active,,,,unrostered_at_snapshot,unknown,,2026-09-07T02:33:19.257223Z
2026-09-07T02:33:19.433492Z,1389347524489277440,2026,False,4678,Tyrone Swoopes,TE,TE,,27,Active,,,,unrostered_at_snapshot,unknown,,2026-09-07T02:33:19.257223Z
2026-09-07T02:33:19.433492Z,1389347524489277440,2026,False,1587,Vance McDonald,TE,TE,,31,Injured Reserve,,,,unrostered_at_snapshot,unknown,,2026-09-07T02:33:19.257223Z
2026-09-07T02:33:19.433492Z,1389347524489277440,2026,False,200,Vernon Davis,TE,TE,,37,Injured Reserve,,,,unrostered_at_snapshot,unknown,,2026-09-07T02:33:19.257223Z
2026-09-07T02:33:19.433492Z,1389347524489277440,2026,False,2428,Vince Mayle,TE,TE/WR,,29,Injured Reserve,,,,unrostered_at_snapshot,unknown,,2026-09-07T02:33:19.257223Z
2026-09-07T02:33:19.433492Z,1389347524489277440,2026,False,5010,Will Dissly,TE,TE,,29,Active,Questionable,,,unrostered_at_snapshot,unknown,,2026-09-07T02:33:19.257223Z
2026-09-07T02:33:19.433492Z,1389347524489277440,2026,False,2082,Xavier Grimble,TE,TE,,29,Active,,,,unrostered_at_snapshot,unknown,,2026-09-07T02:33:19.257223Z
2026-09-07T02:33:19.433492Z,1389347524489277440,2026,False,7943,Zach Davidson,TE,TE,,27,Active,,,,unrostered_at_snapshot,unknown,,2026-09-07T02:33:19.257223Z
2026-09-07T02:33:19.433492Z,1389347524489277440,2026,False,1339,Zach Ertz,TE,TE,,35,Active,,,,unrostered_at_snapshot,unknown,,2026-09-07T02:33:19.257223Z
2026-09-07T02:33:19.433492Z,1389347524489277440,2026,False,6018,Zach Gentry,TE,TE,,27,Active,,,,unrostered_at_snapshot,unknown,,2026-09-07T02:33:19.257223Z
2026-09-07T02:33:19.433492Z,1389347524489277440,2026,False,11864,Zach Heins,TE,TE,,24,Active,,,,unrostered_at_snapshot,unknown,,2026-09-07T02:33:19.257223Z
2026-09-07T02:33:19.433492Z,1389347524489277440,2026,False,13110,Zach Horton,TE,TE,,23,Active,,,,unrostered_at_snapshot,unknown,,2026-09-07T02:33:19.257223Z
2026-09-07T02:33:19.433492Z,1389347524489277440,2026,False,9483,Zack Kuntz,TE,TE,,27,Active,,,,unrostered_at_snapshot,unknown,,2026-09-07T02:33:19.257223Z
2026-09-07T02:33:19.433492Z,1389347524489277440,2026,False,11625,Adonai Mitchell,WR,WR,NYJ,23,Active,,2,,unrostered_at_snapshot,unknown,,2026-09-07T02:33:19.257223Z
2026-09-07T02:33:19.433492Z,1389347524489277440,2026,False,12865,AJ Henning,WR,WR,MIA,24,Active,,,,unrostered_at_snapshot,unknown,,2026-09-07T02:33:19.257223Z
2026-09-07T02:33:19.433492Z,1389347524489277440,2026,False,4937,Al Riles,WR,WR,IND,24,Active,,,,unrostered_at_snapshot,unknown,,2026-09-07T02:33:19.257223Z
2026-09-07T02:33:19.433492Z,1389347524489277440,2026,False,6386,Alex Bachman,WR,WR,LAR,30,Active,,,,unrostered_at_snapshot,unknown,,2026-09-07T02:33:19.257223Z
2026-09-07T02:33:19.433492Z,1389347524489277440,2026,False,1984,Allen Hurns,WR,WR,MIA,30,Active,,,,unrostered_at_snapshot,unknown,,2026-09-07T02:33:19.257223Z
2026-09-07T02:33:19.433492Z,1389347524489277440,2026,False,10226,Andrei Iosivas,WR,WR,CIN,26,Active,,3,,unrostered_at_snapshot,unknown,,2026-09-07T02:33:19.257223Z
2026-09-07T02:33:19.433492Z,1389347524489277440,2026,False,12863,Andrew Armstrong,WR,WR,KC,25,Active,,,,unrostered_at_snapshot,unknown,,2026-09-07T02:33:19.257223Z
2026-09-07T02:33:19.433492Z,1389347524489277440,2026,False,11762,Anthony Gould,WR,WR,IND,25,Active,,,,unrostered_at_snapshot,unknown,,2026-09-07T02:33:19.257223Z
2026-09-07T02:33:19.433492Z,1389347524489277440,2026,False,13582,Anthony Smith,WR,WR,DAL,24,Active,,,,unrostered_at_snapshot,unknown,,2026-09-07T02:33:19.257223Z
2026-09-07T02:33:19.433492Z,1389347524489277440,2026,False,13301,Antonio Williams,WR,WR,WAS,22,Active,,3,,unrostered_at_snapshot,unknown,,2026-09-07T02:33:19.257223Z
2026-09-07T02:33:19.433492Z,1389347524489277440,2026,False,12460,Antwane Wells,WR,WR,ATL,25,Active,,,,unrostered_at_snapshot,unknown,,2026-09-07T02:33:19.257223Z
2026-09-07T02:33:19.433492Z,1389347524489277440,2026,False,12539,Arian Smith,WR,WR,NYJ,24,Active,,6,,unrostered_at_snapshot,unknown,,2026-09-07T02:33:19.257223Z
2026-09-07T02:33:19.433492Z,1389347524489277440,2026,False,6427,Ashton Dulin,WR,WR,IND,29,Active,,4,,unrostered_at_snapshot,unknown,,2026-09-07T02:33:19.257223Z
2026-09-07T02:33:19.433492Z,1389347524489277440,2026,False,7746,Austin Trammell,WR,WR,JAX,28,Active,,,,unrostered_at_snapshot,unknown,,2026-09-07T02:33:19.257223Z
2026-09-07T02:33:19.433492Z,1389347524489277440,2026,False,13533,Barion Brown,WR,WR,NO,22,Active,,4,,unrostered_at_snapshot,unknown,,2026-09-07T02:33:19.257223Z
2026-09-07T02:33:19.433492Z,1389347524489277440,2026,False,7757,Ben Skowronek,WR,WR,PIT,29,Active,Questionable,5,,unrostered_at_snapshot,unknown,,2026-09-07T02:33:19.257223Z
2026-09-07T02:33:19.433492Z,1389347524489277440,2026,False,8204,Bo Melton,WR,WR,GB,27,Active,,4,,unrostered_at_snapshot,unknown,,2026-09-07T02:33:19.257223Z
2026-09-07T02:33:19.433492Z,1389347524489277440,2026,False,6803,Brandon Aiyuk,WR,WR,SF,28,Active,DNR,9,,unrostered_at_snapshot,unknown,,2026-09-07T02:33:19.257223Z
2026-09-07T02:33:19.433492Z,1389347524489277440,2026,False,8756,Brandon Johnson,WR,WR,PIT,28,Active,,,,unrostered_at_snapshot,unknown,,2026-09-07T02:33:19.257223Z
2026-09-07T02:33:19.433492Z,1389347524489277440,2026,False,7865,Brandon Smith,WR,WR,PIT,27,Active,,,,unrostered_at_snapshot,unknown,,2026-09-07T02:33:19.257223Z
2026-09-07T02:33:19.433492Z,1389347524489277440,2026,False,5121,Braxton Berrios,WR,WR,NYG,30,Active,,,,unrostered_at_snapshot,unknown,,2026-09-07T02:33:19.257223Z
2026-09-07T02:33:19.433492Z,1389347524489277440,2026,False,13380,Brenen Thompson,WR,WR,LAC,23,Active,Questionable,4,,unrostered_at_snapshot,unknown,,2026-09-07T02:33:19.257223Z
2026-09-07T02:33:19.433492Z,1389347524489277440,2026,False,13011,Brennan Presley,WR,WR,LAR,24,Active,,,,unrostered_at_snapshot,unknown,,2026-09-07T02:33:19.257223Z
2026-09-07T02:33:19.433492Z,1389347524489277440,2026,False,8414,Britain Covey,WR,WR,PHI,29,Active,,,,unrostered_at_snapshot,unknown,,2026-09-07T02:33:19.257223Z
2026-09-07T02:33:19.433492Z,1389347524489277440,2026,False,13420,Bryce Lance,WR,WR,NO,24,Active,,3,,unrostered_at_snapshot,unknown,,2026-09-07T02:33:19.257223Z
2026-09-07T02:33:19.433492Z,1389347524489277440,2026,False,11959,Bryce Oliver,WR,WR,CLE,26,Active,,,,unrostered_at_snapshot,unknown,,2026-09-07T02:33:19.257223Z
2026-09-07T02:33:19.433492Z,1389347524489277440,2026,False,11157,Brycen Tremayne,WR,WR,CAR,26,Active,,6,,unrostered_at_snapshot,unknown,,2026-09-07T02:33:19.257223Z
2026-09-07T02:33:19.433492Z,1389347524489277440,2026,False,13296,Caleb Douglas,WR,WR,MIA,22,Active,,2,,unrostered_at_snapshot,unknown,,2026-09-07T02:33:19.257223Z
2026-09-07T02:33:19.433492Z,1389347524489277440,2026,False,5223,Caleb Scott,WR,WR,TEN,25,Active,,,,unrostered_at_snapshot,unknown,,2026-09-07T02:33:19.257223Z
2026-09-07T02:33:19.433492Z,1389347524489277440,2026,False,4981,Calvin Ridley,WR,WR,TEN,31,Active,,3,,unrostered_at_snapshot,unknown,,2026-09-07T02:33:19.257223Z
2026-09-07T02:33:19.433492Z,1389347524489277440,2026,False,13726,Camden Brown,WR,WR,DAL,,Active,,6,,unrostered_at_snapshot,unknown,,2026-09-07T02:33:19.257223Z
2026-09-07T02:33:19.433492Z,1389347524489277440,2026,False,13962,Cameron Dorner,WR,WR,NE,,Active,,,,unrostered_at_snapshot,unknown,,2026-09-07T02:33:19.257223Z
2026-09-07T02:33:19.433492Z,1389347524489277440,2026,False,11806,Casey Washington,WR,WR,CAR,25,Active,,,,unrostered_at_snapshot,unknown,,2026-09-07T02:33:19.257223Z
2026-09-07T02:33:19.433492Z,1389347524489277440,2026,False,10444,Cedric Tillman,WR,WR,NO,26,Active,,,,unrostered_at_snapshot,unknown,,2026-09-07T02:33:19.257223Z
2026-09-07T02:33:19.433492Z,1389347524489277440,2026,False,10228,Charlie Jones,WR,WR,NYG,27,Active,,,,unrostered_at_snapshot,unknown,,2026-09-07T02:33:19.257223Z
2026-09-07T02:33:19.433492Z,1389347524489277440,2026,False,12540,Chimere Dike,WR,WR,TEN,24,Active,,4,,unrostered_at_snapshot,unknown,,2026-09-07T02:33:19.257223Z
2026-09-07T02:33:19.433492Z,1389347524489277440,2026,False,7521,Chris Blair,WR,WR,ATL,28,Active,,5,,unrostered_at_snapshot,unknown,,2026-09-07T02:33:19.257223Z
2026-09-07T02:33:19.433492Z,1389347524489277440,2026,False,13674,Chris Hilton,WR,WR,GB,23,Active,,,,unrostered_at_snapshot,unknown,,2026-09-07T02:33:19.257223Z
2026-09-07T02:33:19.433492Z,1389347524489277440,2026,False,3269,Chris Moore,WR,WR,BAL,33,Active,,,,unrostered_at_snapshot,unknown,,2026-09-07T02:33:19.257223Z
2026-09-07T02:33:19.433492Z,1389347524489277440,2026,False,13270,CJ Daniels,WR,WR,LAR,24,Active,,3,,unrostered_at_snapshot,unknown,,2026-09-07T02:33:19.257223Z
2026-09-07T02:33:19.433492Z,1389347524489277440,2026,False,13554,CJ Williams,WR,WR,JAX,22,Active,,9,,unrostered_at_snapshot,unknown,,2026-09-07T02:33:19.257223Z
2026-09-07T02:33:19.433492Z,1389347524489277440,2026,False,7039,Cody White,WR,WR,LV,27,Active,,,,unrostered_at_snapshot,unknown,,2026-09-07T02:33:19.257223Z
2026-09-07T02:33:19.433492Z,1389347524489277440,2026,False,13477,Colbie Young,WR,WR,CIN,24,Active,,4,,unrostered_at_snapshot,unknown,,2026-09-07T02:33:19.257223Z
2026-09-07T02:33:19.433492Z,1389347524489277440,2026,False,4039,Cooper Kupp,WR,WR,SEA,33,Active,,3,,unrostered_at_snapshot,unknown,,2026-09-07T02:33:19.257223Z
2026-09-07T02:33:19.433492Z,1389347524489277440,2026,False,12888,Dalen Cambre,WR,WR,NYG,25,Active,,,,unrostered_at_snapshot,unknown,,2026-09-07T02:33:19.257223Z
2026-09-07T02:33:19.433492Z,1389347524489277440,2026,False,13336,Dane Key,WR,WR,DEN,23,Active,,,,unrostered_at_snapshot,unknown,,2026-09-07T02:33:19.257223Z
2026-09-07T02:33:19.433492Z,1389347524489277440,2026,False,13861,Daniel Sobkowicz,WR,WR,HOU,23,Active,,,,unrostered_at_snapshot,unknown,,2026-09-07T02:33:19.257223Z
2026-09-07T02:33:19.433492Z,1389347524489277440,2026,False,8176,Danny Gray,WR,WR,PHI,27,Active,,,,unrostered_at_snapshot,unknown,,2026-09-07T02:33:19.257223Z
2026-09-07T02:33:19.433492Z,1389347524489277440,2026,False,8527,Dareke Young,WR,WR,LV,27,Active,,5,,unrostered_at_snapshot,unknown,,2026-09-07T02:33:19.257223Z
2026-09-07T02:33:19.433492Z,1389347524489277440,2026,False,13150,Darius Cooper,WR,WR,PHI,24,Active,,5,,unrostered_at_snapshot,unknown,,2026-09-07T02:33:19.257223Z
2026-09-07T02:33:19.433492Z,1389347524489277440,2026,False,6149,Darius Slayton,WR,WR,NYG,29,Active,,2,,unrostered_at_snapshot,unknown,,2026-09-07T02:33:19.257223Z
2026-09-07T02:33:19.433492Z,1389347524489277440,2026,False,7090,Darnell Mooney,WR,WR,NYG,28,Active,,4,,unrostered_at_snapshot,unknown,,2026-09-07T02:33:19.257223Z
2026-09-07T02:33:19.433492Z,1389347524489277440,2026,False,4274,David Moore,WR,WR,CAR,31,Active,,,,unrostered_at_snapshot,unknown,,2026-09-07T02:33:19.257223Z
2026-09-07T02:33:19.433492Z,1389347524489277440,2026,False,6154,David Sills,WR,WR,TB,30,Active,IR,7,,unrostered_at_snapshot,unknown,,2026-09-07T02:33:19.257223Z
2026-09-07T02:33:19.433492Z,1389347524489277440,2026,False,14020,Dean Patterson,WR,WR,TB,,Active,,,,unrostered_at_snapshot,unknown,,2026-09-07T02:33:19.257223Z
2026-09-07T02:33:19.433492Z,1389347524489277440,2026,False,13333,Deion Burks,WR,WR,IND,23,Active,,6,,unrostered_at_snapshot,unknown,,2026-09-07T02:33:19.257223Z
2026-09-07T02:33:19.433492Z,1389347524489277440,2026,False,3286,Demarcus Robinson,WR,WR,SF,31,Active,,4,,unrostered_at_snapshot,unknown,,2026-09-07T02:33:19.257223Z
2026-09-07T02:33:19.433492Z,1389347524489277440,2026,False,9501,DeMario Douglas,WR,WR,NE,25,Active,,3,,unrostered_at_snapshot,unknown,,2026-09-07T02:33:19.257223Z
2026-09-07T02:33:19.433492Z,1389347524489277440,2026,False,13346,Denzel Boston,WR,WR,CLE,22,Active,,3,,unrostered_at_snapshot,unknown,,2026-09-07T02:33:19.257223Z
2026-09-07T02:33:19.433492Z,1389347524489277440,2026,False,10234,Derius Davis,WR,WR,LAC,25,Active,,6,,unrostered_at_snapshot,unknown,,2026-09-07T02:33:19.257223Z
2026-09-07T02:33:19.433492Z,1389347524489277440,2026,False,11834,Devaughn Vele,WR,WR,NO,28,Active,,2,,unrostered_at_snapshot,unknown,,2026-09-07T02:33:19.257223Z
2026-09-07T02:33:19.433492Z,1389347524489277440,2026,False,8253,Deven Thompkins,WR,WR,LV,26,Active,,,,unrostered_at_snapshot,unknown,,2026-09-07T02:33:19.257223Z
2026-09-07T02:33:19.433492Z,1389347524489277440,2026,False,6847,Devin Duvernay,WR,WR,ARI,28,Active,,6,,unrostered_at_snapshot,unknown,,2026-09-07T02:33:19.257223Z
2026-09-07T02:33:19.433492Z,1389347524489277440,2026,False,11629,Devontez Walker,WR,WR,BAL,25,Active,,4,,unrostered_at_snapshot,unknown,,2026-09-07T02:33:19.257223Z
2026-09-07T02:33:19.433492Z,1389347524489277440,2026,False,13621,Dillon Bell,WR,WR,MIN,22,Active,,,,unrostered_at_snapshot,unknown,,2026-09-07T02:33:19.257223Z
2026-09-07T02:33:19.433492Z,1389347524489277440,2026,False,13264,Dohnte Meyers,WR,WR,CIN,26,Active,,5,,unrostered_at_snapshot,unknown,,2026-09-07T02:33:19.257223Z
2026-09-07T02:33:19.433492Z,1389347524489277440,2026,False,12732,Dominic Lovett,WR,WR,DET,23,Active,,,,unrostered_at_snapshot,unknown,,2026-09-07T02:33:19.257223Z
2026-09-07T02:33:19.433492Z,1389347524489277440,2026,False,9486,Dontayvion Wicks,WR,WR,PHI,25,Active,,2,,unrostered_at_snapshot,unknown,,2026-09-07T02:33:19.257223Z
2026-09-07T02:33:19.433492Z,1389347524489277440,2026,False,7587,Dyami Brown,WR,WR,WAS,26,Active,,6,,unrostered_at_snapshot,unknown,,2026-09-07T02:33:19.257223Z
2026-09-07T02:33:19.433492Z,1389347524489277440,2026,False,11474,Dylan Drummond,WR,WR,ATL,26,Active,,,,unrostered_at_snapshot,unknown,,2026-09-07T02:33:19.257223Z
2026-09-07T02:33:19.433492Z,1389347524489277440,2026,False,12542,Efton Chism,WR,WR,NE,24,Active,,6,,unrostered_at_snapshot,unknown,,2026-09-07T02:33:19.257223Z
2026-09-07T02:33:19.433492Z,1389347524489277440,2026,False,5744,Eldridge Massington,WR,WR,NO,24,Active,,,,unrostered_at_snapshot,unknown,,2026-09-07T02:33:19.257223Z
2026-09-07T02:33:19.433492Z,1389347524489277440,2026,False,12499,Elic Ayomanor,WR,WR,TEN,23,Active,,5,,unrostered_at_snapshot,unknown,,2026-09-07T02:33:19.257223Z
2026-09-07T02:33:19.433492Z,1389347524489277440,2026,False,7596,Elijah Moore,WR,WR,PHI,26,Active,,6,,unrostered_at_snapshot,unknown,,2026-09-07T02:33:19.257223Z
2026-09-07T02:33:19.433492Z,1389347524489277440,2026,False,13268,Elijah Sarratt,WR,WR,BAL,23,Active,,5,,unrostered_at_snapshot,unknown,,2026-09-07T02:33:19.257223Z
2026-09-07T02:33:19.433492Z,1389347524489277440,2026,False,13313,Emmanuel Henderson,WR,WR,SEA,23,Active,,,,unrostered_at_snapshot,unknown,,2026-09-07T02:33:19.257223Z
2026-09-07T02:33:19.433492Z,1389347524489277440,2026,False,13316,Eric Rivers,WR,WR,TB,23,Active,,,,unrostered_at_snapshot,unknown,,2026-09-07T02:33:19.257223Z
2026-09-07T02:33:19.433492Z,1389347524489277440,2026,False,4922,Garrett Scantling,WR,WR,ATL,,Active,,,,unrostered_at_snapshot,unknown,,2026-09-07T02:33:19.257223Z
2026-09-07T02:33:19.433492Z,1389347524489277440,2026,False,6045,Gary Jennings,WR,WR,LAC,29,Active,,,,unrostered_at_snapshot,unknown,,2026-09-07T02:33:19.257223Z
2026-09-07T02:33:19.433492Z,1389347524489277440,2026,False,13274,Germie Bernard,WR,WR,PIT,22,Active,,3,,unrostered_at_snapshot,unknown,,2026-09-07T02:33:19.257223Z
2026-09-07T02:33:19.433492Z,1389347524489277440,2026,False,5970,Greg Dortch,WR,WR,BUF,28,Active,,,,unrostered_at_snapshot,unknown,,2026-09-07T02:33:19.257223Z
2026-09-07T02:33:19.433492Z,1389347524489277440,2026,False,13670,Harrison Wallace,WR,WR,ARI,23,Active,,,,unrostered_at_snapshot,unknown,,2026-09-07T02:33:19.257223Z
2026-09-07T02:33:19.433492Z,1389347524489277440,2026,False,7559,Ihmir Smith-Marsette,WR,WR,ARI,27,Active,,,,unrostered_at_snapshot,unknown,,2026-09-07T02:33:19.257223Z
2026-09-07T02:33:19.433492Z,1389347524489277440,2026,False,8861,Irv Charles,WR,WR,SEA,29,Active,IR,5,,unrostered_at_snapshot,unknown,,2026-09-07T02:33:19.257223Z
2026-09-07T02:33:19.433492Z,1389347524489277440,2026,False,12535,Isaac TeSlaa,WR,WR,DET,24,Active,,3,,unrostered_at_snapshot,unknown,,2026-09-07T02:33:19.257223Z
2026-09-07T02:33:19.433492Z,1389347524489277440,2026,False,12503,Isaiah Bond,WR,WR,CLE,22,Active,Questionable,4,,unrostered_at_snapshot,unknown,,2026-09-07T02:33:19.257223Z
2026-09-07T02:33:19.433492Z,1389347524489277440,2026,False,13074,Isaiah Neyor,WR,WR,GB,25,Active,,,,unrostered_at_snapshot,unknown,,2026-09-07T02:33:19.257223Z
2026-09-07T02:33:19.433492Z,1389347524489277440,2026,False,11608,Isaiah Williams,WR,WR,NYJ,25,Active,,4,,unrostered_at_snapshot,unknown,,2026-09-07T02:33:19.257223Z
2026-09-07T02:33:19.433492Z,1389347524489277440,2026,False,13770,J. Michael Sturdivant,WR,WR,GB,24,Active,,9,,unrostered_at_snapshot,unknown,,2026-09-07T02:33:19.257223Z
2026-09-07T02:33:19.433492Z,1389347524489277440,2026,False,13696,Ja'Mori Maclin,WR,WR,BUF,24,Active,,,,unrostered_at_snapshot,unknown,,2026-09-07T02:33:19.257223Z
2026-09-07T02:33:19.433492Z,1389347524489277440,2026,False,13179,Ja'seem Reed,WR,WR,CAR,23,Active,,,,unrostered_at_snapshot,unknown,,2026-09-07T02:33:19.257223Z
2026-09-07T02:33:19.433492Z,1389347524489277440,2026,False,12483,Jack Bech,WR,WR,LV,23,Active,,3,,unrostered_at_snapshot,unknown,,2026-09-07T02:33:19.257223Z
2026-09-07T02:33:19.433492Z,1389347524489277440,2026,False,11616,Jacob Cowing,WR,WR,SF,25,Active,Questionable,5,,unrostered_at_snapshot,unknown,,2026-09-07T02:33:19.257223Z
2026-09-07T02:33:19.433492Z,1389347524489277440,2026,False,13760,Jaden Bradley,WR,WR,WAS,,Active,,,,unrostered_at_snapshot,unknown,,2026-09-07T02:33:19.257223Z
2026-09-07T02:33:19.433492Z,1389347524489277440,2026,False,8119,Jahan Dotson,WR,WR,ATL,26,Active,,2,,unrostered_at_snapshot,unknown,,2026-09-07T02:33:19.257223Z
2026-09-07T02:33:19.433492Z,1389347524489277440,2026,False,13079,Jahdae Walker,WR,WR,CHI,24,Active,,5,,unrostered_at_snapshot,unknown,,2026-09-07T02:33:19.257223Z
2026-09-07T02:33:19.433492Z,1389347524489277440,2026,False,11034,Jalen Brooks,WR,WR,ARI,26,Active,,4,,unrostered_at_snapshot,unknown,,2026-09-07T02:33:19.257223Z
2026-09-07T02:33:19.433492Z,1389347524489277440,2026,False,11506,Jalen Moreno-Cropper,WR,WR,NO,25,Active,,,,unrostered_at_snapshot,unknown,,2026-09-07T02:33:19.257223Z
2026-09-07T02:33:19.433492Z,1389347524489277440,2026,False,12505,Jalen Royals,WR,WR,KC,23,Active,,5,,unrostered_at_snapshot,unknown,,2026-09-07T02:33:19.257223Z
2026-09-07T02:33:19.433492Z,1389347524489277440,2026,False,8117,Jalen Tolbert,WR,WR,MIA,27,Active,,3,,unrostered_at_snapshot,unknown,,2026-09-07T02:33:19.257223Z
2026-09-07T02:33:19.433492Z,1389347524489277440,2026,False,9497,Jalin Hyatt,WR,WR,NYG,24,Active,,,,unrostered_at_snapshot,unknown,,2026-09-07T02:33:19.257223Z
2026-09-07T02:33:19.433492Z,1389347524489277440,2026,False,12925,Jamaal Pritchett,WR,WR,NYJ,23,Active,,,,unrostered_at_snapshot,unknown,,2026-09-07T02:33:19.257223Z
2026-09-07T02:33:19.433492Z,1389347524489277440,2026,False,11056,Jared Wayne,WR,WR,HOU,25,Active,,,,unrostered_at_snapshot,unknown,,2026-09-07T02:33:19.257223Z
2026-09-07T02:33:19.433492Z,1389347524489277440,2026,False,7049,Jauan Jennings,WR,WR,MIN,29,Active,,3,,unrostered_at_snapshot,unknown,,2026-09-07T02:33:19.257223Z
2026-09-07T02:33:19.433492Z,1389347524489277440,2026,False,12641,Jaylin Lane,WR,WR,WAS,24,Active,,5,,unrostered_at_snapshot,unknown,,2026-09-07T02:33:19.257223Z
2026-09-07T02:33:19.433492Z,1389347524489277440,2026,False,12536,Jaylin Noel,WR,WR,HOU,24,Active,Questionable,3,,unrostered_at_snapshot,unknown,,2026-09-07T02:33:19.257223Z
2026-09-07T02:33:19.433492Z,1389347524489277440,2026,False,6783,Jerry Jeudy,WR,WR,CLE,27,Active,,1,,unrostered_at_snapshot,unknown,,2026-09-07T02:33:19.257223Z
2026-09-07T02:33:19.433492Z,1389347524489277440,2026,False,11911,Jeshaun Jones,WR,WR,MIN,26,Active,Sus,5,,unrostered_at_snapshot,unknown,,2026-09-07T02:33:19.257223Z
2026-09-07T02:33:19.433492Z,1389347524489277440,2026,False,12523,Jimmy Horn,WR,WR,CAR,23,Active,,5,,unrostered_at_snapshot,unknown,,2026-09-07T02:33:19.257223Z
2026-09-07T02:33:19.433492Z,1389347524489277440,2026,False,6677,Joe Forson,WR,WR,KC,24,Practice Squad,NA,3,,unrostered_at_snapshot,unknown,,2026-09-07T02:33:19.257223Z
2026-09-07T02:33:19.433492Z,1389347524489277440,2026,False,8147,John Metchie,WR,WR,CAR,26,Active,,4,,unrostered_at_snapshot,unknown,,2026-09-07T02:33:19.257223Z
2026-09-07T02:33:19.433492Z,1389347524489277440,2026,False,10225,Jonathan Mingo,WR,WR,DAL,25,Active,,5,,unrostered_at_snapshot,unknown,,2026-09-07T02:33:19.257223Z
2026-09-07T02:33:19.433492Z,1389347524489277440,2026,False,13325,Jordan Hudson,WR,WR,DAL,22,Active,,,,unrostered_at_snapshot,unknown,,2026-09-07T02:33:19.257223Z
2026-09-07T02:33:19.433492Z,1389347524489277440,2026,False,12761,Jordan Moore,WR,WR,CIN,24,Active,,,,unrostered_at_snapshot,unknown,,2026-09-07T02:33:19.257223Z
2026-09-07T02:33:19.433492Z,1389347524489277440,2026,False,12634,Jordan Watkins,WR,WR,SF,24,Active,,6,,unrostered_at_snapshot,unknown,,2026-09-07T02:33:19.257223Z
2026-09-07T02:33:19.433492Z,1389347524489277440,2026,False,11623,Jordan Whittington,WR,WR,LAR,25,Active,,5,,unrostered_at_snapshot,unknown,,2026-09-07T02:33:19.257223Z
2026-09-07T02:33:19.433492Z,1389347524489277440,2026,False,13394,Josh Cameron,WR,WR,JAX,23,Active,,5,,unrostered_at_snapshot,unknown,,2026-09-07T02:33:19.257223Z
2026-09-07T02:33:19.433492Z,1389347524489277440,2026,False,12848,Josh Kelly,WR,WR,HOU,25,Active,,,,unrostered_at_snapshot,unknown,,2026-09-07T02:33:19.257223Z
2026-09-07T02:33:19.433492Z,1389347524489277440,2026,False,7670,Joshua Palmer,WR,WR,BUF,26,Active,,4,,unrostered_at_snapshot,unknown,,2026-09-07T02:33:19.257223Z
2026-09-07T02:33:19.433492Z,1389347524489277440,2026,False,12746,JP Richardson,WR,WR,CHI,24,Active,,,,unrostered_at_snapshot,unknown,,2026-09-07T02:33:19.257223Z
2026-09-07T02:33:19.433492Z,1389347524489277440,2026,False,12151,Julian Hicks,WR,WR,SEA,26,Active,,,,unrostered_at_snapshot,unknown,,2026-09-07T02:33:19.257223Z
2026-09-07T02:33:19.433492Z,1389347524489277440,2026,False,7066,K.J. Osborn,WR,WR,TEN,29,Active,,,,unrostered_at_snapshot,unknown,,2026-09-07T02:33:19.257223Z
2026-09-07T02:33:19.433492Z,1389347524489277440,2026,False,8755,Kaden Davis,WR,WR,CHI,27,Active,,,,unrostered_at_snapshot,unknown,,2026-09-07T02:33:19.257223Z
2026-09-07T02:33:19.433492Z,1389347524489277440,2026,False,13491,Kaden Wetjen,WR,WR,PIT,24,Active,,6,,unrostered_at_snapshot,unknown,,2026-09-07T02:33:19.257223Z
2026-09-07T02:33:19.433492Z,1389347524489277440,2026,False,3634,Kalif Raymond,WR,WR,CHI,32,Active,,3,,unrostered_at_snapshot,unknown,,2026-09-07T02:33:19.257223Z
2026-09-07T02:33:19.433492Z,1389347524489277440,2026,False,11994,Kameron Johnson,WR,WR,TB,24,Active,,6,,unrostered_at_snapshot,unknown,,2026-09-07T02:33:19.257223Z
2026-09-07T02:33:19.433492Z,1389347524489277440,2026,False,8917,KaVontae Turpin,WR,WR,DAL,30,Active,,4,,unrostered_at_snapshot,unknown,,2026-09-07T02:33:19.257223Z
2026-09-07T02:33:19.433492Z,1389347524489277440,2026,False,12971,Ke'Shawn Williams,WR,WR,CIN,24,Active,,7,,unrostered_at_snapshot,unknown,,2026-09-07T02:33:19.257223Z
2026-09-07T02:33:19.433492Z,1389347524489277440,2026,False,12670,KeAndre Lambert-Smith,WR,WR,LAC,24,Active,,5,,unrostered_at_snapshot,unknown,,2026-09-07T02:33:19.257223Z
2026-09-07T02:33:19.433492Z,1389347524489277440,2026,False,1479,Keenan Allen,WR,WR,IND,34,Active,,3,15,unrostered_at_snapshot,unknown,,2026-09-07T02:33:19.257223Z
2026-09-07T02:33:19.433492Z,1389347524489277440,2026,False,4454,Kendrick Bourne,WR,WR,ARI,31,Active,,3,,unrostered_at_snapshot,unknown,,2026-09-07T02:33:19.257223Z
2026-09-07T02:33:19.433492Z,1389347524489277440,2026,False,11637,Keon Coleman,WR,WR,BUF,23,Active,Questionable,3,,unrostered_at_snapshot,unknown,,2026-09-07T02:33:19.257223Z
2026-09-07T02:33:19.433492Z,1389347524489277440,2026,False,8200,Kevin Austin,WR,WR,NO,26,Active,,,,unrostered_at_snapshot,unknown,,2026-09-07T02:33:19.257223Z
2026-09-07T02:33:19.433492Z,1389347524489277440,2026,False,13338,Kevin Coleman,WR,WR,MIA,22,Active,,5,,unrostered_at_snapshot,unknown,,2026-09-07T02:33:19.257223Z
2026-09-07T02:33:19.433492Z,1389347524489277440,2026,False,5773,KhaDarel Hodge,WR,WR,SF,31,Active,,,,unrostered_at_snapshot,unknown,,2026-09-07T02:33:19.257223Z
2026-09-07T02:33:19.433492Z,1389347524489277440,2026,False,6866,KJ Hill,WR,WR,LAC,24,Active,,,,unrostered_at_snapshot,unknown,,2026-09-07T02:33:19.257223Z
2026-09-07T02:33:19.433492Z,1389347524489277440,2026,False,13981,Kolbe Katsis,WR,WR,DEN,24,Active,,,,unrostered_at_snapshot,unknown,,2026-09-07T02:33:19.257223Z
2026-09-07T02:33:19.433492Z,1389347524489277440,2026,False,13749,Kole Wilson,WR,WR,CLE,22,Active,,,,unrostered_at_snapshot,unknown,,2026-09-07T02:33:19.257223Z
2026-09-07T02:33:19.433492Z,1389347524489277440,2026,False,12718,Konata Mumpfield,WR,WR,LAR,23,Active,,7,,unrostered_at_snapshot,unknown,,2026-09-07T02:33:19.257223Z
2026-09-07T02:33:19.433492Z,1389347524489277440,2026,False,13830,Kyle Dixon,WR,WR,NE,25,Active,,,,unrostered_at_snapshot,unknown,,2026-09-07T02:33:19.257223Z
2026-09-07T02:33:19.433492Z,1389347524489277440,2026,False,12547,Kyle Williams,WR,WR,NE,23,Active,,5,,unrostered_at_snapshot,unknown,,2026-09-07T02:33:19.257223Z
2026-09-07T02:33:19.433492Z,1389347524489277440,2026,False,12699,LaJohntay Wester,WR,WR,BAL,24,Active,,6,,unrostered_at_snapshot,unknown,,2026-09-07T02:33:19.257223Z
2026-09-07T02:33:19.433492Z,1389347524489277440,2026,False,3155,Laquon Treadwell,WR,WR,IND,31,Active,,5,,unrostered_at_snapshot,unknown,,2026-09-07T02:33:19.257223Z
2026-09-07T02:33:19.433492Z,1389347524489277440,2026,False,13541,Lewis Bond,WR,WR,HOU,23,Active,,,,unrostered_at_snapshot,unknown,,2026-09-07T02:33:19.257223Z
2026-09-07T02:33:19.433492Z,1389347524489277440,2026,False,5938,Lil'Jordan Humphrey,WR,WR,DEN,28,Active,,6,,unrostered_at_snapshot,unknown,,2026-09-07T02:33:19.257223Z
2026-09-07T02:33:19.433492Z,1389347524489277440,2026,False,11520,Lucky Jackson,WR,WR,DET,29,Active,,,,unrostered_at_snapshot,unknown,,2026-09-07T02:33:19.257223Z
2026-09-07T02:33:19.433492Z,1389347524489277440,2026,False,11650,Luke McCaffrey,WR,WR,WAS,25,Active,,7,,unrostered_at_snapshot,unknown,,2026-09-07T02:33:19.257223Z
2026-09-07T02:33:19.433492Z,1389347524489277440,2026,False,4177,Mack Hollins,WR,WR,NE,32,Active,,4,,unrostered_at_snapshot,unknown,,2026-09-07T02:33:19.257223Z
2026-09-07T02:33:19.433492Z,1389347524489277440,2026,False,11617,Malachi Corley,WR,WR,CLE,24,Active,,5,,unrostered_at_snapshot,unknown,,2026-09-07T02:33:19.257223Z
2026-09-07T02:33:19.433492Z,1389347524489277440,2026,False,13329,Malik Benson,WR,WR,LV,23,Active,,4,,unrostered_at_snapshot,unknown,,2026-09-07T02:33:19.257223Z
2026-09-07T02:33:19.433492Z,1389347524489277440,2026,False,11210,Malik Heath,WR,WR,ATL,25,Active,,,,unrostered_at_snapshot,unknown,,2026-09-07T02:33:19.257223Z
2026-09-07T02:33:19.433492Z,1389347524489277440,2026,False,13825,Malik McClain,WR,WR,NYJ,,Active,,,,unrostered_at_snapshot,unknown,,2026-09-07T02:33:19.257223Z
2026-09-07T02:33:19.433492Z,1389347524489277440,2026,False,11610,Malik Washington,WR,WR,MIA,25,Active,,1,13,unrostered_at_snapshot,unknown,,2026-09-07T02:33:19.257223Z
2026-09-07T02:33:19.433492Z,1389347524489277440,2026,False,5848,Marquise Brown,WR,WR,PHI,29,Active,,4,,unrostered_at_snapshot,unknown,,2026-09-07T02:33:19.257223Z
2026-09-07T02:33:19.433492Z,1389347524489277440,2026,False,9494,Marvin Mims,WR,WR,DEN,24,Active,Questionable,4,,unrostered_at_snapshot,unknown,,2026-09-07T02:33:19.257223Z
2026-09-07T02:33:19.433492Z,1389347524489277440,2026,False,11895,Mason Tipton,WR,WR,NO,25,Active,PUP,9,,unrostered_at_snapshot,unknown,,2026-09-07T02:33:19.257223Z
2026-09-07T02:33:19.433492Z,1389347524489277440,2026,False,7618,Micah Simon,WR,WR,CAR,,Active,,,,unrostered_at_snapshot,unknown,,2026-09-07T02:33:19.257223Z
2026-09-07T02:33:19.433492Z,1389347524489277440,2026,False,8076,Michael Bandy,WR,WR,DEN,28,Active,,,,unrostered_at_snapshot,unknown,,2026-09-07T02:33:19.257223Z
2026-09-07T02:33:19.433492Z,1389347524489277440,2026,False,13890,Michael Briscoe,WR,WR,MIN,,Active,,,,unrostered_at_snapshot,unknown,,2026-09-07T02:33:19.257223Z
2026-09-07T02:33:19.433492Z,1389347524489277440,2026,False,13645,Michael Wortham,WR,WR,JAX,,Active,,,,unrostered_at_snapshot,unknown,,2026-09-07T02:33:19.257223Z
2026-09-07T02:33:19.433492Z,1389347524489277440,2026,False,11068,Mitch Tinsley,WR,WR,HOU,26,Active,,,,unrostered_at_snapshot,unknown,,2026-09-07T02:33:19.257223Z
2026-09-07T02:33:19.433492Z,1389347524489277440,2026,False,13199,Montorie Foster,WR,WR,SEA,25,Active,,9,,unrostered_at_snapshot,unknown,,2026-09-07T02:33:19.257223Z
2026-09-07T02:33:19.433492Z,1389347524489277440,2026,False,13075,Myles Price,WR,WR,MIN,24,Active,,6,,unrostered_at_snapshot,unknown,,2026-09-07T02:33:19.257223Z
2026-09-07T02:33:19.433492Z,1389347524489277440,2026,False,3050,Myles White,WR,WR,NYJ,27,Active,,4,,unrostered_at_snapshot,unknown,,2026-09-07T02:33:19.257223Z
2026-09-07T02:33:19.433492Z,1389347524489277440,2026,False,7496,Nick Westbrook-Ikhine,WR,WR,IND,29,Active,,,,unrostered_at_snapshot,unknown,,2026-09-07T02:33:19.257223Z
2026-09-07T02:33:19.433492Z,1389347524489277440,2026,False,1604,Nick Williams,WR,WR,DEN,32,Active,,,,unrostered_at_snapshot,unknown,,2026-09-07T02:33:19.257223Z
2026-09-07T02:33:19.433492Z,1389347524489277440,2026,False,11320,Nikko Remigio,WR,WR,KC,26,Active,,6,,unrostered_at_snapshot,unknown,,2026-09-07T02:33:19.257223Z
2026-09-07T02:33:19.433492Z,1389347524489277440,2026,False,13318,Noah Thomas,WR,WR,CIN,22,Active,,,,unrostered_at_snapshot,unknown,,2026-09-07T02:33:19.257223Z
2026-09-07T02:33:19.433492Z,1389347524489277440,2026,False,6271,Olamide Zaccheaus,WR,WR,ATL,29,Active,,3,,unrostered_at_snapshot,unknown,,2026-09-07T02:33:19.257223Z
2026-09-07T02:33:19.433492Z,1389347524489277440,2026,False,13905,Omari Evans,WR,WR,KC,22,Active,,,,unrostered_at_snapshot,unknown,,2026-09-07T02:33:19.257223Z
2026-09-07T02:33:19.433492Z,1389347524489277440,2026,False,12267,Qadir Ismail,WR,WR,CHI,26,Active,,,,unrostered_at_snapshot,unknown,,2026-09-07T02:33:19.257223Z
2026-09-07T02:33:19.433492Z,1389347524489277440,2026,False,7571,Rashod Bateman,WR,WR,BAL,26,Active,,2,,unrostered_at_snapshot,unknown,,2026-09-07T02:33:19.257223Z
2026-09-07T02:33:19.433492Z,1389347524489277440,2026,False,13297,Reggie Virgil,WR,WR,ARI,22,Active,,5,,unrostered_at_snapshot,unknown,,2026-09-07T02:33:19.257223Z
2026-09-07T02:33:19.433492Z,1389347524489277440,2026,False,12475,Ricky White,WR,WR,SEA,24,Active,,,,unrostered_at_snapshot,unknown,,2026-09-07T02:33:19.257223Z
2026-09-07T02:33:19.433492Z,1389347524489277440,2026,False,11630,Roman Wilson,WR,WR,PIT,25,Active,,4,,unrostered_at_snapshot,unknown,,2026-09-07T02:33:19.257223Z
2026-09-07T02:33:19.433492Z,1389347524489277440,2026,False,10221,Ronnie Bell,WR,WR,LV,26,Active,,,,unrostered_at_snapshot,unknown,,2026-09-07T02:33:19.257223Z
2026-09-07T02:33:19.433492Z,1389347524489277440,2026,False,11783,Ryan Flournoy,WR,WR,DAL,26,Active,,3,,unrostered_at_snapshot,unknown,,2026-09-07T02:33:19.257223Z
2026-09-07T02:33:19.433492Z,1389347524489277440,2026,False,11421,Ryan Miller,WR,WR,MIA,26,Active,,6,,unrostered_at_snapshot,unknown,,2026-09-07T02:33:19.257223Z
2026-09-07T02:33:19.433492Z,1389347524489277440,2026,False,6290,Scotty Miller,WR,WR,CHI,29,Active,,,,unrostered_at_snapshot,unknown,,2026-09-07T02:33:19.257223Z
2026-09-07T02:33:19.433492Z,1389347524489277440,2026,False,5638,Shaq Roland,WR,WR,CHI,,Active,,,,unrostered_at_snapshot,unknown,,2026-09-07T02:33:19.257223Z
2026-09-07T02:33:19.433492Z,1389347524489277440,2026,False,7812,Simi Fehoko,WR,WR,ARI,28,Active,,8,,unrostered_at_snapshot,unknown,,2026-09-07T02:33:19.257223Z
2026-09-07T02:33:19.433492Z,1389347524489277440,2026,False,13402,Skyler Bell,WR,WR,BUF,24,Active,,5,,unrostered_at_snapshot,unknown,,2026-09-07T02:33:19.257223Z
2026-09-07T02:33:19.433492Z,1389347524489277440,2026,False,8168,Skyy Moore,WR,WR,GB,25,Active,,5,,unrostered_at_snapshot,unknown,,2026-09-07T02:33:19.257223Z
2026-09-07T02:33:19.433492Z,1389347524489277440,2026,False,12756,Stephen Gosnell,WR,WR,BUF,24,Active,,,,unrostered_at_snapshot,unknown,,2026-09-07T02:33:19.257223Z
2026-09-07T02:33:19.433492Z,1389347524489277440,2026,False,12496,Tai Felton,WR,WR,MIN,23,Active,,4,,unrostered_at_snapshot,unknown,,2026-09-07T02:33:19.257223Z
2026-09-07T02:33:19.433492Z,1389347524489277440,2026,False,8250,Tay Martin,WR,WR,DET,28,Active,,4,,unrostered_at_snapshot,unknown,,2026-09-07T02:33:19.257223Z
2026-09-07T02:33:19.433492Z,1389347524489277440,2026,False,13317,Ted Hurst,WR,WR,TB,22,Active,,4,,unrostered_at_snapshot,unknown,,2026-09-07T02:33:19.257223Z
2026-09-07T02:33:19.433492Z,1389347524489277440,2026,False,12485,Tez Johnson,WR,WR,TB,24,Active,,5,,unrostered_at_snapshot,unknown,,2026-09-07T02:33:19.257223Z
2026-09-07T02:33:19.433492Z,1389347524489277440,2026,False,12860,Theo Wease,WR,WR,LAC,25,Active,,,,unrostered_at_snapshot,unknown,,2026-09-07T02:33:19.257223Z
2026-09-07T02:33:19.433492Z,1389347524489277440,2026,False,8013,Tim Jones,WR,WR,JAX,28,Active,,,,unrostered_at_snapshot,unknown,,2026-09-07T02:33:19.257223Z
2026-09-07T02:33:19.433492Z,1389347524489277440,2026,False,4351,Tim Patrick,WR,WR,NYJ,32,Active,,5,,unrostered_at_snapshot,unknown,,2026-09-07T02:33:19.257223Z
2026-09-07T02:33:19.433492Z,1389347524489277440,2026,False,6588,Tom Kennedy,WR,WR,DET,30,Active,,,,unrostered_at_snapshot,unknown,,2026-09-07T02:33:19.257223Z
2026-09-07T02:33:19.433492Z,1389347524489277440,2026,False,12497,Tory Horton,WR,WR,SEA,23,Active,Questionable,4,,unrostered_at_snapshot,unknown,,2026-09-07T02:33:19.257223Z
2026-09-07T02:33:19.433492Z,1389347524489277440,2026,False,14038,Trayvon Rudolph,WR,WR,MIN,25,Active,,,,unrostered_at_snapshot,unknown,,2026-09-07T02:33:19.257223Z
2026-09-07T02:33:19.433492Z,1389347524489277440,2026,False,12509,Tre' Harris,WR,WR,LAC,24,Active,Questionable,3,,unrostered_at_snapshot,unknown,,2026-09-07T02:33:19.257223Z
2026-09-07T02:33:19.433492Z,1389347524489277440,2026,False,13356,Trebor Pena,WR,WR,JAX,24,Active,,,,unrostered_at_snapshot,unknown,,2026-09-07T02:33:19.257223Z
2026-09-07T02:33:19.433492Z,1389347524489277440,2026,False,5154,Trent Sherfield,WR,WR,BUF,30,Active,,,,unrostered_at_snapshot,unknown,,2026-09-07T02:33:19.257223Z
2026-09-07T02:33:19.433492Z,1389347524489277440,2026,False,9492,Trey Palmer,WR,WR,NO,25,Active,,,,unrostered_at_snapshot,unknown,,2026-09-07T02:33:19.257223Z
2026-09-07T02:33:19.433492Z,1389347524489277440,2026,False,8135,Treylon Burks,WR,WR,WAS,26,Active,,4,,unrostered_at_snapshot,unknown,,2026-09-07T02:33:19.257223Z
2026-09-07T02:33:19.433492Z,1389347524489277440,2026,False,11627,Troy Franklin,WR,WR,DEN,23,Active,,5,,unrostered_at_snapshot,unknown,,2026-09-07T02:33:19.257223Z
2026-09-07T02:33:19.433492Z,1389347524489277440,2026,False,7562,Tutu Atwell,WR,WR,LAR,26,Active,,4,,unrostered_at_snapshot,unknown,,2026-09-07T02:33:19.257223Z
2026-09-07T02:33:19.433492Z,1389347524489277440,2026,False,7595,Tylan Wallace,WR,WR,CLE,27,Active,,6,,unrostered_at_snapshot,unknown,,2026-09-07T02:33:19.257223Z
2026-09-07T02:33:19.433492Z,1389347524489277440,2026,False,8188,Tyquan Thornton,WR,WR,KC,26,Active,,3,,unrostered_at_snapshot,unknown,,2026-09-07T02:33:19.257223Z
2026-09-07T02:33:19.433492Z,1389347524489277440,2026,False,11377,Tyrell Shavers,WR,WR,BUF,27,Active,PUP,8,,unrostered_at_snapshot,unknown,,2026-09-07T02:33:19.257223Z
2026-09-07T02:33:19.433492Z,1389347524489277440,2026,False,13600,Tyren Montgomery,WR,WR,TEN,25,Active,,,,unrostered_at_snapshot,unknown,,2026-09-07T02:33:19.257223Z
2026-09-07T02:33:19.433492Z,1389347524489277440,2026,False,8223,Velus Jones,WR,RB,SEA,29,Active,,,,unrostered_at_snapshot,unknown,,2026-09-07T02:33:19.257223Z
2026-09-07T02:33:19.433492Z,1389347524489277440,2026,False,13343,Vinny Anthony,WR,WR,ATL,,Active,,,,unrostered_at_snapshot,unknown,,2026-09-07T02:33:19.257223Z
2026-09-07T02:33:19.433492Z,1389347524489277440,2026,False,13663,Wesley Grimes,WR,WR,SF,22,Active,,,,unrostered_at_snapshot,unknown,,2026-09-07T02:33:19.257223Z
2026-09-07T02:33:19.433492Z,1389347524489277440,2026,False,13662,Will Pauling,WR,WR,SF,23,Active,,,,unrostered_at_snapshot,unknown,,2026-09-07T02:33:19.257223Z
2026-09-07T02:33:19.433492Z,1389347524489277440,2026,False,12788,Will Sheppard,WR,WR,MIA,24,Active,,,,unrostered_at_snapshot,unknown,,2026-09-07T02:33:19.257223Z
2026-09-07T02:33:19.433492Z,1389347524489277440,2026,False,13042,Xavier Guillory,WR,WR,BAL,25,Active,,,,unrostered_at_snapshot,unknown,,2026-09-07T02:33:19.257223Z
2026-09-07T02:33:19.433492Z,1389347524489277440,2026,False,10218,Xavier Hutchinson,WR,WR,HOU,26,Active,,4,,unrostered_at_snapshot,unknown,,2026-09-07T02:33:19.257223Z
2026-09-07T02:33:19.433492Z,1389347524489277440,2026,False,11626,Xavier Legette,WR,WR,CAR,25,Active,Questionable,3,,unrostered_at_snapshot,unknown,,2026-09-07T02:33:19.257223Z
2026-09-07T02:33:19.433492Z,1389347524489277440,2026,False,12520,Xavier Restrepo,WR,WR,TEN,24,Active,,,,unrostered_at_snapshot,unknown,,2026-09-07T02:33:19.257223Z
2026-09-07T02:33:19.433492Z,1389347524489277440,2026,False,11168,Xavier Smith,WR,WR,LAR,28,Active,,6,,unrostered_at_snapshot,unknown,,2026-09-07T02:33:19.257223Z
2026-09-07T02:33:19.433492Z,1389347524489277440,2026,False,13320,Zachariah Branch,WR,WR,ATL,22,Active,,4,,unrostered_at_snapshot,unknown,,2026-09-07T02:33:19.257223Z
2026-09-07T02:33:19.433492Z,1389347524489277440,2026,False,13411,Zavion Thomas,WR,WR,CHI,22,Active,,4,,unrostered_at_snapshot,unknown,,2026-09-07T02:33:19.257223Z
2026-09-07T02:33:19.433492Z,1389347524489277440,2026,False,830,A.J. Green,WR,WR,,34,Active,,,,unrostered_at_snapshot,unknown,,2026-09-07T02:33:19.257223Z
2026-09-07T02:33:19.433492Z,1389347524489277440,2026,False,6373,A.J. Richardson,WR,WR,,26,Active,,,,unrostered_at_snapshot,unknown,,2026-09-07T02:33:19.257223Z
2026-09-07T02:33:19.433492Z,1389347524489277440,2026,False,10863,A.T. Perry,WR,WR,,26,Active,,,,unrostered_at_snapshot,unknown,,2026-09-07T02:33:19.257223Z
2026-09-07T02:33:19.433492Z,1389347524489277440,2026,False,1365,Aaron Dobson,WR,WR,,29,Injured Reserve,,,,unrostered_at_snapshot,unknown,,2026-09-07T02:33:19.257223Z
2026-09-07T02:33:19.433492Z,1389347524489277440,2026,False,6967,Aaron Fuller,WR,WR,,24,Active,,,,unrostered_at_snapshot,unknown,,2026-09-07T02:33:19.257223Z
2026-09-07T02:33:19.433492Z,1389347524489277440,2026,False,7091,Aaron Parker,WR,WR,,24,Active,,,,unrostered_at_snapshot,unknown,,2026-09-07T02:33:19.257223Z
2026-09-07T02:33:19.433492Z,1389347524489277440,2026,False,2822,Adam Humphries,WR,WR,,30,Active,,,,unrostered_at_snapshot,unknown,,2026-09-07T02:33:19.257223Z
2026-09-07T02:33:19.433492Z,1389347524489277440,2026,False,1689,Adam Thielen,WR,WR,,35,Active,NA,,,unrostered_at_snapshot,unknown,,2026-09-07T02:33:19.257223Z
2026-09-07T02:33:19.433492Z,1389347524489277440,2026,False,5129,Adonis Jennings,WR,WR,,26,Active,,,,unrostered_at_snapshot,unknown,,2026-09-07T02:33:19.257223Z
2026-09-07T02:33:19.433492Z,1389347524489277440,2026,False,2929,Adrian Coxson,WR,WR,,33,Active,,,,unrostered_at_snapshot,unknown,,2026-09-07T02:33:19.257223Z
2026-09-07T02:33:19.433492Z,1389347524489277440,2026,False,4929,Ahmad Fulwood,WR,WR,,,Active,,,,unrostered_at_snapshot,unknown,,2026-09-07T02:33:19.257223Z
2026-09-07T02:33:19.433492Z,1389347524489277440,2026,False,11918,Ahmarean Brown,WR,WR,,24,Active,,,,unrostered_at_snapshot,unknown,,2026-09-07T02:33:19.257223Z
2026-09-07T02:33:19.433492Z,1389347524489277440,2026,False,12528,Ajou Ajou,WR,WR,,23,Active,,,,unrostered_at_snapshot,unknown,,2026-09-07T02:33:19.257223Z
2026-09-07T02:33:19.433492Z,1389347524489277440,2026,False,2025,Albert Wilson,WR,WR,,30,Active,,,,unrostered_at_snapshot,unknown,,2026-09-07T02:33:19.257223Z
2026-09-07T02:33:19.433492Z,1389347524489277440,2026,False,7235,Aleva Hifo,WR,WR,,24,Active,,,,unrostered_at_snapshot,unknown,,2026-09-07T02:33:19.257223Z
2026-09-07T02:33:19.433492Z,1389347524489277440,2026,False,13657,Alex Bullock,WR,WR,,,Active,NA,,,unrostered_at_snapshot,unknown,,2026-09-07T02:33:19.257223Z
2026-09-07T02:33:19.433492Z,1389347524489277440,2026,False,3433,Alex Erickson,WR,WR,,32,Active,,,,unrostered_at_snapshot,unknown,,2026-09-07T02:33:19.257223Z
2026-09-07T02:33:19.433492Z,1389347524489277440,2026,False,6381,Alexander Hollins,WR,WR,,25,Active,,,,unrostered_at_snapshot,unknown,,2026-09-07T02:33:19.257223Z
2026-09-07T02:33:19.433492Z,1389347524489277440,2026,False,5185,Allen Lazard,WR,WR,,30,Active,,,,unrostered_at_snapshot,unknown,,2026-09-07T02:33:19.257223Z
2026-09-07T02:33:19.433492Z,1389347524489277440,2026,False,1992,Allen Robinson,WR,WR,,31,Active,,,,unrostered_at_snapshot,unknown,,2026-09-07T02:33:19.257223Z
2026-09-07T02:33:19.433492Z,1389347524489277440,2026,False,1149,Alshon Jeffery,WR,WR,,31,Active,,,,unrostered_at_snapshot,unknown,,2026-09-07T02:33:19.257223Z
2026-09-07T02:33:19.433492Z,1389347524489277440,2026,False,4139,Amara Darboh,WR,WR,,27,Active,,,,unrostered_at_snapshot,unknown,,2026-09-07T02:33:19.257223Z
2026-09-07T02:33:19.433492Z,1389347524489277440,2026,False,2309,Amari Cooper,WR,WR,,31,Active,,,,unrostered_at_snapshot,unknown,,2026-09-07T02:33:19.257223Z
2026-09-07T02:33:19.433492Z,1389347524489277440,2026,False,7540,Amari Rodgers,WR,WR,,24,Active,,,,unrostered_at_snapshot,unknown,,2026-09-07T02:33:19.257223Z
2026-09-07T02:33:19.433492Z,1389347524489277440,2026,False,4626,Amba Etta-Tawo,WR,WR,,28,Active,,,,unrostered_at_snapshot,unknown,,2026-09-07T02:33:19.257223Z
2026-09-07T02:33:19.433492Z,1389347524489277440,2026,False,3606,Amir Carlisle,WR,WR,,32,Active,,,,unrostered_at_snapshot,unknown,,2026-09-07T02:33:19.257223Z
2026-09-07T02:33:19.433492Z,1389347524489277440,2026,False,4928,Anas Hasic,WR,WR,,,Active,,,,unrostered_at_snapshot,unknown,,2026-09-07T02:33:19.257223Z
2026-09-07T02:33:19.433492Z,1389347524489277440,2026,False,7233,Andre Baccellia,WR,WR,,29,Active,Questionable,,,unrostered_at_snapshot,unknown,,2026-09-07T02:33:19.257223Z
2026-09-07T02:33:19.433492Z,1389347524489277440,2026,False,5249,Andre Levrone,WR,WR,,26,Active,,,,unrostered_at_snapshot,unknown,,2026-09-07T02:33:19.257223Z
2026-09-07T02:33:19.433492Z,1389347524489277440,2026,False,6617,Andre Lindsey,WR,WR,,,Active,,,,unrostered_at_snapshot,unknown,,2026-09-07T02:33:19.257223Z
2026-09-07T02:33:19.433492Z,1389347524489277440,2026,False,4669,Andre Patton,WR,WR,,27,Active,,,,unrostered_at_snapshot,unknown,,2026-09-07T02:33:19.257223Z
2026-09-07T02:33:19.433492Z,1389347524489277440,2026,False,627,Andre Roberts,WR,WR,,35,Active,,,,unrostered_at_snapshot,unknown,,2026-09-07T02:33:19.257223Z
2026-09-07T02:33:19.433492Z,1389347524489277440,2026,False,8572,Andrew Parchment,WR,WR,,,Active,,,,unrostered_at_snapshot,unknown,,2026-09-07T02:33:19.257223Z
2026-09-07T02:33:19.433492Z,1389347524489277440,2026,False,2804,Andrew Turzilli,WR,WR,,28,Injured Reserve,,,,unrostered_at_snapshot,unknown,,2026-09-07T02:33:19.257223Z
2026-09-07T02:33:19.433492Z,1389347524489277440,2026,False,5915,Andy Isabella,WR,WR,,28,Active,Questionable,,,unrostered_at_snapshot,unknown,,2026-09-07T02:33:19.257223Z
2026-09-07T02:33:19.433492Z,1389347524489277440,2026,False,3148,Anthony Dable,WR,WR,,33,Active,,,,unrostered_at_snapshot,unknown,,2026-09-07T02:33:19.257223Z
2026-09-07T02:33:19.433492Z,1389347524489277440,2026,False,5929,Anthony Johnson,WR,WR,,26,Active,,,,unrostered_at_snapshot,unknown,,2026-09-07T02:33:19.257223Z
2026-09-07T02:33:19.433492Z,1389347524489277440,2026,False,3593,Anthony Kelly,WR,WR,,31,Active,,,,unrostered_at_snapshot,unknown,,2026-09-07T02:33:19.257223Z
2026-09-07T02:33:19.433492Z,1389347524489277440,2026,False,5612,Anthony Mahoungou,WR,WR,,27,Active,,,,unrostered_at_snapshot,unknown,,2026-09-07T02:33:19.257223Z
2026-09-07T02:33:19.433492Z,1389347524489277440,2026,False,5013,Anthony Miller,WR,WR,,30,Active,,,,unrostered_at_snapshot,unknown,,2026-09-07T02:33:19.257223Z
2026-09-07T02:33:19.433492Z,1389347524489277440,2026,False,4585,Anthony Nash,WR,WR,,28,Active,,,,unrostered_at_snapshot,unknown,,2026-09-07T02:33:19.257223Z
2026-09-07T02:33:19.433492Z,1389347524489277440,2026,False,5984,Anthony Ratliff-Williams,WR,WR,,24,Active,,,,unrostered_at_snapshot,unknown,,2026-09-07T02:33:19.257223Z
2026-09-07T02:33:19.433492Z,1389347524489277440,2026,False,7533,Anthony Schwartz,WR,WR,,24,Active,,,,unrostered_at_snapshot,unknown,,2026-09-07T02:33:19.257223Z
2026-09-07T02:33:19.433492Z,1389347524489277440,2026,False,8813,Anthony Turner,WR,WR,,,Active,,,,unrostered_at_snapshot,unknown,,2026-09-07T02:33:19.257223Z
2026-09-07T02:33:19.433492Z,1389347524489277440,2026,False,11053,Antoine Green,WR,WR,,25,Active,,,,unrostered_at_snapshot,unknown,,2026-09-07T02:33:19.257223Z
2026-09-07T02:33:19.433492Z,1389347524489277440,2026,False,6165,Antoine Wesley,WR,WR,,25,Active,,,,unrostered_at_snapshot,unknown,,2026-09-07T02:33:19.257223Z
2026-09-07T02:33:19.433492Z,1389347524489277440,2026,False,536,Antonio Brown,WR,WR,,33,Active,,,,unrostered_at_snapshot,unknown,,2026-09-07T02:33:19.257223Z
2026-09-07T02:33:19.433492Z,1389347524489277440,2026,False,5310,Antonio Callaway,WR,WR,,26,Active,,,,unrostered_at_snapshot,unknown,,2026-09-07T02:33:19.257223Z
2026-09-07T02:33:19.433492Z,1389347524489277440,2026,False,7744,Antonio Nunn,WR,WR,,25,Active,,,,unrostered_at_snapshot,unknown,,2026-09-07T02:33:19.257223Z
2026-09-07T02:33:19.433492Z,1389347524489277440,2026,False,5401,Armanti Foreman,WR,WR,,,Active,,,,unrostered_at_snapshot,unknown,,2026-09-07T02:33:19.257223Z
2026-09-07T02:33:19.433492Z,1389347524489277440,2026,False,11267,Aron Cruickshank,WR,WR,,22,Active,,,,unrostered_at_snapshot,unknown,,2026-09-07T02:33:19.257223Z
2026-09-07T02:33:19.433492Z,1389347524489277440,2026,False,4670,Artavis Scott,WR,WR,,27,Active,,,,unrostered_at_snapshot,unknown,,2026-09-07T02:33:19.257223Z
2026-09-07T02:33:19.433492Z,1389347524489277440,2026,False,5130,Auden Tate,WR,WR,,26,Active,,,,unrostered_at_snapshot,unknown,,2026-09-07T02:33:19.257223Z
2026-09-07T02:33:19.433492Z,1389347524489277440,2026,False,4358,Austin Duke,WR,WR,,28,Active,,,,unrostered_at_snapshot,unknown,,2026-09-07T02:33:19.257223Z
2026-09-07T02:33:19.433492Z,1389347524489277440,2026,False,6873,Austin Mack,WR,WR,,26,Active,,,,unrostered_at_snapshot,unknown,,2026-09-07T02:33:19.257223Z
2026-09-07T02:33:19.433492Z,1389347524489277440,2026,False,5126,Austin Proehl,WR,WR,,26,Active,,,,unrostered_at_snapshot,unknown,,2026-09-07T02:33:19.257223Z
2026-09-07T02:33:19.433492Z,1389347524489277440,2026,False,7579,Austin Watkins,WR,WR,,26,Active,,,,unrostered_at_snapshot,unknown,,2026-09-07T02:33:19.257223Z
2026-09-07T02:33:19.433492Z,1389347524489277440,2026,False,11544,Avery Davis,WR,WR,,24,Active,,,,unrostered_at_snapshot,unknown,,2026-09-07T02:33:19.257223Z
2026-09-07T02:33:19.433492Z,1389347524489277440,2026,False,12097,Ayir Asante,WR,WR,,23,Active,,,,unrostered_at_snapshot,unknown,,2026-09-07T02:33:19.257223Z
2026-09-07T02:33:19.433492Z,1389347524489277440,2026,False,4515,B.J. Johnson,WR,WR,,28,Active,,,,unrostered_at_snapshot,unknown,,2026-09-07T02:33:19.257223Z
2026-09-07T02:33:19.433492Z,1389347524489277440,2026,False,7885,Bailey Gaither,WR,WR,,26,Active,,,,unrostered_at_snapshot,unknown,,2026-09-07T02:33:19.257223Z
2026-09-07T02:33:19.433492Z,1389347524489277440,2026,False,12314,Beau Corrales,WR,WR,,,Active,,,,unrostered_at_snapshot,unknown,,2026-09-07T02:33:19.257223Z
2026-09-07T02:33:19.433492Z,1389347524489277440,2026,False,2906,Bell Braylon,WR,WR,,,Active,,,,unrostered_at_snapshot,unknown,,2026-09-07T02:33:19.257223Z
2026-09-07T02:33:19.433492Z,1389347524489277440,2026,False,13647,Ben Patterson,WR,WR,,,Active,,,,unrostered_at_snapshot,unknown,,2026-09-07T02:33:19.257223Z
2026-09-07T02:33:19.433492Z,1389347524489277440,2026,False,2003,Bennie Fowler,WR,WR,,30,Active,,,,unrostered_at_snapshot,unknown,,2026-09-07T02:33:19.257223Z
2026-09-07T02:33:19.433492Z,1389347524489277440,2026,False,6939,Binjimen Victor,WR,WR,,26,Active,,,,unrostered_at_snapshot,unknown,,2026-09-07T02:33:19.257223Z
2026-09-07T02:33:19.433492Z,1389347524489277440,2026,False,7552,Blake Proehl,WR,WR,,24,Active,,,,unrostered_at_snapshot,unknown,,2026-09-07T02:33:19.257223Z
2026-09-07T02:33:19.433492Z,1389347524489277440,2026,False,12832,Blayne Taylor,WR,WR,,23,Active,,,,unrostered_at_snapshot,unknown,,2026-09-07T02:33:19.257223Z
2026-09-07T02:33:19.433492Z,1389347524489277440,2026,False,4480,Bobo Wilson,WR,WR,,26,Active,,,,unrostered_at_snapshot,unknown,,2026-09-07T02:33:19.257223Z
2026-09-07T02:33:19.433492Z,1389347524489277440,2026,False,4779,Bra'Lon Cherry,WR,WR,,26,Active,,,,unrostered_at_snapshot,unknown,,2026-09-07T02:33:19.257223Z
2026-09-07T02:33:19.433492Z,1389347524489277440,2026,False,13658,Brady Boyd,WR,WR,,24,Active,,,,unrostered_at_snapshot,unknown,,2026-09-07T02:33:19.257223Z
2026-09-07T02:33:19.433492Z,1389347524489277440,2026,False,8021,Branden Mack,WR,WR,,23,Active,,,,unrostered_at_snapshot,unknown,,2026-09-07T02:33:19.257223Z
2026-09-07T02:33:19.433492Z,1389347524489277440,2026,False,2197,Brandin Cooks,WR,WR,,32,Active,,,,unrostered_at_snapshot,unknown,,2026-09-07T02:33:19.257223Z
2026-09-07T02:33:19.433492Z,1389347524489277440,2026,False,14049,Brandon Hayes,WR,WR,,,Active,,,,unrostered_at_snapshot,unknown,,2026-09-07T02:33:19.257223Z
2026-09-07T02:33:19.433492Z,1389347524489277440,2026,False,8908,Brandon Lewis,WR,WR,,,Active,,,,unrostered_at_snapshot,unknown,,2026-09-07T02:33:19.257223Z
2026-09-07T02:33:19.433492Z,1389347524489277440,2026,False,7340,Brandon Polk,WR,WR,,25,Active,,,,unrostered_at_snapshot,unknown,,2026-09-07T02:33:19.257223Z
2026-09-07T02:33:19.433492Z,1389347524489277440,2026,False,5695,Brandon Powell,WR,WR,,29,Active,,,,unrostered_at_snapshot,unknown,,2026-09-07T02:33:19.257223Z
2026-09-07T02:33:19.433492Z,1389347524489277440,2026,False,3762,Brandon Shippen,WR,WR,,27,Active,,,,unrostered_at_snapshot,unknown,,2026-09-07T02:33:19.257223Z
2026-09-07T02:33:19.433492Z,1389347524489277440,2026,False,4878,Brandon Zylstra,WR,WR,,29,Active,,,,unrostered_at_snapshot,unknown,,2026-09-07T02:33:19.257223Z
2026-09-07T02:33:19.433492Z,1389347524489277440,2026,False,11410,Braxton Burmeister,WR,WR,,24,Active,,,,unrostered_at_snapshot,unknown,,2026-09-07T02:33:19.257223Z
2026-09-07T02:33:19.433492Z,1389347524489277440,2026,False,11301,Braxton Westfield,WR,WR,,,Active,,,,unrostered_at_snapshot,unknown,,2026-09-07T02:33:19.257223Z
2026-09-07T02:33:19.433492Z,1389347524489277440,2026,False,11496,Braydon Johnson,WR,WR,,24,Active,,,,unrostered_at_snapshot,unknown,,2026-09-07T02:33:19.257223Z
2026-09-07T02:33:19.433492Z,1389347524489277440,2026,False,8178,Braylon Sanders,WR,WR,,26,Active,,,,unrostered_at_snapshot,unknown,,2026-09-07T02:33:19.257223Z
2026-09-07T02:33:19.433492Z,1389347524489277440,2026,False,2044,Brelan Chancellor,WR,WR,,33,Active,,,,unrostered_at_snapshot,unknown,,2026-09-07T02:33:19.257223Z
2026-09-07T02:33:19.433492Z,1389347524489277440,2026,False,11621,Brenden Rice,WR,WR,,24,Active,,,,unrostered_at_snapshot,unknown,,2026-09-07T02:33:19.257223Z
2026-09-07T02:33:19.433492Z,1389347524489277440,2026,False,7584,Brennan Eagles,WR,WR,,,Active,,,,unrostered_at_snapshot,unknown,,2026-09-07T02:33:19.257223Z
2026-09-07T02:33:19.433492Z,1389347524489277440,2026,False,2331,Breshad Perriman,WR,WR,,29,Active,,,,unrostered_at_snapshot,unknown,,2026-09-07T02:33:19.257223Z
2026-09-07T02:33:19.433492Z,1389347524489277440,2026,False,12220,Brevin Easton,WR,WR,,24,Active,,,,unrostered_at_snapshot,unknown,,2026-09-07T02:33:19.257223Z
2026-09-07T02:33:19.433492Z,1389347524489277440,2026,False,4569,Brian Brown,WR,WR,,27,Active,,,,unrostered_at_snapshot,unknown,,2026-09-07T02:33:19.257223Z
2026-09-07T02:33:19.433492Z,1389347524489277440,2026,False,6629,Brian Burt,WR,WR,,,Active,,,,unrostered_at_snapshot,unknown,,2026-09-07T02:33:19.257223Z
2026-09-07T02:33:19.433492Z,1389347524489277440,2026,False,11502,Brian Cobbs,WR,WR,,23,Active,,,,unrostered_at_snapshot,unknown,,2026-09-07T02:33:19.257223Z
2026-09-07T02:33:19.433492Z,1389347524489277440,2026,False,4815,Brian Riley,WR,WR,,26,Active,,,,unrostered_at_snapshot,unknown,,2026-09-07T02:33:19.257223Z
2026-09-07T02:33:19.433492Z,1389347524489277440,2026,False,4434,Brisly Estime,WR,WR,,29,Active,,,,unrostered_at_snapshot,unknown,,2026-09-07T02:33:19.257223Z
2026-09-07T02:33:19.433492Z,1389347524489277440,2026,False,1743,Brittan Golden,WR,WR,,32,Injured Reserve,,,,unrostered_at_snapshot,unknown,,2026-09-07T02:33:19.257223Z
2026-09-07T02:33:19.433492Z,1389347524489277440,2026,False,14034,Brock Rechsteiner,WR,WR,,,Active,Sus,,,unrostered_at_snapshot,unknown,,2026-09-07T02:33:19.257223Z
2026-09-07T02:33:19.433492Z,1389347524489277440,2026,False,6870,Bryan Edwards,WR,WR,,24,Active,,,,unrostered_at_snapshot,unknown,,2026-09-07T02:33:19.257223Z
2026-09-07T02:33:19.433492Z,1389347524489277440,2026,False,1009,Bryan Walters,WR,WR,,32,Injured Reserve,,,,unrostered_at_snapshot,unknown,,2026-09-07T02:33:19.257223Z
2026-09-07T02:33:19.433492Z,1389347524489277440,2026,False,5787,Bryce Bobo,WR,WR,,26,Active,,,,unrostered_at_snapshot,unknown,,2026-09-07T02:33:19.257223Z
2026-09-07T02:33:19.433492Z,1389347524489277440,2026,False,9499,Bryce Ford-Wheaton,WR,WR,,26,Active,Questionable,,,unrostered_at_snapshot,unknown,,2026-09-07T02:33:19.257223Z
2026-09-07T02:33:19.433492Z,1389347524489277440,2026,False,12799,Bryson Green,WR,WR,,23,Active,,,,unrostered_at_snapshot,unknown,,2026-09-07T02:33:19.257223Z
2026-09-07T02:33:19.433492Z,1389347524489277440,2026,False,11748,Bub Means,WR,WR,,25,Active,,,,unrostered_at_snapshot,unknown,,2026-09-07T02:33:19.257223Z
2026-09-07T02:33:19.433492Z,1389347524489277440,2026,False,2502,Bud Sasser,WR,WR,,,Active,,,,unrostered_at_snapshot,unknown,,2026-09-07T02:33:19.257223Z
2026-09-07T02:33:19.433492Z,1389347524489277440,2026,False,5199,Byron Pringle,WR,WR,,30,Active,,,,unrostered_at_snapshot,unknown,,2026-09-07T02:33:19.257223Z
2026-09-07T02:33:19.433492Z,1389347524489277440,2026,False,4344,C.J. Board,WR,WR,,29,Active,,,,unrostered_at_snapshot,unknown,,2026-09-07T02:33:19.257223Z
2026-09-07T02:33:19.433492Z,1389347524489277440,2026,False,13334,C.J. Charleston,WR,WR,,,Active,,,,unrostered_at_snapshot,unknown,,2026-09-07T02:33:19.257223Z
2026-09-07T02:33:19.433492Z,1389347524489277440,2026,False,5734,C.J. Duncan,WR,WR,,26,Active,,,,unrostered_at_snapshot,unknown,,2026-09-07T02:33:19.257223Z
2026-09-07T02:33:19.433492Z,1389347524489277440,2026,False,4798,C.J. Germany,WR,WR,,,Active,,,,unrostered_at_snapshot,unknown,,2026-09-07T02:33:19.257223Z
2026-09-07T02:33:19.433492Z,1389347524489277440,2026,False,9759,C.J. Johnson,WR,WR,,22,Active,,,,unrostered_at_snapshot,unknown,,2026-09-07T02:33:19.257223Z
2026-09-07T02:33:19.433492Z,1389347524489277440,2026,False,8068,C.J. Saunders,WR,WR,,27,Active,,,,unrostered_at_snapshot,unknown,,2026-09-07T02:33:19.257223Z
2026-09-07T02:33:19.433492Z,1389347524489277440,2026,False,6359,C.J. Worton,WR,WR,,25,Active,,,,unrostered_at_snapshot,unknown,,2026-09-07T02:33:19.257223Z
2026-09-07T02:33:19.433492Z,1389347524489277440,2026,False,7956,Cade Johnson,WR,WR,,26,Active,,,,unrostered_at_snapshot,unknown,,2026-09-07T02:33:19.257223Z
2026-09-07T02:33:19.433492Z,1389347524489277440,2026,False,13212,Cade McDonald,WR,WR,,24,Active,,,,unrostered_at_snapshot,unknown,,2026-09-07T02:33:19.257223Z
2026-09-07T02:33:19.433492Z,1389347524489277440,2026,False,12399,Caleb Chapman,WR,WR,,,Active,,,,unrostered_at_snapshot,unknown,,2026-09-07T02:33:19.257223Z
2026-09-07T02:33:19.433492Z,1389347524489277440,2026,False,8251,Calvin Jackson,WR,WR,,25,Active,,,,unrostered_at_snapshot,unknown,,2026-09-07T02:33:19.257223Z
2026-09-07T02:33:19.433492Z,1389347524489277440,2026,False,12906,Cam Camper,WR,WR,,25,Active,,,,unrostered_at_snapshot,unknown,,2026-09-07T02:33:19.257223Z
2026-09-07T02:33:19.433492Z,1389347524489277440,2026,False,12086,Cam Johnson,WR,WR,,25,Active,,,,unrostered_at_snapshot,unknown,,2026-09-07T02:33:19.257223Z
2026-09-07T02:33:19.433492Z,1389347524489277440,2026,False,5432,Cam Sims,WR,WR,,28,Active,,,,unrostered_at_snapshot,unknown,,2026-09-07T02:33:19.257223Z
2026-09-07T02:33:19.433492Z,1389347524489277440,2026,False,2938,Cam Worthy,WR,WR,,32,Active,,,,unrostered_at_snapshot,unknown,,2026-09-07T02:33:19.257223Z
2026-09-07T02:33:19.433492Z,1389347524489277440,2026,False,5289,Cameron Batson,WR,WR,,27,Active,,,,unrostered_at_snapshot,unknown,,2026-09-07T02:33:19.257223Z
2026-09-07T02:33:19.433492Z,1389347524489277440,2026,False,4749,Cameron Posey,WR,WR,,28,Active,,,,unrostered_at_snapshot,unknown,,2026-09-07T02:33:19.257223Z
2026-09-07T02:33:19.433492Z,1389347524489277440,2026,False,13744,Cameron Ross,WR,WR,,25,Active,,,,unrostered_at_snapshot,unknown,,2026-09-07T02:33:19.257223Z
2026-09-07T02:33:19.433492Z,1389347524489277440,2026,False,3555,Canaan Severin,WR,WR,,28,Active,,,,unrostered_at_snapshot,unknown,,2026-09-07T02:33:19.257223Z
2026-09-07T02:33:19.433492Z,1389347524489277440,2026,False,4108,Carlos Henderson,WR,WR,,27,Active,,,,unrostered_at_snapshot,unknown,,2026-09-07T02:33:19.257223Z
2026-09-07T02:33:19.433492Z,1389347524489277440,2026,False,3447,Cayleb Jones,WR,WR,,28,Active,,,,unrostered_at_snapshot,unknown,,2026-09-07T02:33:19.257223Z
2026-09-07T02:33:19.433492Z,1389347524489277440,2026,False,11081,Cephus Johnson,WR,WR,,24,Active,,,,unrostered_at_snapshot,unknown,,2026-09-07T02:33:19.257223Z
2026-09-07T02:33:19.433492Z,1389347524489277440,2026,False,5570,Chad Beebe,WR,WR,,28,Active,,,,unrostered_at_snapshot,unknown,,2026-09-07T02:33:19.257223Z
2026-09-07T02:33:19.433492Z,1389347524489277440,2026,False,4175,Chad Hansen,WR,WR,,27,Active,,,,unrostered_at_snapshot,unknown,,2026-09-07T02:33:19.257223Z
2026-09-07T02:33:19.433492Z,1389347524489277440,2026,False,4128,Chad Williams,WR,WR,,27,Active,,,,unrostered_at_snapshot,unknown,,2026-09-07T02:33:19.257223Z
2026-09-07T02:33:19.433492Z,1389347524489277440,2026,False,12908,Chandler Brayboy,WR,WR,,25,Active,,,,unrostered_at_snapshot,unknown,,2026-09-07T02:33:19.257223Z
2026-09-07T02:33:19.433492Z,1389347524489277440,2026,False,8624,Changa Hodge,WR,WR,,24,Active,,,,unrostered_at_snapshot,unknown,,2026-09-07T02:33:19.257223Z
2026-09-07T02:33:19.433492Z,1389347524489277440,2026,False,6643,Charles Holland,WR,WR,,,Active,,,,unrostered_at_snapshot,unknown,,2026-09-07T02:33:19.257223Z
2026-09-07T02:33:19.433492Z,1389347524489277440,2026,False,1530,Charles Johnson,WR,WR,,31,Injured Reserve,,,,unrostered_at_snapshot,unknown,,2026-09-07T02:33:19.257223Z
2026-09-07T02:33:19.433492Z,1389347524489277440,2026,False,11347,Chase Cota,WR,WR,,25,Active,,,,unrostered_at_snapshot,unknown,,2026-09-07T02:33:19.257223Z
2026-09-07T02:33:19.433492Z,1389347524489277440,2026,False,11554,Chase Cota,WR,WR,,24,Active,,,,unrostered_at_snapshot,unknown,,2026-09-07T02:33:19.257223Z
2026-09-07T02:33:19.433492Z,1389347524489277440,2026,False,3582,Chester Rogers,WR,WR,,28,Active,,,,unrostered_at_snapshot,unknown,,2026-09-07T02:33:19.257223Z
2026-09-07T02:33:19.433492Z,1389347524489277440,2026,False,12100,Chris Autman-Bell,WR,WR,,25,Active,,,,unrostered_at_snapshot,unknown,,2026-09-07T02:33:19.257223Z
2026-09-07T02:33:19.433492Z,1389347524489277440,2026,False,3486,Chris Brown,WR,WR,,28,Active,,,,unrostered_at_snapshot,unknown,,2026-09-07T02:33:19.257223Z
2026-09-07T02:33:19.433492Z,1389347524489277440,2026,False,11366,Chris Coleman,WR,WR,,24,Active,,,,unrostered_at_snapshot,unknown,,2026-09-07T02:33:19.257223Z
2026-09-07T02:33:19.433492Z,1389347524489277440,2026,False,2381,Chris Conley,WR,WR,,32,Active,,,,unrostered_at_snapshot,unknown,,2026-09-07T02:33:19.257223Z
2026-09-07T02:33:19.433492Z,1389347524489277440,2026,False,7092,Chris Finke,WR,WR,,26,Active,,,,unrostered_at_snapshot,unknown,,2026-09-07T02:33:19.257223Z
2026-09-07T02:33:19.433492Z,1389347524489277440,2026,False,1329,Chris Hogan,WR,WR,,34,Injured Reserve,,,,unrostered_at_snapshot,unknown,,2026-09-07T02:33:19.257223Z
2026-09-07T02:33:19.433492Z,1389347524489277440,2026,False,3609,Chris King,WR,WR,,31,Active,,,,unrostered_at_snapshot,unknown,,2026-09-07T02:33:19.257223Z
2026-09-07T02:33:19.433492Z,1389347524489277440,2026,False,5661,Chris Lacy,WR,WR,,27,Active,,,,unrostered_at_snapshot,unknown,,2026-09-07T02:33:19.257223Z
2026-09-07T02:33:19.433492Z,1389347524489277440,2026,False,2292,Chris Matthews,WR,WR,,30,Injured Reserve,,,,unrostered_at_snapshot,unknown,,2026-09-07T02:33:19.257223Z
2026-09-07T02:33:19.433492Z,1389347524489277440,2026,False,7175,Chris Rowland,WR,WR,,24,Active,,,,unrostered_at_snapshot,unknown,,2026-09-07T02:33:19.257223Z
2026-09-07T02:33:19.433492Z,1389347524489277440,2026,False,13043,Chris Tyree,WR,WR,,24,Active,,,,unrostered_at_snapshot,unknown,,2026-09-07T02:33:19.257223Z
2026-09-07T02:33:19.433492Z,1389347524489277440,2026,False,5241,Christian Blake,WR,WR,,26,Active,,,,unrostered_at_snapshot,unknown,,2026-09-07T02:33:19.257223Z
2026-09-07T02:33:19.433492Z,1389347524489277440,2026,False,11284,Cody Chrest,WR,WR,,,Active,,,,unrostered_at_snapshot,unknown,,2026-09-07T02:33:19.257223Z
2026-09-07T02:33:19.433492Z,1389347524489277440,2026,False,11523,Cody Chrest,WR,WR,,25,Active,,,,unrostered_at_snapshot,unknown,,2026-09-07T02:33:19.257223Z
2026-09-07T02:33:19.433492Z,1389347524489277440,2026,False,3355,Cody Core,WR,WR,,28,Active,,,,unrostered_at_snapshot,unknown,,2026-09-07T02:33:19.257223Z
2026-09-07T02:33:19.433492Z,1389347524489277440,2026,False,4420,Cody Hollister,WR,WR,,29,Active,,,,unrostered_at_snapshot,unknown,,2026-09-07T02:33:19.257223Z
2026-09-07T02:33:19.433492Z,1389347524489277440,2026,False,6171,Cody Thompson,WR,WR,,29,Active,,,,unrostered_at_snapshot,unknown,,2026-09-07T02:33:19.257223Z
2026-09-07T02:33:19.433492Z,1389347524489277440,2026,False,4738,Colby Pearson,WR,WR,,26,Active,,,,unrostered_at_snapshot,unknown,,2026-09-07T02:33:19.257223Z
2026-09-07T02:33:19.433492Z,1389347524489277440,2026,False,12264,Cole Beck,WR,WR,,29,Active,,,,unrostered_at_snapshot,unknown,,2026-09-07T02:33:19.257223Z
2026-09-07T02:33:19.433492Z,1389347524489277440,2026,False,6857,Collin Johnson,WR,WR,,27,Active,,,,unrostered_at_snapshot,unknown,,2026-09-07T02:33:19.257223Z
2026-09-07T02:33:19.433492Z,1389347524489277440,2026,False,11046,Colton Dowell,WR,WR,,27,Active,,,,unrostered_at_snapshot,unknown,,2026-09-07T02:33:19.257223Z
2026-09-07T02:33:19.433492Z,1389347524489277440,2026,False,7954,Connor Wedington,WR,WR,,23,Active,,,,unrostered_at_snapshot,unknown,,2026-09-07T02:33:19.257223Z
2026-09-07T02:33:19.433492Z,1389347524489277440,2026,False,2684,Corbin Louks,WR,WR,,35,Active,,,,unrostered_at_snapshot,unknown,,2026-09-07T02:33:19.257223Z
2026-09-07T02:33:19.433492Z,1389347524489277440,2026,False,2185,Corey Brown,WR,WR,,28,Injured Reserve,,,,unrostered_at_snapshot,unknown,,2026-09-07T02:33:19.257223Z
2026-09-07T02:33:19.433492Z,1389347524489277440,2026,False,3177,Corey Coleman,WR,WR,,28,Active,,,,unrostered_at_snapshot,unknown,,2026-09-07T02:33:19.257223Z
2026-09-07T02:33:19.433492Z,1389347524489277440,2026,False,12090,Corey Crooms,WR,WR,,23,Active,,,,unrostered_at_snapshot,unknown,,2026-09-07T02:33:19.257223Z
2026-09-07T02:33:19.433492Z,1389347524489277440,2026,False,4036,Corey Davis,WR,WR,,28,Active,,,,unrostered_at_snapshot,unknown,,2026-09-07T02:33:19.257223Z
2026-09-07T02:33:19.433492Z,1389347524489277440,2026,False,1514,Corey Fuller,WR,WR,,30,Injured Reserve,,,,unrostered_at_snapshot,unknown,,2026-09-07T02:33:19.257223Z
2026-09-07T02:33:19.433492Z,1389347524489277440,2026,False,8438,Corey Sutton,WR,WR,,25,Injured Reserve,,,,unrostered_at_snapshot,unknown,,2026-09-07T02:33:19.257223Z
2026-09-07T02:33:19.433492Z,1389347524489277440,2026,False,5155,Corey Willis,WR,WR,,26,Active,,,,unrostered_at_snapshot,unknown,,2026-09-07T02:33:19.257223Z
2026-09-07T02:33:19.433492Z,1389347524489277440,2026,False,11815,Cornelius Johnson,WR,WR,,25,Active,,,,unrostered_at_snapshot,unknown,,2026-09-07T02:33:19.257223Z
2026-09-07T02:33:19.433492Z,1389347524489277440,2026,False,7541,Cornell Powell,WR,WR,,28,Active,,,,unrostered_at_snapshot,unknown,,2026-09-07T02:33:19.257223Z
2026-09-07T02:33:19.433492Z,1389347524489277440,2026,False,13849,Cortez Braham,WR,WR,,26,Active,,,,unrostered_at_snapshot,unknown,,2026-09-07T02:33:19.257223Z
2026-09-07T02:33:19.433492Z,1389347524489277440,2026,False,12772,Courtney Jackson,WR,WR,,25,Active,,,,unrostered_at_snapshot,unknown,,2026-09-07T02:33:19.257223Z
2026-09-07T02:33:19.433492Z,1389347524489277440,2026,False,4082,Curtis Samuel,WR,WR,,29,Active,,,,unrostered_at_snapshot,unknown,,2026-09-07T02:33:19.257223Z
2026-09-07T02:33:19.433492Z,1389347524489277440,2026,False,4050,Cyril Grayson,WR,WR,,28,Active,,,,unrostered_at_snapshot,unknown,,2026-09-07T02:33:19.257223Z
2026-09-07T02:33:19.433492Z,1389347524489277440,2026,False,8699,Cyrus Holder,WR,WR,,,Active,,,,unrostered_at_snapshot,unknown,,2026-09-07T02:33:19.257223Z
2026-09-07T02:33:19.433492Z,1389347524489277440,2026,False,12892,Da'Quan Felton,WR,WR,,25,Active,Questionable,,,unrostered_at_snapshot,unknown,,2026-09-07T02:33:19.257223Z
2026-09-07T02:33:19.433492Z,1389347524489277440,2026,False,2532,Da'Ron Brown,WR,WR,,30,Active,,,,unrostered_at_snapshot,unknown,,2026-09-07T02:33:19.257223Z
2026-09-07T02:33:19.433492Z,1389347524489277440,2026,False,4998,DaeSean Hamilton,WR,WR,,27,Active,,,,unrostered_at_snapshot,unknown,,2026-09-07T02:33:19.257223Z
2026-09-07T02:33:19.433492Z,1389347524489277440,2026,False,8213,Dai'Jean Dixon,WR,WR,,24,Active,,,,unrostered_at_snapshot,unknown,,2026-09-07T02:33:19.257223Z
2026-09-07T02:33:19.433492Z,1389347524489277440,2026,False,4544,Daikiel Shorts,WR,WR,,27,Active,,,,unrostered_at_snapshot,unknown,,2026-09-07T02:33:19.257223Z
2026-09-07T02:33:19.433492Z,1389347524489277440,2026,False,12333,Dakereon Joyner,WR,WR,,24,Active,,,,unrostered_at_snapshot,unknown,,2026-09-07T02:33:19.257223Z
2026-09-07T02:33:19.433492Z,1389347524489277440,2026,False,12291,Dakota Caton,WR,WR,,,Active,,,,unrostered_at_snapshot,unknown,,2026-09-07T02:33:19.257223Z
2026-09-07T02:33:19.433492Z,1389347524489277440,2026,False,11438,Dallas Daniels,WR,WR,,,Active,,,,unrostered_at_snapshot,unknown,,2026-09-07T02:33:19.257223Z
2026-09-07T02:33:19.433492Z,1389347524489277440,2026,False,7320,Dalton Schoen,WR,WR,,25,Active,,,,unrostered_at_snapshot,unknown,,2026-09-07T02:33:19.257223Z
2026-09-07T02:33:19.433492Z,1389347524489277440,2026,False,6017,DaMarkus Lodge,WR,WR,,24,Active,,,,unrostered_at_snapshot,unknown,,2026-09-07T02:33:19.257223Z
2026-09-07T02:33:19.433492Z,1389347524489277440,2026,False,2672,Damarr Aultman,WR,WR,,33,Active,,,,unrostered_at_snapshot,unknown,,2026-09-07T02:33:19.257223Z
2026-09-07T02:33:19.433492Z,1389347524489277440,2026,False,13440,Damien Alford,WR,WR,,25,Active,Questionable,,,unrostered_at_snapshot,unknown,,2026-09-07T02:33:19.257223Z
2026-09-07T02:33:19.433492Z,1389347524489277440,2026,False,2673,Damiere Byrd,WR,WR,,31,Active,,,,unrostered_at_snapshot,unknown,,2026-09-07T02:33:19.257223Z
2026-09-07T02:33:19.433492Z,1389347524489277440,2026,False,6370,Damion Jeanpiere,WR,WR,,25,Active,,,,unrostered_at_snapshot,unknown,,2026-09-07T02:33:19.257223Z
2026-09-07T02:33:19.433492Z,1389347524489277440,2026,False,5080,Damion Ratley,WR,WR,,26,Active,,,,unrostered_at_snapshot,unknown,,2026-09-07T02:33:19.257223Z
2026-09-07T02:33:19.433492Z,1389347524489277440,2026,False,6549,Damion Willis,WR,WR,,24,Active,,,,unrostered_at_snapshot,unknown,,2026-09-07T02:33:19.257223Z
2026-09-07T02:33:19.433492Z,1389347524489277440,2026,False,7573,Damon Hazelton,WR,WR,,25,Active,,,,unrostered_at_snapshot,unknown,,2026-09-07T02:33:19.257223Z
2026-09-07T02:33:19.433492Z,1389347524489277440,2026,False,6195,Damon Sheehy-Guiseppi,WR,WR,,26,Active,,,,unrostered_at_snapshot,unknown,,2026-09-07T02:33:19.257223Z
2026-09-07T02:33:19.433492Z,1389347524489277440,2026,False,2937,Damond Powell,WR,WR,,32,Active,,,,unrostered_at_snapshot,unknown,,2026-09-07T02:33:19.257223Z
2026-09-07T02:33:19.433492Z,1389347524489277440,2026,False,4401,Damore'ea Stringfellow,WR,WR,,27,Active,,,,unrostered_at_snapshot,unknown,,2026-09-07T02:33:19.257223Z
2026-09-07T02:33:19.433492Z,1389347524489277440,2026,False,5125,Damoun Patterson,WR,WR,,27,Active,,,,unrostered_at_snapshot,unknown,,2026-09-07T02:33:19.257223Z
2026-09-07T02:33:19.433492Z,1389347524489277440,2026,False,11184,Daniel Arias,WR,WR,,25,Active,,,,unrostered_at_snapshot,unknown,,2026-09-07T02:33:19.257223Z
2026-09-07T02:33:19.433492Z,1389347524489277440,2026,False,12311,Daniel George,WR,WR,,,Active,,,,unrostered_at_snapshot,unknown,,2026-09-07T02:33:19.257223Z
2026-09-07T02:33:19.433492Z,1389347524489277440,2026,False,13053,Daniel Jackson,WR,WR,,23,Active,,,,unrostered_at_snapshot,unknown,,2026-09-07T02:33:19.257223Z
2026-09-07T02:33:19.433492Z,1389347524489277440,2026,False,2817,Daniel Rodriguez,WR,WR,,37,Active,,,,unrostered_at_snapshot,unknown,,2026-09-07T02:33:19.257223Z
2026-09-07T02:33:19.433492Z,1389347524489277440,2026,False,4829,Daniel Williams,WR,WR,,26,Active,,,,unrostered_at_snapshot,unknown,,2026-09-07T02:33:19.257223Z
2026-09-07T02:33:19.433492Z,1389347524489277440,2026,False,491,Danny Amendola,WR,WR,,36,Active,,,,unrostered_at_snapshot,unknown,,2026-09-07T02:33:19.257223Z
2026-09-07T02:33:19.433492Z,1389347524489277440,2026,False,3454,Danny Anthrop,WR,WR,,31,Active,,,,unrostered_at_snapshot,unknown,,2026-09-07T02:33:19.257223Z
2026-09-07T02:33:19.433492Z,1389347524489277440,2026,False,8602,Danny Davis,WR,WR,,24,Active,,,,unrostered_at_snapshot,unknown,,2026-09-07T02:33:19.257223Z
2026-09-07T02:33:19.433492Z,1389347524489277440,2026,False,4992,Dante Pettis,WR,WR,,30,Active,,,,unrostered_at_snapshot,unknown,,2026-09-07T02:33:19.257223Z
2026-09-07T02:33:19.433492Z,1389347524489277440,2026,False,7623,Darece Roberson,WR,WR,,23,Active,,,,unrostered_at_snapshot,unknown,,2026-09-07T02:33:19.257223Z
2026-09-07T02:33:19.433492Z,1389347524489277440,2026,False,2925,Darius Davis,WR,WR,,,Active,,,,unrostered_at_snapshot,unknown,,2026-09-07T02:33:19.257223Z
2026-09-07T02:33:19.433492Z,1389347524489277440,2026,False,2602,Darius Jennings,WR,WR,,29,Active,,,,unrostered_at_snapshot,unknown,,2026-09-07T02:33:19.257223Z
2026-09-07T02:33:19.433492Z,1389347524489277440,2026,False,13063,Darius Lassiter,WR,WR,,25,Active,,,,unrostered_at_snapshot,unknown,,2026-09-07T02:33:19.257223Z
2026-09-07T02:33:19.433492Z,1389347524489277440,2026,False,5799,Darius Prince,WR,WR,,31,Active,,,,unrostered_at_snapshot,unknown,,2026-09-07T02:33:19.257223Z
2026-09-07T02:33:19.433492Z,1389347524489277440,2026,False,4676,Darreus Rogers,WR,WR,,28,Active,,,,unrostered_at_snapshot,unknown,,2026-09-07T02:33:19.257223Z
2026-09-07T02:33:19.433492Z,1389347524489277440,2026,False,6519,Darrius Shepherd,WR,WR,,27,Active,,,,unrostered_at_snapshot,unknown,,2026-09-07T02:33:19.257223Z
2026-09-07T02:33:19.433492Z,1389347524489277440,2026,False,5722,Darvin Kidsy,WR,WR,,26,Active,,,,unrostered_at_snapshot,unknown,,2026-09-07T02:33:19.257223Z
2026-09-07T02:33:19.433492Z,1389347524489277440,2026,False,5102,Daurice Fountain,WR,WR,,28,Active,,,,unrostered_at_snapshot,unknown,,2026-09-07T02:33:19.257223Z
2026-09-07T02:33:19.433492Z,1389347524489277440,2026,False,2573,DaVaris Daniels,WR,WR,,32,Active,,,,unrostered_at_snapshot,unknown,,2026-09-07T02:33:19.257223Z
2026-09-07T02:33:19.433492Z,1389347524489277440,2026,False,8118,David Bell,WR,WR,,24,Active,,,,unrostered_at_snapshot,unknown,,2026-09-07T02:33:19.257223Z
2026-09-07T02:33:19.433492Z,1389347524489277440,2026,False,11505,David Durden,WR,WR,,25,Active,,,,unrostered_at_snapshot,unknown,,2026-09-07T02:33:19.257223Z
2026-09-07T02:33:19.433492Z,1389347524489277440,2026,False,2787,David Porter,WR,WR,,32,Active,,,,unrostered_at_snapshot,unknown,,2026-09-07T02:33:19.257223Z
2026-09-07T02:33:19.433492Z,1389347524489277440,2026,False,12421,David Wallis,WR,WR,,23,Active,,,,unrostered_at_snapshot,unknown,,2026-09-07T02:33:19.257223Z
2026-09-07T02:33:19.433492Z,1389347524489277440,2026,False,3916,David Watford,WR,WR,,28,Active,,,,unrostered_at_snapshot,unknown,,2026-09-07T02:33:19.257223Z
2026-09-07T02:33:19.433492Z,1389347524489277440,2026,False,12224,David White,WR,WR,,25,Active,,,,unrostered_at_snapshot,unknown,,2026-09-07T02:33:19.257223Z
2026-09-07T02:33:19.433492Z,1389347524489277440,2026,False,6380,Davion Davis,WR,WR,,27,Active,,,,unrostered_at_snapshot,unknown,,2026-09-07T02:33:19.257223Z
2026-09-07T02:33:19.433492Z,1389347524489277440,2026,False,5176,Davon Grayson,WR,WR,,26,Active,,,,unrostered_at_snapshot,unknown,,2026-09-07T02:33:19.257223Z
2026-09-07T02:33:19.433492Z,1389347524489277440,2026,False,7751,Dax Milne,WR,WR,,25,Active,,,,unrostered_at_snapshot,unknown,,2026-09-07T02:33:19.257223Z
2026-09-07T02:33:19.433492Z,1389347524489277440,2026,False,8928,Daylen Baldwin,WR,WR,,24,Active,,,,unrostered_at_snapshot,unknown,,2026-09-07T02:33:19.257223Z
2026-09-07T02:33:19.433492Z,1389347524489277440,2026,False,11964,Dayton Wade,WR,WR,,25,Active,,,,unrostered_at_snapshot,unknown,,2026-09-07T02:33:19.257223Z
2026-09-07T02:33:19.433492Z,1389347524489277440,2026,False,7586,Dazz Newsome,WR,WR,,24,Active,,,,unrostered_at_snapshot,unknown,,2026-09-07T02:33:19.257223Z
2026-09-07T02:33:19.433492Z,1389347524489277440,2026,False,5295,De'Mornay Pierson-El,WR,WR,,26,Active,,,,unrostered_at_snapshot,unknown,,2026-09-07T02:33:19.257223Z
2026-09-07T02:33:19.433492Z,1389347524489277440,2026,False,4814,De'Quan Hampton,WR,WR,,27,Active,,,,unrostered_at_snapshot,unknown,,2026-09-07T02:33:19.257223Z
2026-09-07T02:33:19.433492Z,1389347524489277440,2026,False,2750,DeAndre Carter,WR,WR,,32,Active,,,,unrostered_at_snapshot,unknown,,2026-09-07T02:33:19.257223Z
2026-09-07T02:33:19.433492Z,1389347524489277440,2026,False,1426,DeAndre Hopkins,WR,WR,,33,Active,,,,unrostered_at_snapshot,unknown,,2026-09-07T02:33:19.257223Z
2026-09-07T02:33:19.433492Z,1389347524489277440,2026,False,3542,DeAndre Reaves,WR,WR,,32,Active,,,,unrostered_at_snapshot,unknown,,2026-09-07T02:33:19.257223Z
2026-09-07T02:33:19.433492Z,1389347524489277440,2026,False,12244,DeAngelo Hardy,WR,WR,,,Active,,,,unrostered_at_snapshot,unknown,,2026-09-07T02:33:19.257223Z
2026-09-07T02:33:19.433492Z,1389347524489277440,2026,False,4200,DeAngelo Yancey,WR,WR,,27,Active,,,,unrostered_at_snapshot,unknown,,2026-09-07T02:33:19.257223Z
2026-09-07T02:33:19.433492Z,1389347524489277440,2026,False,4610,Deante' Gray,WR,WR,,27,Active,,,,unrostered_at_snapshot,unknown,,2026-09-07T02:33:19.257223Z
2026-09-07T02:33:19.433492Z,1389347524489277440,2026,False,4146,Dede Westbrook,WR,WR,,29,Active,,,,unrostered_at_snapshot,unknown,,2026-09-07T02:33:19.257223Z
2026-09-07T02:33:19.433492Z,1389347524489277440,2026,False,7612,Dee Eskridge,WR,WR,,28,Active,,,,unrostered_at_snapshot,unknown,,2026-09-07T02:33:19.257223Z
2026-09-07T02:33:19.433492Z,1389347524489277440,2026,False,560,Demaryius Thomas,WR,WR,,34,Active,,,,unrostered_at_snapshot,unknown,,2026-09-07T02:33:19.257223Z
2026-09-07T02:33:19.433492Z,1389347524489277440,2026,False,12976,DeMeer Blankumsee,WR,WR,,,Active,,,,unrostered_at_snapshot,unknown,,2026-09-07T02:33:19.257223Z
2026-09-07T02:33:19.433492Z,1389347524489277440,2026,False,8439,Demetris Robertson,WR,WR,,25,Active,,,,unrostered_at_snapshot,unknown,,2026-09-07T02:33:19.257223Z
2026-09-07T02:33:19.433492Z,1389347524489277440,2026,False,2918,Demetrius Wilson,WR,WR,,33,Active,,,,unrostered_at_snapshot,unknown,,2026-09-07T02:33:19.257223Z
2026-09-07T02:33:19.433492Z,1389347524489277440,2026,False,7279,DeMichael Harris,WR,WR,,24,Active,,,,unrostered_at_snapshot,unknown,,2026-09-07T02:33:19.257223Z
2026-09-07T02:33:19.433492Z,1389347524489277440,2026,False,8099,DeMichael Harris-DUP,WR,WR,,23,Active,,,,unrostered_at_snapshot,unknown,,2026-09-07T02:33:19.257223Z
2026-09-07T02:33:19.433492Z,1389347524489277440,2026,False,3727,Dennis Parks,WR,WR,,30,Active,,,,unrostered_at_snapshot,unknown,,2026-09-07T02:33:19.257223Z
2026-09-07T02:33:19.433492Z,1389347524489277440,2026,False,6849,Denzel Mims,WR,WR,,28,Active,,,,unrostered_at_snapshot,unknown,,2026-09-07T02:33:19.257223Z
2026-09-07T02:33:19.433492Z,1389347524489277440,2026,False,5101,Deon Cain,WR,WR,,29,Active,,,,unrostered_at_snapshot,unknown,,2026-09-07T02:33:19.257223Z
2026-09-07T02:33:19.433492Z,1389347524489277440,2026,False,5290,Deontay Burnett,WR,WR,,26,Active,,,,unrostered_at_snapshot,unknown,,2026-09-07T02:33:19.257223Z
2026-09-07T02:33:19.433492Z,1389347524489277440,2026,False,6234,Deonte Harty,WR,WR,,27,Active,Questionable,,,unrostered_at_snapshot,unknown,,2026-09-07T02:33:19.257223Z
2026-09-07T02:33:19.433492Z,1389347524489277440,2026,False,5703,Deontez Alexander,WR,WR,,26,Active,,,,unrostered_at_snapshot,unknown,,2026-09-07T02:33:19.257223Z
2026-09-07T02:33:19.433492Z,1389347524489277440,2026,False,8570,Derek Wright,WR,WR,,25,Active,,,,unrostered_at_snapshot,unknown,,2026-09-07T02:33:19.257223Z
2026-09-07T02:33:19.433492Z,1389347524489277440,2026,False,1939,Derel Walker,WR,WR,,30,Active,,,,unrostered_at_snapshot,unknown,,2026-09-07T02:33:19.257223Z
2026-09-07T02:33:19.433492Z,1389347524489277440,2026,False,7100,Derrick Dillon,WR,WR,,26,Active,,,,unrostered_at_snapshot,unknown,,2026-09-07T02:33:19.257223Z
2026-09-07T02:33:19.433492Z,1389347524489277440,2026,False,1842,Derrick Johnson,WR,WR,,33,Active,,,,unrostered_at_snapshot,unknown,,2026-09-07T02:33:19.257223Z
2026-09-07T02:33:19.433492Z,1389347524489277440,2026,False,2940,Des Lawrence,WR,WR,,27,Active,,,,unrostered_at_snapshot,unknown,,2026-09-07T02:33:19.257223Z
2026-09-07T02:33:19.433492Z,1389347524489277440,2026,False,147,DeSean Jackson,WR,WR,,36,Active,,,,unrostered_at_snapshot,unknown,,2026-09-07T02:33:19.257223Z
2026-09-07T02:33:19.433492Z,1389347524489277440,2026,False,2931,Deshon Foxx,WR,WR,,29,Active,,,,unrostered_at_snapshot,unknown,,2026-09-07T02:33:19.257223Z
2026-09-07T02:33:19.433492Z,1389347524489277440,2026,False,5243,Detrich Clark,WR,WR,,27,Active,,,,unrostered_at_snapshot,unknown,,2026-09-07T02:33:19.257223Z
2026-09-07T02:33:19.433492Z,1389347524489277440,2026,False,2577,Devante Davis,WR,WR,,32,Active,,,,unrostered_at_snapshot,unknown,,2026-09-07T02:33:19.257223Z
2026-09-07T02:33:19.433492Z,1389347524489277440,2026,False,2319,DeVante Parker,WR,WR,,31,Active,,,,unrostered_at_snapshot,unknown,,2026-09-07T02:33:19.257223Z
2026-09-07T02:33:19.433492Z,1389347524489277440,2026,False,12019,Devin Carter,WR,WR,,22,Active,,,,unrostered_at_snapshot,unknown,,2026-09-07T02:33:19.257223Z
2026-09-07T02:33:19.433492Z,1389347524489277440,2026,False,3393,Devin Fuller,WR,WR,,27,Active,,,,unrostered_at_snapshot,unknown,,2026-09-07T02:33:19.257223Z
2026-09-07T02:33:19.433492Z,1389347524489277440,2026,False,3021,Devin Gardner,WR,WR,,33,Active,,,,unrostered_at_snapshot,unknown,,2026-09-07T02:33:19.257223Z
2026-09-07T02:33:19.433492Z,1389347524489277440,2026,False,5244,Devin Gray,WR,WR,,27,Active,,,,unrostered_at_snapshot,unknown,,2026-09-07T02:33:19.257223Z
2026-09-07T02:33:19.433492Z,1389347524489277440,2026,False,3380,Devin Lucien,WR,WR,,28,Active,,,,unrostered_at_snapshot,unknown,,2026-09-07T02:33:19.257223Z
2026-09-07T02:33:19.433492Z,1389347524489277440,2026,False,7396,Devin Phelps,WR,WR,,25,Active,,,,unrostered_at_snapshot,unknown,,2026-09-07T02:33:19.257223Z
2026-09-07T02:33:19.433492Z,1389347524489277440,2026,False,5292,Devin Ross,WR,WR,,28,Active,,,,unrostered_at_snapshot,unknown,,2026-09-07T02:33:19.257223Z
2026-09-07T02:33:19.433492Z,1389347524489277440,2026,False,2342,Devin Smith,WR,WR,,29,Active,,,,unrostered_at_snapshot,unknown,,2026-09-07T02:33:19.257223Z
2026-09-07T02:33:19.433492Z,1389347524489277440,2026,False,2074,Devin Street,WR,WR,,29,Injured Reserve,,,,unrostered_at_snapshot,unknown,,2026-09-07T02:33:19.257223Z
2026-09-07T02:33:19.433492Z,1389347524489277440,2026,False,8411,Devon Allen,WR,WR,,29,Active,,,,unrostered_at_snapshot,unknown,,2026-09-07T02:33:19.257223Z
2026-09-07T02:33:19.433492Z,1389347524489277440,2026,False,3500,Devon Cajuste,WR,WR,,28,Active,,,,unrostered_at_snapshot,unknown,,2026-09-07T02:33:19.257223Z
2026-09-07T02:33:19.433492Z,1389347524489277440,2026,False,8186,Devon Williams,WR,WR,,,Active,,,,unrostered_at_snapshot,unknown,,2026-09-07T02:33:19.257223Z
2026-09-07T02:33:19.433492Z,1389347524489277440,2026,False,5608,Devonte Boyd,WR,WR,,27,Active,,,,unrostered_at_snapshot,unknown,,2026-09-07T02:33:19.257223Z
2026-09-07T02:33:19.433492Z,1389347524489277440,2026,False,8108,DeVonte Dedmon,WR,WR,,26,Active,,,,unrostered_at_snapshot,unknown,,2026-09-07T02:33:19.257223Z
2026-09-07T02:33:19.433492Z,1389347524489277440,2026,False,13632,Devonte Ross,WR,WR,,23,Active,,,,unrostered_at_snapshot,unknown,,2026-09-07T02:33:19.257223Z
2026-09-07T02:33:19.433492Z,1389347524489277440,2026,False,8019,Devontres Dukes,WR,WR,,24,Active,,,,unrostered_at_snapshot,unknown,,2026-09-07T02:33:19.257223Z
2026-09-07T02:33:19.433492Z,1389347524489277440,2026,False,11913,Devron Harper,WR,WR,,24,Active,,,,unrostered_at_snapshot,unknown,,2026-09-07T02:33:19.257223Z
2026-09-07T02:33:19.433492Z,1389347524489277440,2026,False,6985,Dezmon Patmon,WR,WR,,25,Active,,,,unrostered_at_snapshot,unknown,,2026-09-07T02:33:19.257223Z
2026-09-07T02:33:19.433492Z,1389347524489277440,2026,False,12281,Dimitri Stanley,WR,WR,,25,Active,,,,unrostered_at_snapshot,unknown,,2026-09-07T02:33:19.257223Z
2026-09-07T02:33:19.433492Z,1389347524489277440,2026,False,5937,Diontae Johnson,WR,WR,,29,Active,,,,unrostered_at_snapshot,unknown,,2026-09-07T02:33:19.257223Z
2026-09-07T02:33:19.433492Z,1389347524489277440,2026,False,4951,DJ Chark,WR,WR,,28,Active,,,,unrostered_at_snapshot,unknown,,2026-09-07T02:33:19.257223Z
2026-09-07T02:33:19.433492Z,1389347524489277440,2026,False,7989,DJ Turner,WR,WR,,29,Active,Questionable,,,unrostered_at_snapshot,unknown,,2026-09-07T02:33:19.257223Z
2026-09-07T02:33:19.433492Z,1389347524489277440,2026,False,3505,Dom Williams,WR,WR,,29,Active,,,,unrostered_at_snapshot,unknown,,2026-09-07T02:33:19.257223Z
2026-09-07T02:33:19.433492Z,1389347524489277440,2026,False,2570,Donatella Luckett,WR,WR,,34,Active,,,,unrostered_at_snapshot,unknown,,2026-09-07T02:33:19.257223Z
2026-09-07T02:33:19.433492Z,1389347524489277440,2026,False,13409,Donaven McCulley,WR,WR,,23,Active,,,,unrostered_at_snapshot,unknown,,2026-09-07T02:33:19.257223Z
2026-09-07T02:33:19.433492Z,1389347524489277440,2026,False,6824,Donovan Peoples-Jones,WR,WR,,26,Active,,,,unrostered_at_snapshot,unknown,,2026-09-07T02:33:19.257223Z
2026-09-07T02:33:19.433492Z,1389347524489277440,2026,False,8166,Dontario Drummond,WR,WR,,26,Active,,,,unrostered_at_snapshot,unknown,,2026-09-07T02:33:19.257223Z
2026-09-07T02:33:19.433492Z,1389347524489277440,2026,False,11382,Dontay Demus,WR,WR,,23,Active,,,,unrostered_at_snapshot,unknown,,2026-09-07T02:33:19.257223Z
2026-09-07T02:33:19.433492Z,1389347524489277440,2026,False,1971,Donte Moncrief,WR,WR,,28,Active,,,,unrostered_at_snapshot,unknown,,2026-09-07T02:33:19.257223Z
2026-09-07T02:33:19.433492Z,1389347524489277440,2026,False,5242,Dontez Byrd,WR,WR,,26,Active,,,,unrostered_at_snapshot,unknown,,2026-09-07T02:33:19.257223Z
2026-09-07T02:33:19.433492Z,1389347524489277440,2026,False,4595,Dontez Ford,WR,WR,,27,Active,,,,unrostered_at_snapshot,unknown,,2026-09-07T02:33:19.257223Z
2026-09-07T02:33:19.433492Z,1389347524489277440,2026,False,4941,Dontre Wilson,WR,WR,,,Active,,,,unrostered_at_snapshot,unknown,,2026-09-07T02:33:19.257223Z
2026-09-07T02:33:19.433492Z,1389347524489277440,2026,False,2291,Dontrelle Inman,WR,WR,,32,Active,,,,unrostered_at_snapshot,unknown,,2026-09-07T02:33:19.257223Z
2026-09-07T02:33:19.433492Z,1389347524489277440,2026,False,6449,Dorian Baker,WR,WR,,25,Active,,,,unrostered_at_snapshot,unknown,,2026-09-07T02:33:19.257223Z
2026-09-07T02:33:19.433492Z,1389347524489277440,2026,False,13064,Dorian Singer,WR,WR,,23,Active,,,,unrostered_at_snapshot,unknown,,2026-09-07T02:33:19.257223Z
2026-09-07T02:33:19.433492Z,1389347524489277440,2026,False,5359,Dorren Miller,WR,WR,,27,Active,,,,unrostered_at_snapshot,unknown,,2026-09-07T02:33:19.257223Z
2026-09-07T02:33:19.433492Z,1389347524489277440,2026,False,988,Doug Baldwin,WR,WR,,33,Injured Reserve,,,,unrostered_at_snapshot,unknown,,2026-09-07T02:33:19.257223Z
2026-09-07T02:33:19.433492Z,1389347524489277440,2026,False,12133,Drake Stoops,WR,WR,,26,Active,,,,unrostered_at_snapshot,unknown,,2026-09-07T02:33:19.257223Z
2026-09-07T02:33:19.433492Z,1389347524489277440,2026,False,2587,Dres Anderson,WR,WR,,29,Active,,,,unrostered_at_snapshot,unknown,,2026-09-07T02:33:19.257223Z
2026-09-07T02:33:19.433492Z,1389347524489277440,2026,False,8543,Drew Estrada,WR,WR,,25,Active,,,,unrostered_at_snapshot,unknown,,2026-09-07T02:33:19.257223Z
2026-09-07T02:33:19.433492Z,1389347524489277440,2026,False,4396,Drew Morgan,WR,WR,,27,Active,,,,unrostered_at_snapshot,unknown,,2026-09-07T02:33:19.257223Z
2026-09-07T02:33:19.433492Z,1389347524489277440,2026,False,11204,Duece Watts,WR,WR,,24,Active,,,,unrostered_at_snapshot,unknown,,2026-09-07T02:33:19.257223Z
2026-09-07T02:33:19.433492Z,1389347524489277440,2026,False,3846,Duke Williams,WR,WR,,28,Active,,,,unrostered_at_snapshot,unknown,,2026-09-07T02:33:19.257223Z
2026-09-07T02:33:19.433492Z,1389347524489277440,2026,False,3630,Durron Neal,WR,WR,,31,Active,,,,unrostered_at_snapshot,unknown,,2026-09-07T02:33:19.257223Z
2026-09-07T02:33:19.433492Z,1389347524489277440,2026,False,13143,Dymere Miller,WR,WR,,,Active,,,,unrostered_at_snapshot,unknown,,2026-09-07T02:33:19.257223Z
2026-09-07T02:33:19.433492Z,1389347524489277440,2026,False,13931,E.J. Horton,WR,WR,,,Active,,,,unrostered_at_snapshot,unknown,,2026-09-07T02:33:19.257223Z
2026-09-07T02:33:19.433492Z,1389347524489277440,2026,False,13805,E.J. Williams,WR,WR,,24,Active,,,,unrostered_at_snapshot,unknown,,2026-09-07T02:33:19.257223Z
2026-09-07T02:33:19.433492Z,1389347524489277440,2026,False,7337,Easop Winston,WR,WR,,28,Active,,,,unrostered_at_snapshot,unknown,,2026-09-07T02:33:19.257223Z
2026-09-07T02:33:19.433492Z,1389347524489277440,2026,False,11529,Ed Lee,WR,WR,,24,Active,,,,unrostered_at_snapshot,unknown,,2026-09-07T02:33:19.257223Z
2026-09-07T02:33:19.433492Z,1389347524489277440,2026,False,12909,Eli Pancol,WR,WR,,26,Active,,,,unrostered_at_snapshot,unknown,,2026-09-07T02:33:19.257223Z
2026-09-07T02:33:19.433492Z,1389347524489277440,2026,False,11139,Elijah Cooks,WR,WR,,27,Active,,,,unrostered_at_snapshot,unknown,,2026-09-07T02:33:19.257223Z
2026-09-07T02:33:19.433492Z,1389347524489277440,2026,False,5548,Elijah Marks,WR,WR,,26,Active,,,,unrostered_at_snapshot,unknown,,2026-09-07T02:33:19.257223Z
2026-09-07T02:33:19.433492Z,1389347524489277440,2026,False,12810,Elijhah Badger,WR,WR,,24,Active,,,,unrostered_at_snapshot,unknown,,2026-09-07T02:33:19.257223Z
2026-09-07T02:33:19.433492Z,1389347524489277440,2026,False,538,Emmanuel Sanders,WR,WR,,35,Active,,,,unrostered_at_snapshot,unknown,,2026-09-07T02:33:19.257223Z
2026-09-07T02:33:19.433492Z,1389347524489277440,2026,False,13354,Eric McAlister,WR,WR,,,Active,Questionable,,,unrostered_at_snapshot,unknown,,2026-09-07T02:33:19.257223Z
2026-09-07T02:33:19.433492Z,1389347524489277440,2026,False,1701,Eric Rogers,WR,WR,,30,Active,,,,unrostered_at_snapshot,unknown,,2026-09-07T02:33:19.257223Z
2026-09-07T02:33:19.433492Z,1389347524489277440,2026,False,8114,Erik Ezukanma,WR,WR,,26,Active,,,,unrostered_at_snapshot,unknown,,2026-09-07T02:33:19.257223Z
2026-09-07T02:33:19.433492Z,1389347524489277440,2026,False,8831,Ethan Fernea,WR,WR,,26,Active,,,,unrostered_at_snapshot,unknown,,2026-09-07T02:33:19.257223Z
2026-09-07T02:33:19.433492Z,1389347524489277440,2026,False,5530,Evan Berry,WR,WR,,26,Active,,,,unrostered_at_snapshot,unknown,,2026-09-07T02:33:19.257223Z
2026-09-07T02:33:19.433492Z,1389347524489277440,2026,False,2703,Ezell Ruffin,WR,WR,,32,Active,,,,unrostered_at_snapshot,unknown,,2026-09-07T02:33:19.257223Z
2026-09-07T02:33:19.433492Z,1389347524489277440,2026,False,5941,Felton Davis,WR,WR,,24,Active,,,,unrostered_at_snapshot,unknown,,2026-09-07T02:33:19.257223Z
2026-09-07T02:33:19.433492Z,1389347524489277440,2026,False,6697,Floyd Allen,WR,WR,,25,Active,,,,unrostered_at_snapshot,unknown,,2026-09-07T02:33:19.257223Z
2026-09-07T02:33:19.433492Z,1389347524489277440,2026,False,1273,Francis Owusu,WR,WR,,27,Active,,,,unrostered_at_snapshot,unknown,,2026-09-07T02:33:19.257223Z
2026-09-07T02:33:19.433492Z,1389347524489277440,2026,False,7530,Frank Darby,WR,WR,,26,Active,,,,unrostered_at_snapshot,unknown,,2026-09-07T02:33:19.257223Z
2026-09-07T02:33:19.433492Z,1389347524489277440,2026,False,4752,Fred Brown,WR,WR,,28,Active,,,,unrostered_at_snapshot,unknown,,2026-09-07T02:33:19.257223Z
2026-09-07T02:33:19.433492Z,1389347524489277440,2026,False,6943,Gabe Davis,WR,WR,,26,Active,Questionable,,,unrostered_at_snapshot,unknown,,2026-09-07T02:33:19.257223Z
2026-09-07T02:33:19.433492Z,1389347524489277440,2026,False,4508,Gabe Marks,WR,WR,,27,Active,,,,unrostered_at_snapshot,unknown,,2026-09-07T02:33:19.257223Z
2026-09-07T02:33:19.433492Z,1389347524489277440,2026,False,13939,Gabriel Benyard,WR,WR,,,Active,,,,unrostered_at_snapshot,unknown,,2026-09-07T02:33:19.257223Z
2026-09-07T02:33:19.433492Z,1389347524489277440,2026,False,13101,Gage Larvadain,WR,WR,,24,Active,,,,unrostered_at_snapshot,unknown,,2026-09-07T02:33:19.257223Z
2026-09-07T02:33:19.433492Z,1389347524489277440,2026,False,11528,Garett Maag,WR,WR,,23,Active,,,,unrostered_at_snapshot,unknown,,2026-09-07T02:33:19.257223Z
2026-09-07T02:33:19.433492Z,1389347524489277440,2026,False,5637,Garrett Johnson,WR,WR,,26,Active,,,,unrostered_at_snapshot,unknown,,2026-09-07T02:33:19.257223Z
2026-09-07T02:33:19.433492Z,1389347524489277440,2026,False,11478,Gavin Holmes,WR,WR,,24,Active,,,,unrostered_at_snapshot,unknown,,2026-09-07T02:33:19.257223Z
2026-09-07T02:33:19.433492Z,1389347524489277440,2026,False,2913,Gavin Lutman,WR,WR,,33,Active,,,,unrostered_at_snapshot,unknown,,2026-09-07T02:33:19.257223Z
2026-09-07T02:33:19.433492Z,1389347524489277440,2026,False,4489,Gehrig Dieter,WR,WR,,29,Active,,,,unrostered_at_snapshot,unknown,,2026-09-07T02:33:19.257223Z
2026-09-07T02:33:19.433492Z,1389347524489277440,2026,False,12093,Geordon Porter,WR,WR,,,Active,,,,unrostered_at_snapshot,unknown,,2026-09-07T02:33:19.257223Z
2026-09-07T02:33:19.433492Z,1389347524489277440,2026,False,2487,Geremy Davis,WR,WR,,30,Active,,,,unrostered_at_snapshot,unknown,,2026-09-07T02:33:19.257223Z
2026-09-07T02:33:19.433492Z,1389347524489277440,2026,False,4827,Germone Hopper,WR,WR,,28,Active,,,,unrostered_at_snapshot,unknown,,2026-09-07T02:33:19.257223Z
2026-09-07T02:33:19.433492Z,1389347524489277440,2026,False,3503,Geronimo Allison,WR,WR,,28,Active,,,,unrostered_at_snapshot,unknown,,2026-09-07T02:33:19.257223Z
2026-09-07T02:33:19.433492Z,1389347524489277440,2026,False,13153,Giles Jackson,WR,WR,,24,Active,,,,unrostered_at_snapshot,unknown,,2026-09-07T02:33:19.257223Z
2026-09-07T02:33:19.433492Z,1389347524489277440,2026,False,4710,Gio Pascascio,WR,WR,,27,Active,,,,unrostered_at_snapshot,unknown,,2026-09-07T02:33:19.257223Z
2026-09-07T02:33:19.433492Z,1389347524489277440,2026,False,642,Golden Tate,WR,WR,,33,Active,,,,unrostered_at_snapshot,unknown,,2026-09-07T02:33:19.257223Z
2026-09-07T02:33:19.433492Z,1389347524489277440,2026,False,11024,Grant DuBose,WR,WR,,24,Active,Questionable,,,unrostered_at_snapshot,unknown,,2026-09-07T02:33:19.257223Z
2026-09-07T02:33:19.433492Z,1389347524489277440,2026,False,968,Greg Salas,WR,WR,,32,Injured Reserve,,,,unrostered_at_snapshot,unknown,,2026-09-07T02:33:19.257223Z
2026-09-07T02:33:19.433492Z,1389347524489277440,2026,False,6744,Greg Ward,WR,WR,,29,Active,,,,unrostered_at_snapshot,unknown,,2026-09-07T02:33:19.257223Z
2026-09-07T02:33:19.433492Z,1389347524489277440,2026,False,1247,Griff Whalen,WR,WR,,30,Injured Reserve,,,,unrostered_at_snapshot,unknown,,2026-09-07T02:33:19.257223Z
2026-09-07T02:33:19.433492Z,1389347524489277440,2026,False,12757,Hal Presley,WR,WR,,24,Active,,,,unrostered_at_snapshot,unknown,,2026-09-07T02:33:19.257223Z
2026-09-07T02:33:19.433492Z,1389347524489277440,2026,False,12413,Hamze El-Zayat,WR,WR,,25,Active,,,,unrostered_at_snapshot,unknown,,2026-09-07T02:33:19.257223Z
2026-09-07T02:33:19.433492Z,1389347524489277440,2026,False,13776,Hank Beatty,WR,WR,,22,Active,,,,unrostered_at_snapshot,unknown,,2026-09-07T02:33:19.257223Z
2026-09-07T02:33:19.433492Z,1389347524489277440,2026,False,11607,Hayden Hatten,WR,WR,,24,Active,,,,unrostered_at_snapshot,unknown,,2026-09-07T02:33:19.257223Z
2026-09-07T02:33:19.433492Z,1389347524489277440,2026,False,8694,Henry Litwin,WR,WR,,,Active,,,,unrostered_at_snapshot,unknown,,2026-09-07T02:33:19.257223Z
2026-09-07T02:33:19.433492Z,1389347524489277440,2026,False,6789,Henry Ruggs,WR,WR,,22,Active,,,,unrostered_at_snapshot,unknown,,2026-09-07T02:33:19.257223Z
2026-09-07T02:33:19.433492Z,1389347524489277440,2026,False,5955,Hunter Renfrow,WR,WR,,30,Active,,,,unrostered_at_snapshot,unknown,,2026-09-07T02:33:19.257223Z
2026-09-07T02:33:19.433492Z,1389347524489277440,2026,False,13228,Ife Adeyi,WR,WR,,25,Active,,,,unrostered_at_snapshot,unknown,,2026-09-07T02:33:19.257223Z
2026-09-07T02:33:19.433492Z,1389347524489277440,2026,False,2916,Ify Umodu,WR,WR,,32,Active,,,,unrostered_at_snapshot,unknown,,2026-09-07T02:33:19.257223Z
2026-09-07T02:33:19.433492Z,1389347524489277440,2026,False,6626,Isaac Zico,WR,WR,,25,Active,,,,unrostered_at_snapshot,unknown,,2026-09-07T02:33:19.257223Z
2026-09-07T02:33:19.433492Z,1389347524489277440,2026,False,7085,Isaiah Coulter,WR,WR,,24,Active,,,,unrostered_at_snapshot,unknown,,2026-09-07T02:33:19.257223Z
2026-09-07T02:33:19.433492Z,1389347524489277440,2026,False,6920,Isaiah Hodgins,WR,WR,,27,Active,,,,unrostered_at_snapshot,unknown,,2026-09-07T02:33:19.257223Z
2026-09-07T02:33:19.433492Z,1389347524489277440,2026,False,4197,Isaiah McKenzie,WR,WR,,29,Active,,,,unrostered_at_snapshot,unknown,,2026-09-07T02:33:19.257223Z
2026-09-07T02:33:19.433492Z,1389347524489277440,2026,False,7899,Isaiah McKoy,WR,WR,,,Active,,,,unrostered_at_snapshot,unknown,,2026-09-07T02:33:19.257223Z
2026-09-07T02:33:19.433492Z,1389347524489277440,2026,False,11982,Isaiah Washington,WR,WR,,23,Active,,,,unrostered_at_snapshot,unknown,,2026-09-07T02:33:19.257223Z
2026-09-07T02:33:19.433492Z,1389347524489277440,2026,False,8229,Isaiah Weston,WR,WR,,25,Injured Reserve,,,,unrostered_at_snapshot,unknown,,2026-09-07T02:33:19.257223Z
2026-09-07T02:33:19.433492Z,1389347524489277440,2026,False,11232,Isaiah Winstead,WR,WR,,27,Active,,,,unrostered_at_snapshot,unknown,,2026-09-07T02:33:19.257223Z
2026-09-07T02:33:19.433492Z,1389347524489277440,2026,False,11941,Isaiah Wooden,WR,WR,,26,Active,,,,unrostered_at_snapshot,unknown,,2026-09-07T02:33:19.257223Z
2026-09-07T02:33:19.433492Z,1389347524489277440,2026,False,7407,Isaiah Wright,WR,WR,,24,Active,,,,unrostered_at_snapshot,unknown,,2026-09-07T02:33:19.257223Z
2026-09-07T02:33:19.433492Z,1389347524489277440,2026,False,4289,Ishmael Zamora,WR,WR,,26,Active,,,,unrostered_at_snapshot,unknown,,2026-09-07T02:33:19.257223Z
2026-09-07T02:33:19.433492Z,1389347524489277440,2026,False,2879,Isiah Ferguson,WR,WR,,34,Active,,,,unrostered_at_snapshot,unknown,,2026-09-07T02:33:19.257223Z
2026-09-07T02:33:19.433492Z,1389347524489277440,2026,False,5863,J.J. Arcega-Whiteside,WR,TE,,26,Active,,,,unrostered_at_snapshot,unknown,,2026-09-07T02:33:19.257223Z
2026-09-07T02:33:19.433492Z,1389347524489277440,2026,False,12913,J.J. Jones,WR,WR,,,Active,,,,unrostered_at_snapshot,unknown,,2026-09-07T02:33:19.257223Z
2026-09-07T02:33:19.433492Z,1389347524489277440,2026,False,7339,J.J. Koski,WR,WR,,26,Active,,,,unrostered_at_snapshot,unknown,,2026-09-07T02:33:19.257223Z
2026-09-07T02:33:19.433492Z,1389347524489277440,2026,False,2462,J.J. Nelson,WR,WR,,30,Active,,,,unrostered_at_snapshot,unknown,,2026-09-07T02:33:19.257223Z
2026-09-07T02:33:19.433492Z,1389347524489277440,2026,False,12532,Ja'Corey Brooks,WR,WR,,24,Active,Questionable,,,unrostered_at_snapshot,unknown,,2026-09-07T02:33:19.257223Z
2026-09-07T02:33:19.433492Z,1389347524489277440,2026,False,11619,Ja'Lynn Polk,WR,WR,,24,Active,NA,,,unrostered_at_snapshot,unknown,,2026-09-07T02:33:19.257223Z
2026-09-07T02:33:19.433492Z,1389347524489277440,2026,False,12170,Jaaron Hayek,WR,WR,,23,Active,,,,unrostered_at_snapshot,unknown,,2026-09-07T02:33:19.257223Z
2026-09-07T02:33:19.433492Z,1389347524489277440,2026,False,8420,Jack Sorenson,WR,WR,,25,Active,,,,unrostered_at_snapshot,unknown,,2026-09-07T02:33:19.257223Z
2026-09-07T02:33:19.433492Z,1389347524489277440,2026,False,9503,Jacob Copeland,WR,WR,,25,Active,,,,unrostered_at_snapshot,unknown,,2026-09-07T02:33:19.257223Z
2026-09-07T02:33:19.433492Z,1389347524489277440,2026,False,13904,Jacob De Jesus,WR,WR,,,Active,,,,unrostered_at_snapshot,unknown,,2026-09-07T02:33:19.257223Z
2026-09-07T02:33:19.433492Z,1389347524489277440,2026,False,7703,Jacob Harris,WR,WR,,28,Active,,,,unrostered_at_snapshot,unknown,,2026-09-07T02:33:19.257223Z
2026-09-07T02:33:19.433492Z,1389347524489277440,2026,False,12967,Jacolby George,WR,WR,,22,Active,,,,unrostered_at_snapshot,unknown,,2026-09-07T02:33:19.257223Z
2026-09-07T02:33:19.433492Z,1389347524489277440,2026,False,11521,Jadakis Bonds,WR,WR,,23,Active,,,,unrostered_at_snapshot,unknown,,2026-09-07T02:33:19.257223Z
2026-09-07T02:33:19.433492Z,1389347524489277440,2026,False,13246,Jaden Smith,WR,WR,,24,Active,,,,unrostered_at_snapshot,unknown,,2026-09-07T02:33:19.257223Z
2026-09-07T02:33:19.433492Z,1389347524489277440,2026,False,9498,Jadon Haselwood,WR,WR,,22,Active,,,,unrostered_at_snapshot,unknown,,2026-09-07T02:33:19.257223Z
2026-09-07T02:33:19.433492Z,1389347524489277440,2026,False,12398,Jadon Janke,WR,WR,,25,Active,,,,unrostered_at_snapshot,unknown,,2026-09-07T02:33:19.257223Z
2026-09-07T02:33:19.433492Z,1389347524489277440,2026,False,11867,Jaelen Gill,WR,WR,,25,Active,,,,unrostered_at_snapshot,unknown,,2026-09-07T02:33:19.257223Z
2026-09-07T02:33:19.433492Z,1389347524489277440,2026,False,5140,Jaelon Acklin,WR,WR,,26,Active,,,,unrostered_at_snapshot,unknown,,2026-09-07T02:33:19.257223Z
2026-09-07T02:33:19.433492Z,1389347524489277440,2026,False,7713,Jaelon Darden,WR,WR,,26,Active,,,,unrostered_at_snapshot,unknown,,2026-09-07T02:33:19.257223Z
2026-09-07T02:33:19.433492Z,1389347524489277440,2026,False,13041,Jahmal Banks,WR,WR,,24,Active,,,,unrostered_at_snapshot,unknown,,2026-09-07T02:33:19.257223Z
2026-09-07T02:33:19.433492Z,1389347524489277440,2026,False,8234,Jaivon Heiligh,WR,WR,,23,Active,,,,unrostered_at_snapshot,unknown,,2026-09-07T02:33:19.257223Z
2026-09-07T02:33:19.433492Z,1389347524489277440,2026,False,8690,Jake Herslow,WR,WR,,,Active,,,,unrostered_at_snapshot,unknown,,2026-09-07T02:33:19.257223Z
2026-09-07T02:33:19.433492Z,1389347524489277440,2026,False,5211,Jake Wieneke,WR,WR,,27,Active,,,,unrostered_at_snapshot,unknown,,2026-09-07T02:33:19.257223Z
2026-09-07T02:33:19.433492Z,1389347524489277440,2026,False,3342,Jakeem Grant,WR,WR,,32,Active,,,,unrostered_at_snapshot,unknown,,2026-09-07T02:33:19.257223Z
2026-09-07T02:33:19.433492Z,1389347524489277440,2026,False,12935,Jakobie Keeney-James,WR,WR,,25,Active,,,,unrostered_at_snapshot,unknown,,2026-09-07T02:33:19.257223Z
2026-09-07T02:33:19.433492Z,1389347524489277440,2026,False,7789,Jalen Camp,WR,WR,,26,Active,,,,unrostered_at_snapshot,unknown,,2026-09-07T02:33:19.257223Z
2026-09-07T02:33:19.433492Z,1389347524489277440,2026,False,6685,Jalen Greene,WR,WR,,25,Active,,,,unrostered_at_snapshot,unknown,,2026-09-07T02:33:19.257223Z
2026-09-07T02:33:19.433492Z,1389347524489277440,2026,False,6421,Jalen Guyton,WR,WR,,27,Active,,,,unrostered_at_snapshot,unknown,,2026-09-07T02:33:19.257223Z
2026-09-07T02:33:19.433492Z,1389347524489277440,2026,False,5911,Jalen Hurd,WR,WR,,27,Active,,,,unrostered_at_snapshot,unknown,,2026-09-07T02:33:19.257223Z
2026-09-07T02:33:19.433492Z,1389347524489277440,2026,False,7173,Jalen McCleskey,WR,WR,,24,Active,,,,unrostered_at_snapshot,unknown,,2026-09-07T02:33:19.257223Z
2026-09-07T02:33:19.433492Z,1389347524489277440,2026,False,13290,Jalen Moss,WR,WR,,,Active,,,,unrostered_at_snapshot,unknown,,2026-09-07T02:33:19.257223Z
2026-09-07T02:33:19.433492Z,1389347524489277440,2026,False,6798,Jalen Reagor,WR,WR,,27,Active,,,,unrostered_at_snapshot,unknown,,2026-09-07T02:33:19.257223Z
2026-09-07T02:33:19.433492Z,1389347524489277440,2026,False,11158,Jalen Sample,WR,WR,,24,Active,,,,unrostered_at_snapshot,unknown,,2026-09-07T02:33:19.257223Z
2026-09-07T02:33:19.433492Z,1389347524489277440,2026,False,8416,Jalen Virgil,WR,WR,,28,Active,Questionable,,,unrostered_at_snapshot,unknown,,2026-09-07T02:33:19.257223Z
2026-09-07T02:33:19.433492Z,1389347524489277440,2026,False,10230,Jalen Wayne,WR,WR,,25,Active,,,,unrostered_at_snapshot,unknown,,2026-09-07T02:33:19.257223Z
2026-09-07T02:33:19.433492Z,1389347524489277440,2026,False,12129,Jalon Calhoun,WR,WR,,24,Active,,,,unrostered_at_snapshot,unknown,,2026-09-07T02:33:19.257223Z
2026-09-07T02:33:19.433492Z,1389347524489277440,2026,False,3540,Jamaal Jones,WR,WR,,28,Active,,,,unrostered_at_snapshot,unknown,,2026-09-07T02:33:19.257223Z
2026-09-07T02:33:19.433492Z,1389347524489277440,2026,False,4198,Jamal Agnew,WR,WR,,30,Active,Questionable,,,unrostered_at_snapshot,unknown,,2026-09-07T02:33:19.257223Z
2026-09-07T02:33:19.433492Z,1389347524489277440,2026,False,3548,Jamal Robinson,WR,WR,,28,Active,,,,unrostered_at_snapshot,unknown,,2026-09-07T02:33:19.257223Z
2026-09-07T02:33:19.433492Z,1389347524489277440,2026,False,4821,Jamari Staples,WR,WR,,27,Active,,,,unrostered_at_snapshot,unknown,,2026-09-07T02:33:19.257223Z
2026-09-07T02:33:19.433492Z,1389347524489277440,2026,False,6713,Jamarius Way,WR,WR,,25,Active,,,,unrostered_at_snapshot,unknown,,2026-09-07T02:33:19.257223Z
2026-09-07T02:33:19.433492Z,1389347524489277440,2026,False,3078,Jamel Johnson,WR,WR,,30,Active,,,,unrostered_at_snapshot,unknown,,2026-09-07T02:33:19.257223Z
2026-09-07T02:33:19.433492Z,1389347524489277440,2026,False,6957,James Proche,WR,WR,,29,Active,,,,unrostered_at_snapshot,unknown,,2026-09-07T02:33:19.257223Z
2026-09-07T02:33:19.433492Z,1389347524489277440,2026,False,4320,James Quick,WR,WR,,27,Active,,,,unrostered_at_snapshot,unknown,,2026-09-07T02:33:19.257223Z
2026-09-07T02:33:19.433492Z,1389347524489277440,2026,False,5024,James Washington,WR,WR,,28,Active,,,,unrostered_at_snapshot,unknown,,2026-09-07T02:33:19.257223Z
2026-09-07T02:33:19.433492Z,1389347524489277440,2026,False,6524,Jamire Jordan,WR,WR,,,Active,,,,unrostered_at_snapshot,unknown,,2026-09-07T02:33:19.257223Z
2026-09-07T02:33:19.433492Z,1389347524489277440,2026,False,2410,Jamison Crowder,WR,WR,,31,Active,,,,unrostered_at_snapshot,unknown,,2026-09-07T02:33:19.257223Z
2026-09-07T02:33:19.433492Z,1389347524489277440,2026,False,12753,Jamoi Mayes,WR,WR,,23,Active,,,,unrostered_at_snapshot,unknown,,2026-09-07T02:33:19.257223Z
2026-09-07T02:33:19.433492Z,1389347524489277440,2026,False,11940,JaQuae Jackson,WR,WR,,26,Active,,,,unrostered_at_snapshot,unknown,,2026-09-07T02:33:19.257223Z
2026-09-07T02:33:19.433492Z,1389347524489277440,2026,False,8232,Jaquarii Roberson,WR,WR,,24,Active,,,,unrostered_at_snapshot,unknown,,2026-09-07T02:33:19.257223Z
2026-09-07T02:33:19.433492Z,1389347524489277440,2026,False,11133,Jaray Jenkins,WR,WR,,24,Active,,,,unrostered_at_snapshot,unknown,,2026-09-07T02:33:19.257223Z
2026-09-07T02:33:19.433492Z,1389347524489277440,2026,False,8663,Jared Bernhardt,WR,WR,,25,Active,,,,unrostered_at_snapshot,unknown,,2026-09-07T02:33:19.257223Z
2026-09-07T02:33:19.433492Z,1389347524489277440,2026,False,3462,Jared Dangerfield,WR,WR,,32,Active,,,,unrostered_at_snapshot,unknown,,2026-09-07T02:33:19.257223Z
2026-09-07T02:33:19.433492Z,1389347524489277440,2026,False,5775,Jared Murphy,WR,WR,,27,Active,,,,unrostered_at_snapshot,unknown,,2026-09-07T02:33:19.257223Z
2026-09-07T02:33:19.433492Z,1389347524489277440,2026,False,8418,Jared Smart,WR,WR,,,Active,,,,unrostered_at_snapshot,unknown,,2026-09-07T02:33:19.257223Z
2026-09-07T02:33:19.433492Z,1389347524489277440,2026,False,1215,Jarius Wright,WR,WR,,32,Active,,,,unrostered_at_snapshot,unknown,,2026-09-07T02:33:19.257223Z
2026-09-07T02:33:19.433492Z,1389347524489277440,2026,False,1684,Jaron Brown,WR,WR,,32,Active,,,,unrostered_at_snapshot,unknown,,2026-09-07T02:33:19.257223Z
2026-09-07T02:33:19.433492Z,1389347524489277440,2026,False,2636,Jarred Haggins,WR,WR,,33,Active,,,,unrostered_at_snapshot,unknown,,2026-09-07T02:33:19.257223Z
2026-09-07T02:33:19.433492Z,1389347524489277440,2026,False,11311,Jason Brownlee,WR,WR,,27,Active,,,,unrostered_at_snapshot,unknown,,2026-09-07T02:33:19.257223Z
2026-09-07T02:33:19.433492Z,1389347524489277440,2026,False,6247,Jason Moore,WR,WR,,28,Active,,,,unrostered_at_snapshot,unknown,,2026-09-07T02:33:19.257223Z
2026-09-07T02:33:19.433492Z,1389347524489277440,2026,False,2939,Javess Blue,WR,WR,,32,Active,,,,unrostered_at_snapshot,unknown,,2026-09-07T02:33:19.257223Z
2026-09-07T02:33:19.433492Z,1389347524489277440,2026,False,11645,Javon Baker,WR,WR,,23,Active,,,,unrostered_at_snapshot,unknown,,2026-09-07T02:33:19.257223Z
2026-09-07T02:33:19.433492Z,1389347524489277440,2026,False,5111,Javon Wims,WR,WR,,28,Active,,,,unrostered_at_snapshot,unknown,,2026-09-07T02:33:19.257223Z
2026-09-07T02:33:19.433492Z,1389347524489277440,2026,False,8632,JaVonta Payton,WR,WR,,24,Active,,,,unrostered_at_snapshot,unknown,,2026-09-07T02:33:19.257223Z
2026-09-07T02:33:19.433492Z,1389347524489277440,2026,False,12173,Jaxon Janke,WR,WR,,25,Active,,,,unrostered_at_snapshot,unknown,,2026-09-07T02:33:19.257223Z
2026-09-07T02:33:19.433492Z,1389347524489277440,2026,False,3520,Jay Lee,WR,WR,,31,Active,,,,unrostered_at_snapshot,unknown,,2026-09-07T02:33:19.257223Z
2026-09-07T02:33:19.433492Z,1389347524489277440,2026,False,3852,Jaydon Mickens,WR,WR,,30,Active,,,,unrostered_at_snapshot,unknown,,2026-09-07T02:33:19.257223Z
2026-09-07T02:33:19.433492Z,1389347524489277440,2026,False,11874,Jaylen Johnson,WR,WR,,25,Active,,,,unrostered_at_snapshot,unknown,,2026-09-07T02:33:19.257223Z
2026-09-07T02:33:19.433492Z,1389347524489277440,2026,False,6155,Jaylen Smith,WR,WR,,25,Active,,,,unrostered_at_snapshot,unknown,,2026-09-07T02:33:19.257223Z
2026-09-07T02:33:19.433492Z,1389347524489277440,2026,False,5997,Jazz Ferguson,WR,WR,,25,Active,,,,unrostered_at_snapshot,unknown,,2026-09-07T02:33:19.257223Z
2026-09-07T02:33:19.433492Z,1389347524489277440,2026,False,12144,Je'Quan Burton,WR,WR,,24,Active,,,,unrostered_at_snapshot,unknown,,2026-09-07T02:33:19.257223Z
2026-09-07T02:33:19.433492Z,1389347524489277440,2026,False,5275,Jeff Badet,WR,WR,,27,Active,,,,unrostered_at_snapshot,unknown,,2026-09-07T02:33:19.257223Z
2026-09-07T02:33:19.433492Z,1389347524489277440,2026,False,11850,Jeff Foreman,WR,WR,,25,Active,,,,unrostered_at_snapshot,unknown,,2026-09-07T02:33:19.257223Z
2026-09-07T02:33:19.433492Z,1389347524489277440,2026,False,6557,Jeff Smith,WR,WR,,27,Active,,,,unrostered_at_snapshot,unknown,,2026-09-07T02:33:19.257223Z
2026-09-07T02:33:19.433492Z,1389347524489277440,2026,False,14067,Jeff Weimer,WR,WR,,,Active,,,,unrostered_at_snapshot,unknown,,2026-09-07T02:33:19.257223Z
2026-09-07T02:33:19.433492Z,1389347524489277440,2026,False,12245,Jelani Baker,WR,WR,,24,Active,,,,unrostered_at_snapshot,unknown,,2026-09-07T02:33:19.257223Z
2026-09-07T02:33:19.433492Z,1389347524489277440,2026,False,8410,Jequez Ezzard,WR,WR,,,Active,,,,unrostered_at_snapshot,unknown,,2026-09-07T02:33:19.257223Z
2026-09-07T02:33:19.433492Z,1389347524489277440,2026,False,13608,Jerand Bradley,WR,WR,,23,Active,,,,unrostered_at_snapshot,unknown,,2026-09-07T02:33:19.257223Z
2026-09-07T02:33:19.433492Z,1389347524489277440,2026,False,7874,Jeremiah Haydel,WR,WR,,22,Active,,,,unrostered_at_snapshot,unknown,,2026-09-07T02:33:19.257223Z
2026-09-07T02:33:19.433492Z,1389347524489277440,2026,False,2920,Jeret Smith,WR,WR,,32,Active,,,,unrostered_at_snapshot,unknown,,2026-09-07T02:33:19.257223Z
2026-09-07T02:33:19.433492Z,1389347524489277440,2026,False,12778,Jerjuan Newton,WR,WR,,24,Active,,,,unrostered_at_snapshot,unknown,,2026-09-07T02:33:19.257223Z
2026-09-07T02:33:19.433492Z,1389347524489277440,2026,False,11640,Jermaine Burton,WR,WR,,24,Active,,,,unrostered_at_snapshot,unknown,,2026-09-07T02:33:19.257223Z
2026-09-07T02:33:19.433492Z,1389347524489277440,2026,False,11897,Jermaine Jackson,WR,WR,,24,Active,,,,unrostered_at_snapshot,unknown,,2026-09-07T02:33:19.257223Z
2026-09-07T02:33:19.433492Z,1389347524489277440,2026,False,1290,Jermaine Kearse,WR,WR,,31,Injured Reserve,,,,unrostered_at_snapshot,unknown,,2026-09-07T02:33:19.257223Z
2026-09-07T02:33:19.433492Z,1389347524489277440,2026,False,7394,Jermiah Braswell,WR,WR,,24,Active,,,,unrostered_at_snapshot,unknown,,2026-09-07T02:33:19.257223Z
2026-09-07T02:33:19.433492Z,1389347524489277440,2026,False,11522,Jerome Kapp,WR,WR,,24,Active,,,,unrostered_at_snapshot,unknown,,2026-09-07T02:33:19.257223Z
2026-09-07T02:33:19.433492Z,1389347524489277440,2026,False,4328,Jerome Lane,WR,WR,,26,Active,,,,unrostered_at_snapshot,unknown,,2026-09-07T02:33:19.257223Z
2026-09-07T02:33:19.433492Z,1389347524489277440,2026,False,8236,Jerreth Sterns,WR,WR,,23,Active,,,,unrostered_at_snapshot,unknown,,2026-09-07T02:33:19.257223Z
2026-09-07T02:33:19.433492Z,1389347524489277440,2026,False,11452,Jesse Matthews,WR,WR,,26,Active,,,,unrostered_at_snapshot,unknown,,2026-09-07T02:33:19.257223Z
2026-09-07T02:33:19.433492Z,1389347524489277440,2026,False,5261,Jester Weah,WR,WR,,26,Active,,,,unrostered_at_snapshot,unknown,,2026-09-07T02:33:19.257223Z
2026-09-07T02:33:19.433492Z,1389347524489277440,2026,False,11808,Jha'Quan Jackson,WR,WR,,26,Active,,,,unrostered_at_snapshot,unknown,,2026-09-07T02:33:19.257223Z
2026-09-07T02:33:19.433492Z,1389347524489277440,2026,False,4786,Jhajuan Seales,WR,WR,,28,Active,,,,unrostered_at_snapshot,unknown,,2026-09-07T02:33:19.257223Z
2026-09-07T02:33:19.433492Z,1389347524489277440,2026,False,7582,Jhamon Ausbon,WR,WR,,22,Active,,,,unrostered_at_snapshot,unknown,,2026-09-07T02:33:19.257223Z
2026-09-07T02:33:19.433492Z,1389347524489277440,2026,False,2771,Jimmie Hunt,WR,WR,,34,Active,,,,unrostered_at_snapshot,unknown,,2026-09-07T02:33:19.257223Z
2026-09-07T02:33:19.433492Z,1389347524489277440,2026,False,5254,Jimmy Williams,WR,WR,,26,Active,,,,unrostered_at_snapshot,unknown,,2026-09-07T02:33:19.257223Z
2026-09-07T02:33:19.433492Z,1389347524489277440,2026,False,12231,JJ Laap,WR,WR,,23,Active,,,,unrostered_at_snapshot,unknown,,2026-09-07T02:33:19.257223Z
2026-09-07T02:33:19.433492Z,1389347524489277440,2026,False,12777,Joaquin Davis,WR,WR,,24,Active,,,,unrostered_at_snapshot,unknown,,2026-09-07T02:33:19.257223Z
2026-09-07T02:33:19.433492Z,1389347524489277440,2026,False,6686,Joe Horn,WR,WR,,27,Active,,,,unrostered_at_snapshot,unknown,,2026-09-07T02:33:19.257223Z
2026-09-07T02:33:19.433492Z,1389347524489277440,2026,False,6692,Joe Horn,WR,WR,,27,Active,,,,unrostered_at_snapshot,unknown,,2026-09-07T02:33:19.257223Z
2026-09-07T02:33:19.433492Z,1389347524489277440,2026,False,6913,Joe Reed,WR,WR,,25,Active,,,,unrostered_at_snapshot,unknown,,2026-09-07T02:33:19.257223Z
2026-09-07T02:33:19.433492Z,1389347524489277440,2026,False,6727,Joe Walker,WR,WR,,26,Active,,,,unrostered_at_snapshot,unknown,,2026-09-07T02:33:19.257223Z
2026-09-07T02:33:19.433492Z,1389347524489277440,2026,False,2238,John Brown,WR,WR,,32,Active,,,,unrostered_at_snapshot,unknown,,2026-09-07T02:33:19.257223Z
2026-09-07T02:33:19.433492Z,1389347524489277440,2026,False,5425,John Diarse,WR,WR,,27,Active,,,,unrostered_at_snapshot,unknown,,2026-09-07T02:33:19.257223Z
2026-09-07T02:33:19.433492Z,1389347524489277440,2026,False,11223,John Hall,WR,WR,,25,Active,,,,unrostered_at_snapshot,unknown,,2026-09-07T02:33:19.257223Z
2026-09-07T02:33:19.433492Z,1389347524489277440,2026,False,2578,John Harris,WR,WR,,,Active,,,,unrostered_at_snapshot,unknown,,2026-09-07T02:33:19.257223Z
2026-09-07T02:33:19.433492Z,1389347524489277440,2026,False,7086,John Hightower,WR,WR,,27,Active,,,,unrostered_at_snapshot,unknown,,2026-09-07T02:33:19.257223Z
2026-09-07T02:33:19.433492Z,1389347524489277440,2026,False,12410,John Jackson,WR,WR,,25,Active,,,,unrostered_at_snapshot,unknown,,2026-09-07T02:33:19.257223Z
2026-09-07T02:33:19.433492Z,1389347524489277440,2026,False,12383,John Jiles,WR,WR,,25,Active,Questionable,,,unrostered_at_snapshot,unknown,,2026-09-07T02:33:19.257223Z
2026-09-07T02:33:19.433492Z,1389347524489277440,2026,False,4038,John Ross,WR,WR,,29,Active,,,,unrostered_at_snapshot,unknown,,2026-09-07T02:33:19.257223Z
2026-09-07T02:33:19.433492Z,1389347524489277440,2026,False,6392,Johnathan Lloyd,WR,WR,,26,Active,,,,unrostered_at_snapshot,unknown,,2026-09-07T02:33:19.257223Z
2026-09-07T02:33:19.433492Z,1389347524489277440,2026,False,7414,Johnathon Johnson,WR,WR,,25,Active,,,,unrostered_at_snapshot,unknown,,2026-09-07T02:33:19.257223Z
2026-09-07T02:33:19.433492Z,1389347524489277440,2026,False,6019,Johnnie Dixon,WR,WR,,27,Active,,,,unrostered_at_snapshot,unknown,,2026-09-07T02:33:19.257223Z
2026-09-07T02:33:19.433492Z,1389347524489277440,2026,False,3476,Johnny Holton,WR,WR,,31,Active,,,,unrostered_at_snapshot,unknown,,2026-09-07T02:33:19.257223Z
2026-09-07T02:33:19.433492Z,1389347524489277440,2026,False,11282,Johnny King,WR,WR,,23,Active,,,,unrostered_at_snapshot,unknown,,2026-09-07T02:33:19.257223Z
2026-09-07T02:33:19.433492Z,1389347524489277440,2026,False,4330,JoJo Natson,WR,WR,,27,Active,,,,unrostered_at_snapshot,unknown,,2026-09-07T02:33:19.257223Z
2026-09-07T02:33:19.433492Z,1389347524489277440,2026,False,7370,JoJo Ward,WR,WR,,24,Active,,,,unrostered_at_snapshot,unknown,,2026-09-07T02:33:19.257223Z
2026-09-07T02:33:19.433492Z,1389347524489277440,2026,False,6420,Jon'Vea Johnson,WR,WR,,26,Active,,,,unrostered_at_snapshot,unknown,,2026-09-07T02:33:19.257223Z
2026-09-07T02:33:19.433492Z,1389347524489277440,2026,False,7613,Jonathan Adams,WR,WR,,23,Active,,,,unrostered_at_snapshot,unknown,,2026-09-07T02:33:19.257223Z
2026-09-07T02:33:19.433492Z,1389347524489277440,2026,False,13920,Jonathan Brady,WR,WR,,22,Active,,,,unrostered_at_snapshot,unknown,,2026-09-07T02:33:19.257223Z
2026-09-07T02:33:19.433492Z,1389347524489277440,2026,False,6320,Jonathan Duhart,WR,WR,,25,Active,,,,unrostered_at_snapshot,unknown,,2026-09-07T02:33:19.257223Z
2026-09-07T02:33:19.433492Z,1389347524489277440,2026,False,2934,Jonathon Rumph,WR,WR,,33,Active,,,,unrostered_at_snapshot,unknown,,2026-09-07T02:33:19.257223Z
2026-09-07T02:33:19.433492Z,1389347524489277440,2026,False,8628,Jontre Kirklin,WR,WR,,25,Active,,,,unrostered_at_snapshot,unknown,,2026-09-07T02:33:19.257223Z
2026-09-07T02:33:19.433492Z,1389347524489277440,2026,False,12891,Jordan Bly,WR,WR,,,Active,,,,unrostered_at_snapshot,unknown,,2026-09-07T02:33:19.257223Z
2026-09-07T02:33:19.433492Z,1389347524489277440,2026,False,11089,Jordan Byrd,WR,WR,,23,Active,,,,unrostered_at_snapshot,unknown,,2026-09-07T02:33:19.257223Z
2026-09-07T02:33:19.433492Z,1389347524489277440,2026,False,6779,Jordan Harris,WR,WR,,34,Active,,,,unrostered_at_snapshot,unknown,,2026-09-07T02:33:19.257223Z
2026-09-07T02:33:19.433492Z,1389347524489277440,2026,False,5590,Jordan Smallwood,WR,WR,,26,Active,,,,unrostered_at_snapshot,unknown,,2026-09-07T02:33:19.257223Z
2026-09-07T02:33:19.433492Z,1389347524489277440,2026,False,5293,Jordan Veasy,WR,WR,,27,Active,,,,unrostered_at_snapshot,unknown,,2026-09-07T02:33:19.257223Z
2026-09-07T02:33:19.433492Z,1389347524489277440,2026,False,4787,Jordan Westerkamp,WR,WR,,27,Active,,,,unrostered_at_snapshot,unknown,,2026-09-07T02:33:19.257223Z
2026-09-07T02:33:19.433492Z,1389347524489277440,2026,False,3621,Jordan Williams-Lambert,WR,WR,,27,Active,,,,unrostered_at_snapshot,unknown,,2026-09-07T02:33:19.257223Z
2026-09-07T02:33:19.433492Z,1389347524489277440,2026,False,175,Jordy Nelson,WR,WR,,36,Injured Reserve,,,,unrostered_at_snapshot,unknown,,2026-09-07T02:33:19.257223Z
2026-09-07T02:33:19.433492Z,1389347524489277440,2026,False,11504,Jose Barbon,WR,WR,,23,Active,,,,unrostered_at_snapshot,unknown,,2026-09-07T02:33:19.257223Z
2026-09-07T02:33:19.433492Z,1389347524489277440,2026,False,13743,Joseph Manjack,WR,WR,,23,Active,,,,unrostered_at_snapshot,unknown,,2026-09-07T02:33:19.257223Z
2026-09-07T02:33:19.433492Z,1389347524489277440,2026,False,11276,Joseph Ngata,WR,WR,,24,Active,,,,unrostered_at_snapshot,unknown,,2026-09-07T02:33:19.257223Z
2026-09-07T02:33:19.433492Z,1389347524489277440,2026,False,6661,Joseph Parker,WR,WR,,25,Active,,,,unrostered_at_snapshot,unknown,,2026-09-07T02:33:19.257223Z
2026-09-07T02:33:19.433492Z,1389347524489277440,2026,False,12222,Joseph Scates,WR,WR,,24,Active,,,,unrostered_at_snapshot,unknown,,2026-09-07T02:33:19.257223Z
2026-09-07T02:33:19.433492Z,1389347524489277440,2026,False,8931,Josh Ali,WR,WR,,25,Active,,,,unrostered_at_snapshot,unknown,,2026-09-07T02:33:19.257223Z
2026-09-07T02:33:19.433492Z,1389347524489277440,2026,False,1312,Josh Bellamy,WR,WR,,32,Active,,,,unrostered_at_snapshot,unknown,,2026-09-07T02:33:19.257223Z
2026-09-07T02:33:19.433492Z,1389347524489277440,2026,False,166,Josh Cribbs,WR,WR,,38,Injured Reserve,,,,unrostered_at_snapshot,unknown,,2026-09-07T02:33:19.257223Z
2026-09-07T02:33:19.433492Z,1389347524489277440,2026,False,5760,Josh Crockett,WR,WR,,26,Active,,,,unrostered_at_snapshot,unknown,,2026-09-07T02:33:19.257223Z
2026-09-07T02:33:19.433492Z,1389347524489277440,2026,False,3178,Josh Doctson,WR,WR,,29,Active,,,,unrostered_at_snapshot,unknown,,2026-09-07T02:33:19.257223Z
2026-09-07T02:33:19.433492Z,1389347524489277440,2026,False,1244,Josh Gordon,WR,WR,,31,Active,,,,unrostered_at_snapshot,unknown,,2026-09-07T02:33:19.257223Z
2026-09-07T02:33:19.433492Z,1389347524489277440,2026,False,7287,Josh Hammond,WR,WR,,25,Active,,,,unrostered_at_snapshot,unknown,,2026-09-07T02:33:19.257223Z
2026-09-07T02:33:19.433492Z,1389347524489277440,2026,False,2713,Josh Harper,WR,WR,,33,Active,,,,unrostered_at_snapshot,unknown,,2026-09-07T02:33:19.257223Z
2026-09-07T02:33:19.433492Z,1389347524489277440,2026,False,8008,Josh Imatorbhebhe,WR,WR,,23,Active,,,,unrostered_at_snapshot,unknown,,2026-09-07T02:33:19.257223Z
2026-09-07T02:33:19.433492Z,1389347524489277440,2026,False,8222,Josh Johnson,WR,WR,,23,Active,,,,unrostered_at_snapshot,unknown,,2026-09-07T02:33:19.257223Z
2026-09-07T02:33:19.433492Z,1389347524489277440,2026,False,4160,Josh Malone,WR,WR,,26,Active,,,,unrostered_at_snapshot,unknown,,2026-09-07T02:33:19.257223Z
2026-09-07T02:33:19.433492Z,1389347524489277440,2026,False,7452,Josh Pearson,WR,WR,,24,Active,,,,unrostered_at_snapshot,unknown,,2026-09-07T02:33:19.257223Z
2026-09-07T02:33:19.433492Z,1389347524489277440,2026,False,2905,Josh Reese,WR,WR,,34,Active,,,,unrostered_at_snapshot,unknown,,2026-09-07T02:33:19.257223Z
2026-09-07T02:33:19.433492Z,1389347524489277440,2026,False,4171,Josh Reynolds,WR,WR,,31,Active,,,,unrostered_at_snapshot,unknown,,2026-09-07T02:33:19.257223Z
2026-09-07T02:33:19.433492Z,1389347524489277440,2026,False,11329,Josh Vann,WR,WR,,23,Active,,,,unrostered_at_snapshot,unknown,,2026-09-07T02:33:19.257223Z
2026-09-07T02:33:19.433492Z,1389347524489277440,2026,False,12114,Joshua Cephus,WR,WR,,25,Active,,,,unrostered_at_snapshot,unknown,,2026-09-07T02:33:19.257223Z
2026-09-07T02:33:19.433492Z,1389347524489277440,2026,False,4040,JuJu Smith-Schuster,WR,WR,,29,Active,Questionable,,,unrostered_at_snapshot,unknown,,2026-09-07T02:33:19.257223Z
2026-09-07T02:33:19.433492Z,1389347524489277440,2026,False,344,Julian Edelman,WR,WR,,35,Injured Reserve,,,,unrostered_at_snapshot,unknown,,2026-09-07T02:33:19.257223Z
2026-09-07T02:33:19.433492Z,1389347524489277440,2026,False,13108,Julian Fleming,WR,WR,,25,Active,,,,unrostered_at_snapshot,unknown,,2026-09-07T02:33:19.257223Z
2026-09-07T02:33:19.433492Z,1389347524489277440,2026,False,5804,Julian Williams,WR,WR,,,Active,,,,unrostered_at_snapshot,unknown,,2026-09-07T02:33:19.257223Z
2026-09-07T02:33:19.433492Z,1389347524489277440,2026,False,947,Julio Jones,WR,WR,,35,Active,,,,unrostered_at_snapshot,unknown,,2026-09-07T02:33:19.257223Z
2026-09-07T02:33:19.433492Z,1389347524489277440,2026,False,12743,Junior Bergen,WR,WR,,23,Active,,,,unrostered_at_snapshot,unknown,,2026-09-07T02:33:19.257223Z
2026-09-07T02:33:19.433492Z,1389347524489277440,2026,False,13351,Junior Vandeross,WR,WR,,,Active,,,,unrostered_at_snapshot,unknown,,2026-09-07T02:33:19.257223Z
2026-09-07T02:33:19.433492Z,1389347524489277440,2026,False,4831,Justice Liggins,WR,WR,,27,Active,,,,unrostered_at_snapshot,unknown,,2026-09-07T02:33:19.257223Z
2026-09-07T02:33:19.433492Z,1389347524489277440,2026,False,8441,Justin Hall,WR,WR,,25,Active,,,,unrostered_at_snapshot,unknown,,2026-09-07T02:33:19.257223Z
2026-09-07T02:33:19.433492Z,1389347524489277440,2026,False,2412,Justin Hardy,WR,WR,,30,Active,,,,unrostered_at_snapshot,unknown,,2026-09-07T02:33:19.257223Z
2026-09-07T02:33:19.433492Z,1389347524489277440,2026,False,13152,Justin Lockhart,WR,WR,,,Active,,,,unrostered_at_snapshot,unknown,,2026-09-07T02:33:19.257223Z
2026-09-07T02:33:19.433492Z,1389347524489277440,2026,False,11191,Justin Marshall,WR,WR,,24,Active,,,,unrostered_at_snapshot,unknown,,2026-09-07T02:33:19.257223Z
2026-09-07T02:33:19.433492Z,1389347524489277440,2026,False,6384,Justin Sumpter,WR,WR,,25,Active,,,,unrostered_at_snapshot,unknown,,2026-09-07T02:33:19.257223Z
2026-09-07T02:33:19.433492Z,1389347524489277440,2026,False,4723,Justin Thomas,WR,DB/WR,,34,Active,,,,unrostered_at_snapshot,unknown,,2026-09-07T02:33:19.257223Z
2026-09-07T02:33:19.433492Z,1389347524489277440,2026,False,5374,Justin Watson,WR,WR,,30,Active,,,,unrostered_at_snapshot,unknown,,2026-09-07T02:33:19.257223Z
2026-09-07T02:33:19.433492Z,1389347524489277440,2026,False,8140,Justyn Ross,WR,WR,,25,Active,,,,unrostered_at_snapshot,unknown,,2026-09-07T02:33:19.257223Z
2026-09-07T02:33:19.433492Z,1389347524489277440,2026,False,7174,Juwan Green,WR,WR,,25,Active,,,,unrostered_at_snapshot,unknown,,2026-09-07T02:33:19.257223Z
2026-09-07T02:33:19.433492Z,1389347524489277440,2026,False,6223,Juwann Winfree,WR,WR,,29,Active,,,,unrostered_at_snapshot,unknown,,2026-09-07T02:33:19.257223Z
2026-09-07T02:33:19.433492Z,1389347524489277440,2026,False,4456,K.D. Cannon,WR,WR,,26,Active,,,,unrostered_at_snapshot,unknown,,2026-09-07T02:33:19.257223Z
2026-09-07T02:33:19.433492Z,1389347524489277440,2026,False,3515,K.J. Maye,WR,WR,,27,Active,,,,unrostered_at_snapshot,unknown,,2026-09-07T02:33:19.257223Z
2026-09-07T02:33:19.433492Z,1389347524489277440,2026,False,5283,Ka'Raun White,WR,WR,,28,Active,,,,unrostered_at_snapshot,unknown,,2026-09-07T02:33:19.257223Z
2026-09-07T02:33:19.433492Z,1389347524489277440,2026,False,7606,Kadarius Toney,WR,WR,,25,Active,,,,unrostered_at_snapshot,unknown,,2026-09-07T02:33:19.257223Z
2026-09-07T02:33:19.433492Z,1389347524489277440,2026,False,11419,Kade Warner,WR,WR,,24,Active,,,,unrostered_at_snapshot,unknown,,2026-09-07T02:33:19.257223Z
2026-09-07T02:33:19.433492Z,1389347524489277440,2026,False,12721,Kaden Prather,WR,WR,,23,Active,,,,unrostered_at_snapshot,unknown,,2026-09-07T02:33:19.257223Z
2026-09-07T02:33:19.433492Z,1389347524489277440,2026,False,6358,Kahlil Lewis,WR,WR,,24,Active,,,,unrostered_at_snapshot,unknown,,2026-09-07T02:33:19.257223Z
2026-09-07T02:33:19.433492Z,1389347524489277440,2026,False,7616,Kai Locksley,WR,WR,,25,Active,,,,unrostered_at_snapshot,unknown,,2026-09-07T02:33:19.257223Z
2026-09-07T02:33:19.433492Z,1389347524489277440,2026,False,6832,Kalija Lipscomb,WR,WR,,24,Active,,,,unrostered_at_snapshot,unknown,,2026-09-07T02:33:19.257223Z
2026-09-07T02:33:19.433492Z,1389347524489277440,2026,False,8248,Kalil Pimpleton,WR,WR,,24,Active,,,,unrostered_at_snapshot,unknown,,2026-09-07T02:33:19.257223Z
2026-09-07T02:33:19.433492Z,1389347524489277440,2026,False,8888,Kameron Brown,WR,WR,,26,Active,,,,unrostered_at_snapshot,unknown,,2026-09-07T02:33:19.257223Z
2026-09-07T02:33:19.433492Z,1389347524489277440,2026,False,4364,Karel Hamilton,WR,WR,,26,Active,,,,unrostered_at_snapshot,unknown,,2026-09-07T02:33:19.257223Z
2026-09-07T02:33:19.433492Z,1389347524489277440,2026,False,2733,Kasey Closs,WR,WR,,32,Active,,,,unrostered_at_snapshot,unknown,,2026-09-07T02:33:19.257223Z
2026-09-07T02:33:19.433492Z,1389347524489277440,2026,False,7752,Kawaan Baker,WR,WR,,27,Active,,,,unrostered_at_snapshot,unknown,,2026-09-07T02:33:19.257223Z
2026-09-07T02:33:19.433492Z,1389347524489277440,2026,False,5747,Kayaune Ross,WR,WR,,27,Active,,,,unrostered_at_snapshot,unknown,,2026-09-07T02:33:19.257223Z
2026-09-07T02:33:19.433492Z,1389347524489277440,2026,False,8863,Kaylon Geiger,WR,WR,,25,Active,,,,unrostered_at_snapshot,unknown,,2026-09-07T02:33:19.257223Z
2026-09-07T02:33:19.433492Z,1389347524489277440,2026,False,12296,Kaylon Horton,WR,WR,,,Active,,,,unrostered_at_snapshot,unknown,,2026-09-07T02:33:19.257223Z
2026-09-07T02:33:19.433492Z,1389347524489277440,2026,False,11070,Kazmeir Allen,WR,WR,,25,Active,,,,unrostered_at_snapshot,unknown,,2026-09-07T02:33:19.257223Z
2026-09-07T02:33:19.433492Z,1389347524489277440,2026,False,11099,Kearis Jackson,WR,WR,,25,Active,,,,unrostered_at_snapshot,unknown,,2026-09-07T02:33:19.257223Z
2026-09-07T02:33:19.433492Z,1389347524489277440,2026,False,4622,Keelan Cole,WR,WR,,31,Active,,,,unrostered_at_snapshot,unknown,,2026-09-07T02:33:19.257223Z
2026-09-07T02:33:19.433492Z,1389347524489277440,2026,False,6032,Keelan Doss,WR,WR,,28,Active,,,,unrostered_at_snapshot,unknown,,2026-09-07T02:33:19.257223Z
2026-09-07T02:33:19.433492Z,1389347524489277440,2026,False,13973,Keelan Marion,WR,WR,,26,Active,,,,unrostered_at_snapshot,unknown,,2026-09-07T02:33:19.257223Z
2026-09-07T02:33:19.433492Z,1389347524489277440,2026,False,4641,Keeon Johnson,WR,WR,,27,Active,,,,unrostered_at_snapshot,unknown,,2026-09-07T02:33:19.257223Z
2026-09-07T02:33:19.433492Z,1389347524489277440,2026,False,5962,KeeSean Johnson,WR,WR,,26,Active,,,,unrostered_at_snapshot,unknown,,2026-09-07T02:33:19.257223Z
2026-09-07T02:33:19.433492Z,1389347524489277440,2026,False,4823,Keevan Lucas,WR,WR,,26,Active,,,,unrostered_at_snapshot,unknown,,2026-09-07T02:33:19.257223Z
2026-09-07T02:33:19.433492Z,1389347524489277440,2026,False,5134,Keith Kirkwood,WR,WR,,31,Active,,,,unrostered_at_snapshot,unknown,,2026-09-07T02:33:19.257223Z
2026-09-07T02:33:19.433492Z,1389347524489277440,2026,False,5007,Keke Coutee,WR,WR,,26,Active,,,,unrostered_at_snapshot,unknown,,2026-09-07T02:33:19.257223Z
2026-09-07T02:33:19.433492Z,1389347524489277440,2026,False,8825,Kekoa Crawford,WR,WR,,25,Active,,,,unrostered_at_snapshot,unknown,,2026-09-07T02:33:19.257223Z
2026-09-07T02:33:19.433492Z,1389347524489277440,2026,False,12755,Kelly Akharaiyi,WR,WR,,25,Active,,,,unrostered_at_snapshot,unknown,,2026-09-07T02:33:19.257223Z
2026-09-07T02:33:19.433492Z,1389347524489277440,2026,False,5884,Kelvin Harmon,WR,WR,,28,Active,,,,unrostered_at_snapshot,unknown,,2026-09-07T02:33:19.257223Z
2026-09-07T02:33:19.433492Z,1389347524489277440,2026,False,6438,Kelvin McKnight,WR,WR,,24,Active,,,,unrostered_at_snapshot,unknown,,2026-09-07T02:33:19.257223Z
2026-09-07T02:33:19.433492Z,1389347524489277440,2026,False,7210,Kendall Hinton,WR,WR,,26,Active,,,,unrostered_at_snapshot,unknown,,2026-09-07T02:33:19.257223Z
2026-09-07T02:33:19.433492Z,1389347524489277440,2026,False,8783,Kendric Pryor,WR,WR,,28,Active,,,,unrostered_at_snapshot,unknown,,2026-09-07T02:33:19.257223Z
2026-09-07T02:33:19.433492Z,1389347524489277440,2026,False,3052,Kendrick Ings,WR,WR,,35,Active,,,,unrostered_at_snapshot,unknown,,2026-09-07T02:33:19.257223Z
2026-09-07T02:33:19.433492Z,1389347524489277440,2026,False,7035,Kendrick Rogers,WR,WR,,24,Active,,,,unrostered_at_snapshot,unknown,,2026-09-07T02:33:19.257223Z
2026-09-07T02:33:19.433492Z,1389347524489277440,2026,False,4634,Kenneth Walker,WR,WR,,27,Active,,,,unrostered_at_snapshot,unknown,,2026-09-07T02:33:19.257223Z
2026-09-07T02:33:19.433492Z,1389347524489277440,2026,False,2836,Kenny Cook,WR,WR,,29,Active,,,,unrostered_at_snapshot,unknown,,2026-09-07T02:33:19.257223Z
2026-09-07T02:33:19.433492Z,1389347524489277440,2026,False,4131,Kenny Golladay,WR,WR,,29,Active,,,,unrostered_at_snapshot,unknown,,2026-09-07T02:33:19.257223Z
2026-09-07T02:33:19.433492Z,1389347524489277440,2026,False,3398,Kenny Lawler,WR,WR,,27,Active,,,,unrostered_at_snapshot,unknown,,2026-09-07T02:33:19.257223Z
2026-09-07T02:33:19.433492Z,1389347524489277440,2026,False,1555,Kenny Stills,WR,WR,,30,Active,,,,unrostered_at_snapshot,unknown,,2026-09-07T02:33:19.257223Z
2026-09-07T02:33:19.433492Z,1389347524489277440,2026,False,5357,Kent Shelby,WR,WR,,,Active,,,,unrostered_at_snapshot,unknown,,2026-09-07T02:33:19.257223Z
2026-09-07T02:33:19.433492Z,1389347524489277440,2026,False,2783,Kenzel Doe,WR,WR,,32,Active,,,,unrostered_at_snapshot,unknown,,2026-09-07T02:33:19.257223Z
2026-09-07T02:33:19.433492Z,1389347524489277440,2026,False,4445,Keon Hatcher,WR,WR,,27,Active,,,,unrostered_at_snapshot,unknown,,2026-09-07T02:33:19.257223Z
2026-09-07T02:33:19.433492Z,1389347524489277440,2026,False,8892,Keric Wheatfall,WR,WR,,23,Active,,,,unrostered_at_snapshot,unknown,,2026-09-07T02:33:19.257223Z
2026-09-07T02:33:19.433492Z,1389347524489277440,2026,False,4785,Kermit Whitfield,WR,WR,,28,Active,,,,unrostered_at_snapshot,unknown,,2026-09-07T02:33:19.257223Z
2026-09-07T02:33:19.433492Z,1389347524489277440,2026,False,8858,Keshunn Abram,WR,WR,,23,Active,,,,unrostered_at_snapshot,unknown,,2026-09-07T02:33:19.257223Z
2026-09-07T02:33:19.433492Z,1389347524489277440,2026,False,13193,Ketron Jackson,WR,WR,,,Active,,,,unrostered_at_snapshot,unknown,,2026-09-07T02:33:19.257223Z
2026-09-07T02:33:19.433492Z,1389347524489277440,2026,False,8876,Kevin Kassis,WR,WR,,25,Active,,,,unrostered_at_snapshot,unknown,,2026-09-07T02:33:19.257223Z
2026-09-07T02:33:19.433492Z,1389347524489277440,2026,False,2276,Kevin Norwood,WR,WR,,30,Injured Reserve,,,,unrostered_at_snapshot,unknown,,2026-09-07T02:33:19.257223Z
2026-09-07T02:33:19.433492Z,1389347524489277440,2026,False,8697,Kevin Shaa,WR,WR,,25,Active,,,,unrostered_at_snapshot,unknown,,2026-09-07T02:33:19.257223Z
2026-09-07T02:33:19.433492Z,1389347524489277440,2026,False,4699,Kevin Snead,WR,WR,,30,Active,,,,unrostered_at_snapshot,unknown,,2026-09-07T02:33:19.257223Z
2026-09-07T02:33:19.433492Z,1389347524489277440,2026,False,2312,Kevin White,WR,WR,,30,Active,,,,unrostered_at_snapshot,unknown,,2026-09-07T02:33:19.257223Z
2026-09-07T02:33:19.433492Z,1389347524489277440,2026,False,4708,KeVonn Mabon,WR,WR,,28,Active,,,,unrostered_at_snapshot,unknown,,2026-09-07T02:33:19.257223Z
2026-09-07T02:33:19.433492Z,1389347524489277440,2026,False,13194,Key'Shawn Smith,WR,WR,,,Active,,,,unrostered_at_snapshot,unknown,,2026-09-07T02:33:19.257223Z
2026-09-07T02:33:19.433492Z,1389347524489277440,2026,False,3475,Keyarris Garrett,WR,WR,,29,Active,,,,unrostered_at_snapshot,unknown,,2026-09-07T02:33:19.257223Z
2026-09-07T02:33:19.433492Z,1389347524489277440,2026,False,11344,Keytaon Thompson,WR,WR,,24,Active,,,,unrostered_at_snapshot,unknown,,2026-09-07T02:33:19.257223Z
2026-09-07T02:33:19.433492Z,1389347524489277440,2026,False,7580,Khalil McClain,WR,WR,,22,Active,,,,unrostered_at_snapshot,unknown,,2026-09-07T02:33:19.257223Z
2026-09-07T02:33:19.433492Z,1389347524489277440,2026,False,7351,Kirk Merritt,WR,WR,,26,Active,,,,unrostered_at_snapshot,unknown,,2026-09-07T02:33:19.257223Z
2026-09-07T02:33:19.433492Z,1389347524489277440,2026,False,13166,Kisean Johnson,WR,WR,,,Active,,,,unrostered_at_snapshot,unknown,,2026-09-07T02:33:19.257223Z
2026-09-07T02:33:19.433492Z,1389347524489277440,2026,False,6805,KJ Hamler,WR,WR,,26,Active,,,,unrostered_at_snapshot,unknown,,2026-09-07T02:33:19.257223Z
2026-09-07T02:33:19.433492Z,1389347524489277440,2026,False,12488,Kobe Hudson,WR,WR,,,Active,,,,unrostered_at_snapshot,unknown,,2026-09-07T02:33:19.257223Z
2026-09-07T02:33:19.433492Z,1389347524489277440,2026,False,13708,Kobe Prentice,WR,WR,,22,Active,,,,unrostered_at_snapshot,unknown,,2026-09-07T02:33:19.257223Z
2026-09-07T02:33:19.433492Z,1389347524489277440,2026,False,11359,Kody Case,WR,WR,,24,Active,,,,unrostered_at_snapshot,unknown,,2026-09-07T02:33:19.257223Z
2026-09-07T02:33:19.433492Z,1389347524489277440,2026,False,5210,Korey Robertson,WR,WR,,26,Active,,,,unrostered_at_snapshot,unknown,,2026-09-07T02:33:19.257223Z
2026-09-07T02:33:19.433492Z,1389347524489277440,2026,False,4526,Krishawn Hogan,WR,WR,,26,Active,,,,unrostered_at_snapshot,unknown,,2026-09-07T02:33:19.257223Z
2026-09-07T02:33:19.433492Z,1389347524489277440,2026,False,7438,Kristian Wilkerson,WR,WR,,29,Active,,,,unrostered_at_snapshot,unknown,,2026-09-07T02:33:19.257223Z
2026-09-07T02:33:19.433492Z,1389347524489277440,2026,False,8435,Kwamie Lassiter,WR,WR,,26,Active,,,,unrostered_at_snapshot,unknown,,2026-09-07T02:33:19.257223Z
2026-09-07T02:33:19.433492Z,1389347524489277440,2026,False,5236,Kyle Lewis,WR,WR,,26,Active,,,,unrostered_at_snapshot,unknown,,2026-09-07T02:33:19.257223Z
2026-09-07T02:33:19.433492Z,1389347524489277440,2026,False,8171,Kyle Philips,WR,WR,,26,Active,,,,unrostered_at_snapshot,unknown,,2026-09-07T02:33:19.257223Z
2026-09-07T02:33:19.433492Z,1389347524489277440,2026,False,11901,Kyle Sheets,WR,WR,,24,Active,,,,unrostered_at_snapshot,unknown,,2026-09-07T02:33:19.257223Z
2026-09-07T02:33:19.433492Z,1389347524489277440,2026,False,14056,Kyre Duplessis,WR,WR,,,Active,,,,unrostered_at_snapshot,unknown,,2026-09-07T02:33:19.257223Z
2026-09-07T02:33:19.433492Z,1389347524489277440,2026,False,13208,Kyrese Rowan,WR,WR,,25,Active,,,,unrostered_at_snapshot,unknown,,2026-09-07T02:33:19.257223Z
2026-09-07T02:33:19.433492Z,1389347524489277440,2026,False,8595,Kyric McGowan,WR,WR,,24,Active,,,,unrostered_at_snapshot,unknown,,2026-09-07T02:33:19.257223Z
2026-09-07T02:33:19.433492Z,1389347524489277440,2026,False,1943,Lacoltan Bester,WR,WR,,,Active,,,,unrostered_at_snapshot,unknown,,2026-09-07T02:33:19.257223Z
2026-09-07T02:33:19.433492Z,1389347524489277440,2026,False,4895,Lamar Atkins,WR,WR,,27,Active,,,,unrostered_at_snapshot,unknown,,2026-09-07T02:33:19.257223Z
2026-09-07T02:33:19.433492Z,1389347524489277440,2026,False,4750,Lance Lenoir,WR,WR,,28,Active,,,,unrostered_at_snapshot,unknown,,2026-09-07T02:33:19.257223Z
2026-09-07T02:33:19.433492Z,1389347524489277440,2026,False,8745,Lance McCutcheon,WR,WR,,27,Active,,,,unrostered_at_snapshot,unknown,,2026-09-07T02:33:19.257223Z
2026-09-07T02:33:19.433492Z,1389347524489277440,2026,False,7915,Landen Akers,WR,WR,,25,Active,,,,unrostered_at_snapshot,unknown,,2026-09-07T02:33:19.257223Z
2026-09-07T02:33:19.433492Z,1389347524489277440,2026,False,8705,Landon Lenoir,WR,WR,,24,Active,,,,unrostered_at_snapshot,unknown,,2026-09-07T02:33:19.257223Z
2026-09-07T02:33:19.433492Z,1389347524489277440,2026,False,12820,Landon Parker,WR,WR,,26,Active,,,,unrostered_at_snapshot,unknown,,2026-09-07T02:33:19.257223Z
2026-09-07T02:33:19.433492Z,1389347524489277440,2026,False,5427,LaQuvionte Gonzalez,WR,WR,,28,Active,,,,unrostered_at_snapshot,unknown,,2026-09-07T02:33:19.257223Z
2026-09-07T02:33:19.433492Z,1389347524489277440,2026,False,4680,Larry Clark,WR,WR,,28,Active,,,,unrostered_at_snapshot,unknown,,2026-09-07T02:33:19.257223Z
2026-09-07T02:33:19.433492Z,1389347524489277440,2026,False,12360,Latreal Jones,WR,WR,,26,Active,,,,unrostered_at_snapshot,unknown,,2026-09-07T02:33:19.257223Z
2026-09-07T02:33:19.433492Z,1389347524489277440,2026,False,6814,Laviska Shenault,WR,WR,,26,Active,,,,unrostered_at_snapshot,unknown,,2026-09-07T02:33:19.257223Z
2026-09-07T02:33:19.433492Z,1389347524489277440,2026,False,13975,Le'Meke Brockington,WR,WR,,24,Active,Questionable,,,unrostered_at_snapshot,unknown,,2026-09-07T02:33:19.257223Z
2026-09-07T02:33:19.433492Z,1389347524489277440,2026,False,11863,Leon Johnson,WR,WR,,23,Active,,,,unrostered_at_snapshot,unknown,,2026-09-07T02:33:19.257223Z
2026-09-07T02:33:19.433492Z,1389347524489277440,2026,False,13889,Levi Wentz,WR,WR,,,Active,,,,unrostered_at_snapshot,unknown,,2026-09-07T02:33:19.257223Z
2026-09-07T02:33:19.433492Z,1389347524489277440,2026,False,14063,Liam Clifford,WR,WR,,,Active,,,,unrostered_at_snapshot,unknown,,2026-09-07T02:33:19.257223Z
2026-09-07T02:33:19.433492Z,1389347524489277440,2026,False,12077,Lincoln Victor,WR,WR,,,Active,,,,unrostered_at_snapshot,unknown,,2026-09-07T02:33:19.257223Z
2026-09-07T02:33:19.433492Z,1389347524489277440,2026,False,2789,Lucky Whitehead,WR,WR,,28,Injured Reserve,,,,unrostered_at_snapshot,unknown,,2026-09-07T02:33:19.257223Z
2026-09-07T02:33:19.433492Z,1389347524489277440,2026,False,8650,Lujuan Winningham,WR,WR,,,Active,,,,unrostered_at_snapshot,unknown,,2026-09-07T02:33:19.257223Z
2026-09-07T02:33:19.433492Z,1389347524489277440,2026,False,13189,Luke Floriea,WR,WR,,24,Active,,,,unrostered_at_snapshot,unknown,,2026-09-07T02:33:19.257223Z
2026-09-07T02:33:19.433492Z,1389347524489277440,2026,False,13617,Luke Wysong,WR,WR,,23,Active,,,,unrostered_at_snapshot,unknown,,2026-09-07T02:33:19.257223Z
2026-09-07T02:33:19.433492Z,1389347524489277440,2026,False,6909,Lynn Bowden,WR,WR,,26,Active,,,,unrostered_at_snapshot,unknown,,2026-09-07T02:33:19.257223Z
2026-09-07T02:33:19.433492Z,1389347524489277440,2026,False,12809,Mac Dalena,WR,WR,,24,Active,,,,unrostered_at_snapshot,unknown,,2026-09-07T02:33:19.257223Z
2026-09-07T02:33:19.433492Z,1389347524489277440,2026,False,11247,Mac Hippenhammer,WR,WR,,24,Active,,,,unrostered_at_snapshot,unknown,,2026-09-07T02:33:19.257223Z
2026-09-07T02:33:19.433492Z,1389347524489277440,2026,False,8209,Makai Polk,WR,WR,,23,Active,,,,unrostered_at_snapshot,unknown,,2026-09-07T02:33:19.257223Z
2026-09-07T02:33:19.433492Z,1389347524489277440,2026,False,11526,Malachi Carter,WR,WR,,23,Active,,,,unrostered_at_snapshot,unknown,,2026-09-07T02:33:19.257223Z
2026-09-07T02:33:19.433492Z,1389347524489277440,2026,False,5777,Malachi Jones,WR,WR,,27,Active,,,,unrostered_at_snapshot,unknown,,2026-09-07T02:33:19.257223Z
2026-09-07T02:33:19.433492Z,1389347524489277440,2026,False,4392,Malcolm Lewis,WR,WR,,28,Active,,,,unrostered_at_snapshot,unknown,,2026-09-07T02:33:19.257223Z
2026-09-07T02:33:19.433492Z,1389347524489277440,2026,False,7109,Malcolm Perry,WR,WR,,25,Active,,,,unrostered_at_snapshot,unknown,,2026-09-07T02:33:19.257223Z
2026-09-07T02:33:19.433492Z,1389347524489277440,2026,False,10860,Malik Cunningham,WR,WR,,27,Active,,,,unrostered_at_snapshot,unknown,,2026-09-07T02:33:19.257223Z
2026-09-07T02:33:19.433492Z,1389347524489277440,2026,False,5169,Malik Earl,WR,WR,,25,Active,,,,unrostered_at_snapshot,unknown,,2026-09-07T02:33:19.257223Z
2026-09-07T02:33:19.433492Z,1389347524489277440,2026,False,11192,Malik Flowers,WR,WR,,24,Active,,,,unrostered_at_snapshot,unknown,,2026-09-07T02:33:19.257223Z
2026-09-07T02:33:19.433492Z,1389347524489277440,2026,False,6552,Malik Henry,WR,WR,,24,Active,,,,unrostered_at_snapshot,unknown,,2026-09-07T02:33:19.257223Z
2026-09-07T02:33:19.433492Z,1389347524489277440,2026,False,11080,Malik Knowles,WR,WR,,25,Active,,,,unrostered_at_snapshot,unknown,,2026-09-07T02:33:19.257223Z
2026-09-07T02:33:19.433492Z,1389347524489277440,2026,False,13702,Malik Rutherford,WR,WR,,,Active,,,,unrostered_at_snapshot,unknown,,2026-09-07T02:33:19.257223Z
2026-09-07T02:33:19.433492Z,1389347524489277440,2026,False,6239,Malik Taylor,WR,WR,,29,Active,,,,unrostered_at_snapshot,unknown,,2026-09-07T02:33:19.257223Z
2026-09-07T02:33:19.433492Z,1389347524489277440,2026,False,5781,Malik Turner,WR,WR,,30,Active,,,,unrostered_at_snapshot,unknown,,2026-09-07T02:33:19.257223Z
2026-09-07T02:33:19.433492Z,1389347524489277440,2026,False,8770,Malik Williams,WR,WR,,24,Active,,,,unrostered_at_snapshot,unknown,,2026-09-07T02:33:19.257223Z
2026-09-07T02:33:19.433492Z,1389347524489277440,2026,False,7400,Manasseh Bailey,WR,WR,,24,Active,,,,unrostered_at_snapshot,unknown,,2026-09-07T02:33:19.257223Z
2026-09-07T02:33:19.433492Z,1389347524489277440,2026,False,14039,Mante Morrow,WR,WR,,,Active,,,,unrostered_at_snapshot,unknown,,2026-09-07T02:33:19.257223Z
2026-09-07T02:33:19.433492Z,1389347524489277440,2026,False,4942,Marcell Ateman,WR,WR,,29,Active,,,,unrostered_at_snapshot,unknown,,2026-09-07T02:33:19.257223Z
2026-09-07T02:33:19.433492Z,1389347524489277440,2026,False,5207,Marchie Murdock,WR,WR,,27,Active,,,,unrostered_at_snapshot,unknown,,2026-09-07T02:33:19.257223Z
2026-09-07T02:33:19.433492Z,1389347524489277440,2026,False,13667,Marcus Burke,WR,WR,,,Active,,,,unrostered_at_snapshot,unknown,,2026-09-07T02:33:19.257223Z
2026-09-07T02:33:19.433492Z,1389347524489277440,2026,False,6288,Marcus Green,WR,WR,,25,Active,,,,unrostered_at_snapshot,unknown,,2026-09-07T02:33:19.257223Z
2026-09-07T02:33:19.433492Z,1389347524489277440,2026,False,3445,Marcus Johnson,WR,WR,,28,Active,,,,unrostered_at_snapshot,unknown,,2026-09-07T02:33:19.257223Z
2026-09-07T02:33:19.433492Z,1389347524489277440,2026,False,4491,Marcus Kemp,WR,WR,,28,Active,,,,unrostered_at_snapshot,unknown,,2026-09-07T02:33:19.257223Z
2026-09-07T02:33:19.433492Z,1389347524489277440,2026,False,3584,Marcus Leak,WR,WR,,29,Active,,,,unrostered_at_snapshot,unknown,,2026-09-07T02:33:19.257223Z
2026-09-07T02:33:19.433492Z,1389347524489277440,2026,False,2191,Marcus Lucas,WR,WR,,29,Active,,,,unrostered_at_snapshot,unknown,,2026-09-07T02:33:19.257223Z
2026-09-07T02:33:19.433492Z,1389347524489277440,2026,False,5786,Marcus Peterson,WR,WR,,29,Active,,,,unrostered_at_snapshot,unknown,,2026-09-07T02:33:19.257223Z
2026-09-07T02:33:19.433492Z,1389347524489277440,2026,False,12235,Marcus Riley,WR,WR,,25,Active,,,,unrostered_at_snapshot,unknown,,2026-09-07T02:33:19.257223Z
2026-09-07T02:33:19.433492Z,1389347524489277440,2026,False,11946,Marcus Rosemy-Jacksaint,WR,WR,,23,Active,,,,unrostered_at_snapshot,unknown,,2026-09-07T02:33:19.257223Z
2026-09-07T02:33:19.433492Z,1389347524489277440,2026,False,13619,Marcus Sanders,WR,WR,,22,Active,,,,unrostered_at_snapshot,unknown,,2026-09-07T02:33:19.257223Z
2026-09-07T02:33:19.433492Z,1389347524489277440,2026,False,2800,Mario Hull,WR,WR,,32,Active,,,,unrostered_at_snapshot,unknown,,2026-09-07T02:33:19.257223Z
2026-09-07T02:33:19.433492Z,1389347524489277440,2026,False,5776,Mark Chapman,WR,WR,,,Active,,,,unrostered_at_snapshot,unknown,,2026-09-07T02:33:19.257223Z
2026-09-07T02:33:19.433492Z,1389347524489277440,2026,False,3568,Marken Michel,WR,WR,,29,Active,,,,unrostered_at_snapshot,unknown,,2026-09-07T02:33:19.257223Z
2026-09-07T02:33:19.433492Z,1389347524489277440,2026,False,1675,Marlon Brown,WR,WR,,29,Injured Reserve,,,,unrostered_at_snapshot,unknown,,2026-09-07T02:33:19.257223Z
2026-09-07T02:33:19.433492Z,1389347524489277440,2026,False,6989,Marquez Callaway,WR,WR,,27,Active,,,,unrostered_at_snapshot,unknown,,2026-09-07T02:33:19.257223Z
2026-09-07T02:33:19.433492Z,1389347524489277440,2026,False,2846,Marquez Clark,WR,WR,,33,Active,,,,unrostered_at_snapshot,unknown,,2026-09-07T02:33:19.257223Z
2026-09-07T02:33:19.433492Z,1389347524489277440,2026,False,3464,Marquez North,WR,WR,,26,Active,,,,unrostered_at_snapshot,unknown,,2026-09-07T02:33:19.257223Z
2026-09-07T02:33:19.433492Z,1389347524489277440,2026,False,7556,Marquez Stevenson,WR,WR,,25,Active,,,,unrostered_at_snapshot,unknown,,2026-09-07T02:33:19.257223Z
2026-09-07T02:33:19.433492Z,1389347524489277440,2026,False,5086,Marquez Valdes-Scantling,WR,WR,,31,Active,,,,unrostered_at_snapshot,unknown,,2026-09-07T02:33:19.257223Z
2026-09-07T02:33:19.433492Z,1389347524489277440,2026,False,1346,Marquise Goodwin,WR,WR,,33,Active,,,,unrostered_at_snapshot,unknown,,2026-09-07T02:33:19.257223Z
2026-09-07T02:33:19.433492Z,1389347524489277440,2026,False,1916,Martavis Bryant,WR,WR,,32,Active,,,,unrostered_at_snapshot,unknown,,2026-09-07T02:33:19.257223Z
2026-09-07T02:33:19.433492Z,1389347524489277440,2026,False,4813,Marvin Bracy,WR,WR,,28,Active,,,,unrostered_at_snapshot,unknown,,2026-09-07T02:33:19.257223Z
2026-09-07T02:33:19.433492Z,1389347524489277440,2026,False,3895,Marvin Hall,WR,WR,,29,Active,,,,unrostered_at_snapshot,unknown,,2026-09-07T02:33:19.257223Z
2026-09-07T02:33:19.433492Z,1389347524489277440,2026,False,1067,Marvin Jones,WR,WR,,33,Active,,,,unrostered_at_snapshot,unknown,,2026-09-07T02:33:19.257223Z
2026-09-07T02:33:19.433492Z,1389347524489277440,2026,False,7436,Mason Kinsey,WR,WR,,28,Active,,,,unrostered_at_snapshot,unknown,,2026-09-07T02:33:19.257223Z
2026-09-07T02:33:19.433492Z,1389347524489277440,2026,False,7619,Mathew Sexton,WR,WR,,26,Active,,,,unrostered_at_snapshot,unknown,,2026-09-07T02:33:19.257223Z
2026-09-07T02:33:19.433492Z,1389347524489277440,2026,False,7352,Matt Cole,WR,WR,,25,Active,,,,unrostered_at_snapshot,unknown,,2026-09-07T02:33:19.257223Z
2026-09-07T02:33:19.433492Z,1389347524489277440,2026,False,5699,Matt Fleming,WR,WR,,25,Active,,,,unrostered_at_snapshot,unknown,,2026-09-07T02:33:19.257223Z
2026-09-07T02:33:19.433492Z,1389347524489277440,2026,False,1821,Matt Hazel,WR,WR,,28,Injured Reserve,,,,unrostered_at_snapshot,unknown,,2026-09-07T02:33:19.257223Z
2026-09-07T02:33:19.433492Z,1389347524489277440,2026,False,10869,Matt Landers,WR,WR,,26,Active,,,,unrostered_at_snapshot,unknown,,2026-09-07T02:33:19.257223Z
2026-09-07T02:33:19.433492Z,1389347524489277440,2026,False,6468,Matthew Eaton,WR,WR,,26,Active,,,,unrostered_at_snapshot,unknown,,2026-09-07T02:33:19.257223Z
2026-09-07T02:33:19.433492Z,1389347524489277440,2026,False,14085,Matthew Henry,WR,WR,,,Active,,,,unrostered_at_snapshot,unknown,,2026-09-07T02:33:19.257223Z
2026-09-07T02:33:19.433492Z,1389347524489277440,2026,False,312,Matthew Slater,WR,WR,,38,Active,,,,unrostered_at_snapshot,unknown,,2026-09-07T02:33:19.257223Z
2026-09-07T02:33:19.433492Z,1389347524489277440,2026,False,8921,Maurice Alexander,WR,WR,,29,Active,,,,unrostered_at_snapshot,unknown,,2026-09-07T02:33:19.257223Z
2026-09-07T02:33:19.433492Z,1389347524489277440,2026,False,7234,Maurice Ffrench,WR,WR,,24,Active,,,,unrostered_at_snapshot,unknown,,2026-09-07T02:33:19.257223Z
2026-09-07T02:33:19.433492Z,1389347524489277440,2026,False,13698,Max Tomczak,WR,WR,,,Active,,,,unrostered_at_snapshot,unknown,,2026-09-07T02:33:19.257223Z
2026-09-07T02:33:19.433492Z,1389347524489277440,2026,False,5917,Mecole Hardman,WR,WR,,28,Active,,,,unrostered_at_snapshot,unknown,,2026-09-07T02:33:19.257223Z
2026-09-07T02:33:19.433492Z,1389347524489277440,2026,False,3418,Mekale McKay,WR,WR,,28,Active,,,,unrostered_at_snapshot,unknown,,2026-09-07T02:33:19.257223Z
2026-09-07T02:33:19.433492Z,1389347524489277440,2026,False,13835,Mekhi Mews,WR,WR,,,Active,,,,unrostered_at_snapshot,unknown,,2026-09-07T02:33:19.257223Z
2026-09-07T02:33:19.433492Z,1389347524489277440,2026,False,6663,Micah Wright,WR,WR,,,Active,,,,unrostered_at_snapshot,unknown,,2026-09-07T02:33:19.257223Z
2026-09-07T02:33:19.433492Z,1389347524489277440,2026,False,1866,Michael Campanaro,WR,WR,,29,Injured Reserve,,,,unrostered_at_snapshot,unknown,,2026-09-07T02:33:19.257223Z
2026-09-07T02:33:19.433492Z,1389347524489277440,2026,False,455,Michael Crabtree,WR,WR,,34,Active,,,,unrostered_at_snapshot,unknown,,2026-09-07T02:33:19.257223Z
2026-09-07T02:33:19.433492Z,1389347524489277440,2026,False,7457,Michael Dereus,WR,WR,,24,Active,,,,unrostered_at_snapshot,unknown,,2026-09-07T02:33:19.257223Z
2026-09-07T02:33:19.433492Z,1389347524489277440,2026,False,5038,Michael Gallup,WR,WR,,29,Active,,,,unrostered_at_snapshot,unknown,,2026-09-07T02:33:19.257223Z
2026-09-07T02:33:19.433492Z,1389347524489277440,2026,False,2754,Michael Johnson,WR,WR,,33,Active,,,,unrostered_at_snapshot,unknown,,2026-09-07T02:33:19.257223Z
2026-09-07T02:33:19.433492Z,1389347524489277440,2026,False,4599,Michael Rector,WR,WR,,28,Active,,,,unrostered_at_snapshot,unknown,,2026-09-07T02:33:19.257223Z
2026-09-07T02:33:19.433492Z,1389347524489277440,2026,False,7944,Michael Strachan,WR,WR,,28,Active,,,,unrostered_at_snapshot,unknown,,2026-09-07T02:33:19.257223Z
2026-09-07T02:33:19.433492Z,1389347524489277440,2026,False,3199,Michael Thomas,WR,WR,,31,Active,,,,unrostered_at_snapshot,unknown,,2026-09-07T02:33:19.257223Z
2026-09-07T02:33:19.433492Z,1389347524489277440,2026,False,6363,Michael Walker,WR,WR,,25,Active,,,,unrostered_at_snapshot,unknown,,2026-09-07T02:33:19.257223Z
2026-09-07T02:33:19.433492Z,1389347524489277440,2026,False,8828,Michael Young,WR,WR,,23,Active,,,,unrostered_at_snapshot,unknown,,2026-09-07T02:33:19.257223Z
2026-09-07T02:33:19.433492Z,1389347524489277440,2026,False,5294,Mikah Holder,WR,WR,,25,Active,,,,unrostered_at_snapshot,unknown,,2026-09-07T02:33:19.257223Z
2026-09-07T02:33:19.433492Z,1389347524489277440,2026,False,8421,Mike Harley,WR,WR,,26,Active,,,,unrostered_at_snapshot,unknown,,2026-09-07T02:33:19.257223Z
2026-09-07T02:33:19.433492Z,1389347524489277440,2026,False,3652,Mike Thomas,WR,WR,,28,Active,,,,unrostered_at_snapshot,unknown,,2026-09-07T02:33:19.257223Z
2026-09-07T02:33:19.433492Z,1389347524489277440,2026,False,4068,Mike Williams,WR,WR,,30,Active,DNR,,,unrostered_at_snapshot,unknown,,2026-09-07T02:33:19.257223Z
2026-09-07T02:33:19.433492Z,1389347524489277440,2026,False,5965,Miles Boykin,WR,WR,,29,Active,,,,unrostered_at_snapshot,unknown,,2026-09-07T02:33:19.257223Z
2026-09-07T02:33:19.433492Z,1389347524489277440,2026,False,2941,Milton Williams,WR,WR,,30,Active,,,,unrostered_at_snapshot,unknown,,2026-09-07T02:33:19.257223Z
2026-09-07T02:33:19.433492Z,1389347524489277440,2026,False,11536,Milton Wright,WR,WR,,22,Active,,,,unrostered_at_snapshot,unknown,,2026-09-07T02:33:19.257223Z
2026-09-07T02:33:19.433492Z,1389347524489277440,2026,False,3516,Mitch Mathews,WR,WR,,30,Active,,,,unrostered_at_snapshot,unknown,,2026-09-07T02:33:19.257223Z
2026-09-07T02:33:19.433492Z,1389347524489277440,2026,False,13227,Mitch Van Vooren,WR,WR,,,Active,,,,unrostered_at_snapshot,unknown,,2026-09-07T02:33:19.257223Z
2026-09-07T02:33:19.433492Z,1389347524489277440,2026,False,4727,Mitchell Paige,WR,WR,,28,Active,,,,unrostered_at_snapshot,unknown,,2026-09-07T02:33:19.257223Z
2026-09-07T02:33:19.433492Z,1389347524489277440,2026,False,1071,Mohamed Sanu,WR,WR,,33,Active,,,,unrostered_at_snapshot,unknown,,2026-09-07T02:33:19.257223Z
2026-09-07T02:33:19.433492Z,1389347524489277440,2026,False,12852,Monaray Baldwin,WR,WR,,23,Active,,,,unrostered_at_snapshot,unknown,,2026-09-07T02:33:19.257223Z
2026-09-07T02:33:19.433492Z,1389347524489277440,2026,False,13222,Montana Lemonious-Craig,WR,WR,,23,Active,Questionable,,,unrostered_at_snapshot,unknown,,2026-09-07T02:33:19.257223Z
2026-09-07T02:33:19.433492Z,1389347524489277440,2026,False,8475,Montrell Washington,WR,WR,,27,Active,,,,unrostered_at_snapshot,unknown,,2026-09-07T02:33:19.257223Z
2026-09-07T02:33:19.433492Z,1389347524489277440,2026,False,4367,Monty Madaris,WR,WR,,28,Active,,,,unrostered_at_snapshot,unknown,,2026-09-07T02:33:19.257223Z
2026-09-07T02:33:19.433492Z,1389347524489277440,2026,False,13026,Moochie Dixon,WR,WR,,,Active,,,,unrostered_at_snapshot,unknown,,2026-09-07T02:33:19.257223Z
2026-09-07T02:33:19.433492Z,1389347524489277440,2026,False,12966,Moose Muhammad,WR,WR,,24,Active,,,,unrostered_at_snapshot,unknown,,2026-09-07T02:33:19.257223Z
2026-09-07T02:33:19.433492Z,1389347524489277440,2026,False,7578,Myron Mitchell,WR,WR,,24,Active,,,,unrostered_at_snapshot,unknown,,2026-09-07T02:33:19.257223Z
2026-09-07T02:33:19.433492Z,1389347524489277440,2026,False,12893,Nate McCollum,WR,WR,,,Active,,,,unrostered_at_snapshot,unknown,,2026-09-07T02:33:19.257223Z
2026-09-07T02:33:19.433492Z,1389347524489277440,2026,False,8436,Neil Pau'u,WR,WR,,27,Active,,,,unrostered_at_snapshot,unknown,,2026-09-07T02:33:19.257223Z
2026-09-07T02:33:19.433492Z,1389347524489277440,2026,False,2325,Nelson Agholor,WR,WR,,31,Active,,,,unrostered_at_snapshot,unknown,,2026-09-07T02:33:19.257223Z
2026-09-07T02:33:19.433492Z,1389347524489277440,2026,False,13963,Nick DeGennaro,WR,WR,,,Active,,,,unrostered_at_snapshot,unknown,,2026-09-07T02:33:19.257223Z
2026-09-07T02:33:19.433492Z,1389347524489277440,2026,False,6227,Nick Easley,WR,WR,,24,Active,,,,unrostered_at_snapshot,unknown,,2026-09-07T02:33:19.257223Z
2026-09-07T02:33:19.433492Z,1389347524489277440,2026,False,5710,Nick Holley,WR,WR,,27,Active,,,,unrostered_at_snapshot,unknown,,2026-09-07T02:33:19.257223Z
2026-09-07T02:33:19.433492Z,1389347524489277440,2026,False,12478,Nick Nash,WR,WR,,26,Active,,,,unrostered_at_snapshot,unknown,,2026-09-07T02:33:19.257223Z
2026-09-07T02:33:19.433492Z,1389347524489277440,2026,False,11530,Nick Williams,WR,WR,,,Active,,,,unrostered_at_snapshot,unknown,,2026-09-07T02:33:19.257223Z
2026-09-07T02:33:19.433492Z,1389347524489277440,2026,False,2790,Nigel King,WR,WR,,32,Active,,,,unrostered_at_snapshot,unknown,,2026-09-07T02:33:19.257223Z
2026-09-07T02:33:19.433492Z,1389347524489277440,2026,False,4234,Noah Brown,WR,WR,,30,Active,,,,unrostered_at_snapshot,unknown,,2026-09-07T02:33:19.257223Z
2026-09-07T02:33:19.433492Z,1389347524489277440,2026,False,13677,Noah Short,WR,WR,,,Active,,,,unrostered_at_snapshot,unknown,,2026-09-07T02:33:19.257223Z
2026-09-07T02:33:19.433492Z,1389347524489277440,2026,False,4600,Noel Thomas,WR,WR,,27,Active,,,,unrostered_at_snapshot,unknown,,2026-09-07T02:33:19.257223Z
2026-09-07T02:33:19.433492Z,1389347524489277440,2026,False,6387,Nsimba Webster,WR,WR,,29,Active,,,,unrostered_at_snapshot,unknown,,2026-09-07T02:33:19.257223Z
2026-09-07T02:33:19.433492Z,1389347524489277440,2026,False,5950,Nyqwan Murray,WR,WR,,24,Active,,,,unrostered_at_snapshot,unknown,,2026-09-07T02:33:19.257223Z
2026-09-07T02:33:19.433492Z,1389347524489277440,2026,False,13304,O'Mega Blake,WR,WR,,,Active,,,,unrostered_at_snapshot,unknown,,2026-09-07T02:33:19.257223Z
2026-09-07T02:33:19.433492Z,1389347524489277440,2026,False,13850,Octavian Smith,WR,WR,,23,Active,,,,unrostered_at_snapshot,unknown,,2026-09-07T02:33:19.257223Z
2026-09-07T02:33:19.433492Z,1389347524489277440,2026,False,12033,OJ Hiliare,WR,WR,,23,Active,,,,unrostered_at_snapshot,unknown,,2026-09-07T02:33:19.257223Z
2026-09-07T02:33:19.433492Z,1389347524489277440,2026,False,11136,Oliver Martin,WR,WR,,24,Active,,,,unrostered_at_snapshot,unknown,,2026-09-07T02:33:19.257223Z
2026-09-07T02:33:19.433492Z,1389347524489277440,2026,False,7080,Omar Bayless,WR,WR,,25,Active,,,,unrostered_at_snapshot,unknown,,2026-09-07T02:33:19.257223Z
2026-09-07T02:33:19.433492Z,1389347524489277440,2026,False,13941,Omari Kelly,WR,WR,,,Active,,,,unrostered_at_snapshot,unknown,,2026-09-07T02:33:19.257223Z
2026-09-07T02:33:19.433492Z,1389347524489277440,2026,False,12453,Ontaria Wilson,WR,WR,,25,Active,,,,unrostered_at_snapshot,unknown,,2026-09-07T02:33:19.257223Z
2026-09-07T02:33:19.433492Z,1389347524489277440,2026,False,7860,Osirus Mitchell,WR,WR,,23,Active,,,,unrostered_at_snapshot,unknown,,2026-09-07T02:33:19.257223Z
2026-09-07T02:33:19.433492Z,1389347524489277440,2026,False,6364,Papi White,WR,WR,,25,Active,,,,unrostered_at_snapshot,unknown,,2026-09-07T02:33:19.257223Z
2026-09-07T02:33:19.433492Z,1389347524489277440,2026,False,5880,Parris Campbell,WR,WR,,28,Active,NA,,,unrostered_at_snapshot,unknown,,2026-09-07T02:33:19.257223Z
2026-09-07T02:33:19.433492Z,1389347524489277440,2026,False,2674,Paul Browning,WR,WR,,32,Active,,,,unrostered_at_snapshot,unknown,,2026-09-07T02:33:19.257223Z
2026-09-07T02:33:19.433492Z,1389347524489277440,2026,False,2279,Paul Richardson,WR,WR,,29,Active,,,,unrostered_at_snapshot,unknown,,2026-09-07T02:33:19.257223Z
2026-09-07T02:33:19.433492Z,1389347524489277440,2026,False,12373,Peter LeBlanc,WR,WR,,23,Active,,,,unrostered_at_snapshot,unknown,,2026-09-07T02:33:19.257223Z
2026-09-07T02:33:19.433492Z,1389347524489277440,2026,False,3278,Pharoh Cooper,WR,WR,,28,Active,,,,unrostered_at_snapshot,unknown,,2026-09-07T02:33:19.257223Z
2026-09-07T02:33:19.433492Z,1389347524489277440,2026,False,13258,Phil Lutz,WR,WR,,,Active,,,,unrostered_at_snapshot,unknown,,2026-09-07T02:33:19.257223Z
2026-09-07T02:33:19.433492Z,1389347524489277440,2026,False,12254,Phillip Brooks,WR,WR,,25,Active,,,,unrostered_at_snapshot,unknown,,2026-09-07T02:33:19.257223Z
2026-09-07T02:33:19.433492Z,1389347524489277440,2026,False,2334,Phillip Dorsett,WR,WR,,33,Active,,,,unrostered_at_snapshot,unknown,,2026-09-07T02:33:19.257223Z
2026-09-07T02:33:19.433492Z,1389347524489277440,2026,False,4805,Pig Howard,WR,WR,,28,Active,,,,unrostered_at_snapshot,unknown,,2026-09-07T02:33:19.257223Z
2026-09-07T02:33:19.433492Z,1389347524489277440,2026,False,11130,Pokey Wilson,WR,WR,,26,Active,,,,unrostered_at_snapshot,unknown,,2026-09-07T02:33:19.257223Z
2026-09-07T02:33:19.433492Z,1389347524489277440,2026,False,12370,Praise Olatoke,WR,WR,,24,Active,,,,unrostered_at_snapshot,unknown,,2026-09-07T02:33:19.257223Z
2026-09-07T02:33:19.433492Z,1389347524489277440,2026,False,13344,Preston Fox,WR,WR,,,Active,,,,unrostered_at_snapshot,unknown,,2026-09-07T02:33:19.257223Z
2026-09-07T02:33:19.433492Z,1389347524489277440,2026,False,6148,Preston Williams,WR,WR,,26,Active,,,,unrostered_at_snapshot,unknown,,2026-09-07T02:33:19.257223Z
2026-09-07T02:33:19.433492Z,1389347524489277440,2026,False,6879,Quartney Davis,WR,WR,,24,Active,,,,unrostered_at_snapshot,unknown,,2026-09-07T02:33:19.257223Z
2026-09-07T02:33:19.433492Z,1389347524489277440,2026,False,12907,Quentin Skinner,WR,WR,,24,Active,,,,unrostered_at_snapshot,unknown,,2026-09-07T02:33:19.257223Z
2026-09-07T02:33:19.433492Z,1389347524489277440,2026,False,3770,Quenton Bundrage,WR,WR,,33,Active,,,,unrostered_at_snapshot,unknown,,2026-09-07T02:33:19.257223Z
2026-09-07T02:33:19.433492Z,1389347524489277440,2026,False,6927,Quez Watkins,WR,WR,,28,Active,,,,unrostered_at_snapshot,unknown,,2026-09-07T02:33:19.257223Z
2026-09-07T02:33:19.433492Z,1389347524489277440,2026,False,1854,Quincy Enunwa,WR,WR,,29,Active,,,,unrostered_at_snapshot,unknown,,2026-09-07T02:33:19.257223Z
2026-09-07T02:33:19.433492Z,1389347524489277440,2026,False,4910,Quincy McDuffie,WR,WR,,31,Active,,,,unrostered_at_snapshot,unknown,,2026-09-07T02:33:19.257223Z
2026-09-07T02:33:19.433492Z,1389347524489277440,2026,False,12884,Quincy Skinner,WR,WR,,23,Active,,,,unrostered_at_snapshot,unknown,,2026-09-07T02:33:19.257223Z
2026-09-07T02:33:19.433492Z,1389347524489277440,2026,False,6895,Quintez Cephus,WR,WR,,27,Active,,,,unrostered_at_snapshot,unknown,,2026-09-07T02:33:19.257223Z
2026-09-07T02:33:19.433492Z,1389347524489277440,2026,False,1589,Quinton Patton,WR,WR,,30,Injured Reserve,,,,unrostered_at_snapshot,unknown,,2026-09-07T02:33:19.257223Z
2026-09-07T02:33:19.433492Z,1389347524489277440,2026,False,7793,Racey McMath,WR,WR,,25,Active,,,,unrostered_at_snapshot,unknown,,2026-09-07T02:33:19.257223Z
2026-09-07T02:33:19.433492Z,1389347524489277440,2026,False,9495,Rakim Jarrett,WR,WR,,24,Active,,,,unrostered_at_snapshot,unknown,,2026-09-07T02:33:19.257223Z
2026-09-07T02:33:19.433492Z,1389347524489277440,2026,False,8732,Raleigh Webb,WR,WR,,26,Active,,,,unrostered_at_snapshot,unknown,,2026-09-07T02:33:19.257223Z
2026-09-07T02:33:19.433492Z,1389347524489277440,2026,False,11885,Ramel Keyton,WR,WR,,24,Active,,,,unrostered_at_snapshot,unknown,,2026-09-07T02:33:19.257223Z
2026-09-07T02:33:19.433492Z,1389347524489277440,2026,False,928,Randall Cobb,WR,WR,,33,Active,,,,unrostered_at_snapshot,unknown,,2026-09-07T02:33:19.257223Z
2026-09-07T02:33:19.433492Z,1389347524489277440,2026,False,6361,Raphael Leonard,WR,WR,,24,Active,,,,unrostered_at_snapshot,unknown,,2026-09-07T02:33:19.257223Z
2026-09-07T02:33:19.433492Z,1389347524489277440,2026,False,7395,Rashad Medaris,WR,WR,,25,Active,,,,unrostered_at_snapshot,unknown,,2026-09-07T02:33:19.257223Z
2026-09-07T02:33:19.433492Z,1389347524489277440,2026,False,14037,Rashad Rochelle,WR,WR,,23,Active,,,,unrostered_at_snapshot,unknown,,2026-09-07T02:33:19.257223Z
2026-09-07T02:33:19.433492Z,1389347524489277440,2026,False,4828,Rashard Davis,WR,WR,,26,Active,,,,unrostered_at_snapshot,unknown,,2026-09-07T02:33:19.257223Z
2026-09-07T02:33:19.433492Z,1389347524489277440,2026,False,3328,Rashard Higgins,WR,WR,,28,Active,,,,unrostered_at_snapshot,unknown,,2026-09-07T02:33:19.257223Z
2026-09-07T02:33:19.433492Z,1389347524489277440,2026,False,2753,Rasheed Bailey,WR,WR,,28,Active,,,,unrostered_at_snapshot,unknown,,2026-09-07T02:33:19.257223Z
2026-09-07T02:33:19.433492Z,1389347524489277440,2026,False,12760,Rashod Owens,WR,WR,,24,Active,,,,unrostered_at_snapshot,unknown,,2026-09-07T02:33:19.257223Z
2026-09-07T02:33:19.433492Z,1389347524489277440,2026,False,13783,Raylen Sharpe,WR,WR,,,Active,,,,unrostered_at_snapshot,unknown,,2026-09-07T02:33:19.257223Z
2026-09-07T02:33:19.433492Z,1389347524489277440,2026,False,13136,Redd Douglas,WR,WR,,,Active,,,,unrostered_at_snapshot,unknown,,2026-09-07T02:33:19.257223Z
2026-09-07T02:33:19.433492Z,1389347524489277440,2026,False,3893,Reece Horn,WR,WR,,28,Active,,,,unrostered_at_snapshot,unknown,,2026-09-07T02:33:19.257223Z
2026-09-07T02:33:19.433492Z,1389347524489277440,2026,False,6763,Reggie Begelton,WR,WR,,28,Active,,,,unrostered_at_snapshot,unknown,,2026-09-07T02:33:19.257223Z
2026-09-07T02:33:19.433492Z,1389347524489277440,2026,False,12169,Reggie Brown,WR,WR,,,Active,,,,unrostered_at_snapshot,unknown,,2026-09-07T02:33:19.257223Z
2026-09-07T02:33:19.433492Z,1389347524489277440,2026,False,3655,Reggie Diggs,WR,WR,,28,Active,,,,unrostered_at_snapshot,unknown,,2026-09-07T02:33:19.257223Z
2026-09-07T02:33:19.433492Z,1389347524489277440,2026,False,8175,Reggie Roberson,WR,WR,,24,Active,,,,unrostered_at_snapshot,unknown,,2026-09-07T02:33:19.257223Z
2026-09-07T02:33:19.433492Z,1389347524489277440,2026,False,6261,Reggie White,WR,WR,,25,Active,,,,unrostered_at_snapshot,unknown,,2026-09-07T02:33:19.257223Z
2026-09-07T02:33:19.433492Z,1389347524489277440,2026,False,3732,Richard Mullaney,WR,WR,,28,Active,,,,unrostered_at_snapshot,unknown,,2026-09-07T02:33:19.257223Z
2026-09-07T02:33:19.433492Z,1389347524489277440,2026,False,5137,Richie James,WR,WR,,28,Active,,,,unrostered_at_snapshot,unknown,,2026-09-07T02:33:19.257223Z
2026-09-07T02:33:19.433492Z,1389347524489277440,2026,False,2935,Ricky Collins,WR,WR,,33,Active,,,,unrostered_at_snapshot,unknown,,2026-09-07T02:33:19.257223Z
2026-09-07T02:33:19.433492Z,1389347524489277440,2026,False,5428,Ricky Jeune,WR,WR,,28,Active,,,,unrostered_at_snapshot,unknown,,2026-09-07T02:33:19.257223Z
2026-09-07T02:33:19.433492Z,1389347524489277440,2026,False,7901,Rico Bussey,WR,WR,,24,Active,,,,unrostered_at_snapshot,unknown,,2026-09-07T02:33:19.257223Z
2026-09-07T02:33:19.433492Z,1389347524489277440,2026,False,5197,Rico Gafford,WR,WR,,26,Active,,,,unrostered_at_snapshot,unknown,,2026-09-07T02:33:19.257223Z
2026-09-07T02:33:19.433492Z,1389347524489277440,2026,False,7988,Riley Lees,WR,WR,,,Active,,,,unrostered_at_snapshot,unknown,,2026-09-07T02:33:19.257223Z
2026-09-07T02:33:19.433492Z,1389347524489277440,2026,False,5873,Riley Ridley,WR,WR,,25,Active,,,,unrostered_at_snapshot,unknown,,2026-09-07T02:33:19.257223Z
2026-09-07T02:33:19.433492Z,1389347524489277440,2026,False,1046,Rishard Matthews,WR,WR,,32,Injured Reserve,,,,unrostered_at_snapshot,unknown,,2026-09-07T02:33:19.257223Z
2026-09-07T02:33:19.433492Z,1389347524489277440,2026,False,12276,RJ Mobley,WR,WR,,,Active,,,,unrostered_at_snapshot,unknown,,2026-09-07T02:33:19.257223Z
2026-09-07T02:33:19.433492Z,1389347524489277440,2026,False,3423,Robbie Chosen,WR,WR,,32,Active,,,,unrostered_at_snapshot,unknown,,2026-09-07T02:33:19.257223Z
2026-09-07T02:33:19.433492Z,1389347524489277440,2026,False,4285,Robert Davis,WR,WR,,26,Active,,,,unrostered_at_snapshot,unknown,,2026-09-07T02:33:19.257223Z
2026-09-07T02:33:19.433492Z,1389347524489277440,2026,False,5250,Robert Foster,WR,WR,,28,Active,,,,unrostered_at_snapshot,unknown,,2026-09-07T02:33:19.257223Z
2026-09-07T02:33:19.433492Z,1389347524489277440,2026,False,12950,Robert Lewis,WR,WR,,23,Active,,,,unrostered_at_snapshot,unknown,,2026-09-07T02:33:19.257223Z
2026-09-07T02:33:19.433492Z,1389347524489277440,2026,False,4790,Robert Wheelwright,WR,WR,,,Active,,,,unrostered_at_snapshot,unknown,,2026-09-07T02:33:19.257223Z
2026-09-07T02:33:19.433492Z,1389347524489277440,2026,False,1352,Robert Woods,WR,WR,,33,Active,NA,,,unrostered_at_snapshot,unknown,,2026-09-07T02:33:19.257223Z
2026-09-07T02:33:19.433492Z,1389347524489277440,2026,False,12972,Roc Taylor,WR,WR,,24,Active,,,,unrostered_at_snapshot,unknown,,2026-09-07T02:33:19.257223Z
2026-09-07T02:33:19.433492Z,1389347524489277440,2026,False,13256,Roderick Daniels,WR,WR,,,Active,,,,unrostered_at_snapshot,unknown,,2026-09-07T02:33:19.257223Z
2026-09-07T02:33:19.433492Z,1389347524489277440,2026,False,4208,Rodney Adams,WR,WR,,27,Active,,,,unrostered_at_snapshot,unknown,,2026-09-07T02:33:19.257223Z
2026-09-07T02:33:19.433492Z,1389347524489277440,2026,False,13818,Romello Brinson,WR,WR,,24,Active,,,,unrostered_at_snapshot,unknown,,2026-09-07T02:33:19.257223Z
2026-09-07T02:33:19.433492Z,1389347524489277440,2026,False,7601,Rondale Moore,WR,WR,,25,Active,,,,unrostered_at_snapshot,unknown,,2026-09-07T02:33:19.257223Z
2026-09-07T02:33:19.433492Z,1389347524489277440,2026,False,12431,Rory Starkey,WR,WR,,,Active,,,,unrostered_at_snapshot,unknown,,2026-09-07T02:33:19.257223Z
2026-09-07T02:33:19.433492Z,1389347524489277440,2026,False,1164,Rueben Randle,WR,WR,,29,Injured Reserve,,,,unrostered_at_snapshot,unknown,,2026-09-07T02:33:19.257223Z
2026-09-07T02:33:19.433492Z,1389347524489277440,2026,False,5110,Russell Gage,WR,WR,,29,Active,,,,unrostered_at_snapshot,unknown,,2026-09-07T02:33:19.257223Z
2026-09-07T02:33:19.433492Z,1389347524489277440,2026,False,1333,Russell Shepard,WR,WR,,31,Active,,,,unrostered_at_snapshot,unknown,,2026-09-07T02:33:19.257223Z
2026-09-07T02:33:19.433492Z,1389347524489277440,2026,False,6036,Ryan Davis,WR,WR,,24,Active,,,,unrostered_at_snapshot,unknown,,2026-09-07T02:33:19.257223Z
2026-09-07T02:33:19.433492Z,1389347524489277440,2026,False,2093,Ryan Grant,WR,WR,,31,Active,,,,unrostered_at_snapshot,unknown,,2026-09-07T02:33:19.257223Z
2026-09-07T02:33:19.433492Z,1389347524489277440,2026,False,8891,Ryan McDaniel,WR,WR,,,Active,,,,unrostered_at_snapshot,unknown,,2026-09-07T02:33:19.257223Z
2026-09-07T02:33:19.433492Z,1389347524489277440,2026,False,4162,Ryan Switzer,WR,WR,,27,Active,,,,unrostered_at_snapshot,unknown,,2026-09-07T02:33:19.257223Z
2026-09-07T02:33:19.433492Z,1389347524489277440,2026,False,13929,Sahmir Hagans,WR,WR,,,Active,,,,unrostered_at_snapshot,unknown,,2026-09-07T02:33:19.257223Z
2026-09-07T02:33:19.433492Z,1389347524489277440,2026,False,13225,Sam Brown,WR,WR,,23,Active,,,,unrostered_at_snapshot,unknown,,2026-09-07T02:33:19.257223Z
2026-09-07T02:33:19.433492Z,1389347524489277440,2026,False,9496,Sam James,WR,WR,,23,Active,,,,unrostered_at_snapshot,unknown,,2026-09-07T02:33:19.257223Z
2026-09-07T02:33:19.433492Z,1389347524489277440,2026,False,12018,Sam Pinckney,WR,WR,,25,Active,,,,unrostered_at_snapshot,unknown,,2026-09-07T02:33:19.257223Z
2026-09-07T02:33:19.433492Z,1389347524489277440,2026,False,11957,Sam Schnee,WR,WR,,24,Active,,,,unrostered_at_snapshot,unknown,,2026-09-07T02:33:19.257223Z
2026-09-07T02:33:19.433492Z,1389347524489277440,2026,False,12134,Sam Wiglusz,WR,WR,,25,Active,,,,unrostered_at_snapshot,unknown,,2026-09-07T02:33:19.257223Z
2026-09-07T02:33:19.433492Z,1389347524489277440,2026,False,1817,Sammy Watkins,WR,WR,,29,Active,,,,unrostered_at_snapshot,unknown,,2026-09-07T02:33:19.257223Z
2026-09-07T02:33:19.433492Z,1389347524489277440,2026,False,8235,Samori Toure,WR,WR,,28,Active,,,,unrostered_at_snapshot,unknown,,2026-09-07T02:33:19.257223Z
2026-09-07T02:33:19.433492Z,1389347524489277440,2026,False,8824,Samson Nacua,WR,WR,,,Active,,,,unrostered_at_snapshot,unknown,,2026-09-07T02:33:19.257223Z
2026-09-07T02:33:19.433492Z,1389347524489277440,2026,False,8700,Savon Scarver,WR,WR,,,Active,,,,unrostered_at_snapshot,unknown,,2026-09-07T02:33:19.257223Z
2026-09-07T02:33:19.433492Z,1389347524489277440,2026,False,7237,Scotty Washington,WR,WR,,28,Active,,,,unrostered_at_snapshot,unknown,,2026-09-07T02:33:19.257223Z
2026-09-07T02:33:19.433492Z,1389347524489277440,2026,False,13867,Sean Brown,WR,WR,,,Active,,,,unrostered_at_snapshot,unknown,,2026-09-07T02:33:19.257223Z
2026-09-07T02:33:19.433492Z,1389347524489277440,2026,False,6459,Sean Modster,WR,WR,,26,Active,,,,unrostered_at_snapshot,unknown,,2026-09-07T02:33:19.257223Z
2026-09-07T02:33:19.433492Z,1389347524489277440,2026,False,7368,Sean Riley,WR,WR,,24,Active,,,,unrostered_at_snapshot,unknown,,2026-09-07T02:33:19.257223Z
2026-09-07T02:33:19.433492Z,1389347524489277440,2026,False,11387,Sean Ryan,WR,WR,,25,Active,,,,unrostered_at_snapshot,unknown,,2026-09-07T02:33:19.257223Z
2026-09-07T02:33:19.433492Z,1389347524489277440,2026,False,5408,Sergio Bailey,WR,WR,,27,Active,,,,unrostered_at_snapshot,unknown,,2026-09-07T02:33:19.257223Z
2026-09-07T02:33:19.433492Z,1389347524489277440,2026,False,11172,Shae Wyatt,WR,WR,,24,Active,,,,unrostered_at_snapshot,unknown,,2026-09-07T02:33:19.257223Z
2026-09-07T02:33:19.433492Z,1389347524489277440,2026,False,4721,Shakeir Ryan,WR,WR,,26,Active,,,,unrostered_at_snapshot,unknown,,2026-09-07T02:33:19.257223Z
2026-09-07T02:33:19.433492Z,1389347524489277440,2026,False,13624,Shaleak Knotts,WR,WR,,,Active,,,,unrostered_at_snapshot,unknown,,2026-09-07T02:33:19.257223Z
2026-09-07T02:33:19.433492Z,1389347524489277440,2026,False,7161,Shane Leatherbury,WR,WR,,24,Active,,,,unrostered_at_snapshot,unknown,,2026-09-07T02:33:19.257223Z
2026-09-07T02:33:19.433492Z,1389347524489277440,2026,False,4613,Shaq Hill,WR,WR,,28,Active,,,,unrostered_at_snapshot,unknown,,2026-09-07T02:33:19.257223Z
2026-09-07T02:33:19.433492Z,1389347524489277440,2026,False,11105,Shaquan Davis,WR,WR,,24,Active,,,,unrostered_at_snapshot,unknown,,2026-09-07T02:33:19.257223Z
2026-09-07T02:33:19.433492Z,1389347524489277440,2026,False,1855,Shaquelle Evans,WR,WR,,30,Active,,,,unrostered_at_snapshot,unknown,,2026-09-07T02:33:19.257223Z
2026-09-07T02:33:19.433492Z,1389347524489277440,2026,False,6357,Shawn Bane,WR,WR,,26,Active,,,,unrostered_at_snapshot,unknown,,2026-09-07T02:33:19.257223Z
2026-09-07T02:33:19.433492Z,1389347524489277440,2026,False,5431,Shay Fields,WR,WR,,25,Active,,,,unrostered_at_snapshot,unknown,,2026-09-07T02:33:19.257223Z
2026-09-07T02:33:19.433492Z,1389347524489277440,2026,False,11257,Shedrick Jackson,WR,WR,,26,Active,,,,unrostered_at_snapshot,unknown,,2026-09-07T02:33:19.257223Z
2026-09-07T02:33:19.433492Z,1389347524489277440,2026,False,4214,Shelton Gibson,WR,WR,,27,Active,,,,unrostered_at_snapshot,unknown,,2026-09-07T02:33:19.257223Z
2026-09-07T02:33:19.433492Z,1389347524489277440,2026,False,8731,Shemar Bridges,WR,WR,,25,Active,,,,unrostered_at_snapshot,unknown,,2026-09-07T02:33:19.257223Z
2026-09-07T02:33:19.433492Z,1389347524489277440,2026,False,7603,Shi Smith,WR,WR,,25,Active,,,,unrostered_at_snapshot,unknown,,2026-09-07T02:33:19.257223Z
2026-09-07T02:33:19.433492Z,1389347524489277440,2026,False,7309,Siaosi Mariner,WR,WR,,24,Active,,,,unrostered_at_snapshot,unknown,,2026-09-07T02:33:19.257223Z
2026-09-07T02:33:19.433492Z,1389347524489277440,2026,False,12880,Silas Bolden,WR,WR,,24,Active,,,,unrostered_at_snapshot,unknown,,2026-09-07T02:33:19.257223Z
2026-09-07T02:33:19.433492Z,1389347524489277440,2026,False,8191,Slade Bolden,WR,WR,,24,Active,,,,unrostered_at_snapshot,unknown,,2026-09-07T02:33:19.257223Z
2026-09-07T02:33:19.433492Z,1389347524489277440,2026,False,4938,Speedy Noil,WR,WR,,26,Active,,,,unrostered_at_snapshot,unknown,,2026-09-07T02:33:19.257223Z
2026-09-07T02:33:19.433492Z,1389347524489277440,2026,False,13943,Squirrel White,WR,WR,,,Active,NA,,,unrostered_at_snapshot,unknown,,2026-09-07T02:33:19.257223Z
2026-09-07T02:33:19.433492Z,1389347524489277440,2026,False,8419,Stanley Berryhill,WR,WR,,24,Active,,,,unrostered_at_snapshot,unknown,,2026-09-07T02:33:19.257223Z
2026-09-07T02:33:19.433492Z,1389347524489277440,2026,False,6069,Stanley Morgan,WR,WR,,28,Active,,,,unrostered_at_snapshot,unknown,,2026-09-07T02:33:19.257223Z
2026-09-07T02:33:19.433492Z,1389347524489277440,2026,False,7462,Stephen Guidry,WR,WR,,24,Active,,,,unrostered_at_snapshot,unknown,,2026-09-07T02:33:19.257223Z
2026-09-07T02:33:19.433492Z,1389347524489277440,2026,False,6342,Stephen Louis,WR,WR,,26,Active,,,,unrostered_at_snapshot,unknown,,2026-09-07T02:33:19.257223Z
2026-09-07T02:33:19.433492Z,1389347524489277440,2026,False,8633,Stephon Robinson,WR,WR,,,Active,,,,unrostered_at_snapshot,unknown,,2026-09-07T02:33:19.257223Z
2026-09-07T02:33:19.433492Z,1389347524489277440,2026,False,3200,Sterling Shepard,WR,WR,,33,Active,,,,unrostered_at_snapshot,unknown,,2026-09-07T02:33:19.257223Z
2026-09-07T02:33:19.433492Z,1389347524489277440,2026,False,6402,Steven Sims,WR,WR,,28,Active,,,,unrostered_at_snapshot,unknown,,2026-09-07T02:33:19.257223Z
2026-09-07T02:33:19.433492Z,1389347524489277440,2026,False,11111,Sy Barnett,WR,WR,,25,Active,,,,unrostered_at_snapshot,unknown,,2026-09-07T02:33:19.257223Z
2026-09-07T02:33:19.433492Z,1389347524489277440,2026,False,2121,T.J. Jones,WR,WR,,29,Active,,,,unrostered_at_snapshot,unknown,,2026-09-07T02:33:19.257223Z
2026-09-07T02:33:19.433492Z,1389347524489277440,2026,False,11312,T.J. Luther,WR,WR,,25,Active,,,,unrostered_at_snapshot,unknown,,2026-09-07T02:33:19.257223Z
2026-09-07T02:33:19.433492Z,1389347524489277440,2026,False,6401,T.J. Rahming,WR,WR,,25,Active,,,,unrostered_at_snapshot,unknown,,2026-09-07T02:33:19.257223Z
2026-09-07T02:33:19.433492Z,1389347524489277440,2026,False,7960,T.J. Simmons,WR,WR,,,Active,,,,unrostered_at_snapshot,unknown,,2026-09-07T02:33:19.257223Z
2026-09-07T02:33:19.433492Z,1389347524489277440,2026,False,7862,T.J. Vasher,WR,WR,,24,Active,,,,unrostered_at_snapshot,unknown,,2026-09-07T02:33:19.257223Z
2026-09-07T02:33:19.433492Z,1389347524489277440,2026,False,1110,T.Y. Hilton,WR,WR,,33,Active,,,,unrostered_at_snapshot,unknown,,2026-09-07T02:33:19.257223Z
2026-09-07T02:33:19.433492Z,1389347524489277440,2026,False,11821,Tahj Washington,WR,WR,,25,Active,,,,unrostered_at_snapshot,unknown,,2026-09-07T02:33:19.257223Z
2026-09-07T02:33:19.433492Z,1389347524489277440,2026,False,5224,Taj Williams,WR,WR,,,Active,,,,unrostered_at_snapshot,unknown,,2026-09-07T02:33:19.257223Z
2026-09-07T02:33:19.433492Z,1389347524489277440,2026,False,12074,Talik Keaton,WR,WR,,,Active,,,,unrostered_at_snapshot,unknown,,2026-09-07T02:33:19.257223Z
2026-09-07T02:33:19.433492Z,1389347524489277440,2026,False,8573,Talolo Limi-Jones,WR,WR,,25,Active,,,,unrostered_at_snapshot,unknown,,2026-09-07T02:33:19.257223Z
2026-09-07T02:33:19.433492Z,1389347524489277440,2026,False,4551,Tanner Gentry,WR,WR,,28,Active,,,,unrostered_at_snapshot,unknown,,2026-09-07T02:33:19.257223Z
2026-09-07T02:33:19.433492Z,1389347524489277440,2026,False,12395,Tanner Knue,WR,WR,,26,Active,,,,unrostered_at_snapshot,unknown,,2026-09-07T02:33:19.257223Z
2026-09-07T02:33:19.433492Z,1389347524489277440,2026,False,8005,Tarik Black,WR,WR,,28,Active,,,,unrostered_at_snapshot,unknown,,2026-09-07T02:33:19.257223Z
2026-09-07T02:33:19.433492Z,1389347524489277440,2026,False,1567,Tavon Austin,WR,WR,,32,Active,,,,unrostered_at_snapshot,unknown,,2026-09-07T02:33:19.257223Z
2026-09-07T02:33:19.433492Z,1389347524489277440,2026,False,11418,Taye Barber,WR,WR,,23,Active,,,,unrostered_at_snapshot,unknown,,2026-09-07T02:33:19.257223Z
2026-09-07T02:33:19.433492Z,1389347524489277440,2026,False,1903,Taylor Gabriel,WR,WR,,30,Injured Reserve,,,,unrostered_at_snapshot,unknown,,2026-09-07T02:33:19.257223Z
2026-09-07T02:33:19.433492Z,1389347524489277440,2026,False,11445,Taylor Grimes,WR,WR,,23,Active,,,,unrostered_at_snapshot,unknown,,2026-09-07T02:33:19.257223Z
2026-09-07T02:33:19.433492Z,1389347524489277440,2026,False,13139,Taylor Morin,WR,WR,,,Active,,,,unrostered_at_snapshot,unknown,,2026-09-07T02:33:19.257223Z
2026-09-07T02:33:19.433492Z,1389347524489277440,2026,False,8613,Taysir Mack,WR,WR,,24,Active,,,,unrostered_at_snapshot,unknown,,2026-09-07T02:33:19.257223Z
2026-09-07T02:33:19.433492Z,1389347524489277440,2026,False,11962,Tayvion Robinson,WR,WR,,24,Active,,,,unrostered_at_snapshot,unknown,,2026-09-07T02:33:19.257223Z
2026-09-07T02:33:19.433492Z,1389347524489277440,2026,False,4125,Taywan Taylor,WR,WR,,26,Active,,,,unrostered_at_snapshot,unknown,,2026-09-07T02:33:19.257223Z
2026-09-07T02:33:19.433492Z,1389347524489277440,2026,False,695,Ted Ginn,WR,WR,,36,Injured Reserve,,,,unrostered_at_snapshot,unknown,,2026-09-07T02:33:19.257223Z
2026-09-07T02:33:19.433492Z,1389347524489277440,2026,False,11802,Tejhaun Palmer,WR,WR,,26,Active,,,,unrostered_at_snapshot,unknown,,2026-09-07T02:33:19.257223Z
2026-09-07T02:33:19.433492Z,1389347524489277440,2026,False,5255,Teo Redding,WR,WR,,27,Active,,,,unrostered_at_snapshot,unknown,,2026-09-07T02:33:19.257223Z
2026-09-07T02:33:19.433492Z,1389347524489277440,2026,False,11925,Terique Owens,WR,WR,,25,Active,,,,unrostered_at_snapshot,unknown,,2026-09-07T02:33:19.257223Z
2026-09-07T02:33:19.433492Z,1389347524489277440,2026,False,7565,Terrace Marshall,WR,WR,,26,Active,,,,unrostered_at_snapshot,unknown,,2026-09-07T02:33:19.257223Z
2026-09-07T02:33:19.433492Z,1389347524489277440,2026,False,11115,Terrell Bynum,WR,WR,,26,Active,,,,unrostered_at_snapshot,unknown,,2026-09-07T02:33:19.257223Z
2026-09-07T02:33:19.433492Z,1389347524489277440,2026,False,1652,Terrell Sinkfield,WR,WR,,31,Active,,3,,unrostered_at_snapshot,unknown,,2026-09-07T02:33:19.257223Z
2026-09-07T02:33:19.433492Z,1389347524489277440,2026,False,14040,Terrill Davis,WR,WR,,23,Active,,,,unrostered_at_snapshot,unknown,,2026-09-07T02:33:19.257223Z
2026-09-07T02:33:19.433492Z,1389347524489277440,2026,False,5977,Terry Godwin,WR,WR,,25,Active,,,,unrostered_at_snapshot,unknown,,2026-09-07T02:33:19.257223Z
2026-09-07T02:33:19.433492Z,1389347524489277440,2026,False,6492,Terry Wright,WR,WR,,24,Active,,,,unrostered_at_snapshot,unknown,,2026-09-07T02:33:19.257223Z
2026-09-07T02:33:19.433492Z,1389347524489277440,2026,False,3730,Tevin Jones,WR,WR,,29,Active,,,,unrostered_at_snapshot,unknown,,2026-09-07T02:33:19.257223Z
2026-09-07T02:33:19.433492Z,1389347524489277440,2026,False,11073,Thayer Thomas,WR,WR,,27,Active,,,,unrostered_at_snapshot,unknown,,2026-09-07T02:33:19.257223Z
2026-09-07T02:33:19.433492Z,1389347524489277440,2026,False,8437,Thomas Hennigan,WR,WR,,24,Active,,,,unrostered_at_snapshot,unknown,,2026-09-07T02:33:19.257223Z
2026-09-07T02:33:19.433492Z,1389347524489277440,2026,False,4479,Thomas Sperbeck,WR,WR,,27,Active,,,,unrostered_at_snapshot,unknown,,2026-09-07T02:33:19.257223Z
2026-09-07T02:33:19.433492Z,1389347524489277440,2026,False,5714,Tim Wilson,WR,WR,,27,Active,,,,unrostered_at_snapshot,unknown,,2026-09-07T02:33:19.257223Z
2026-09-07T02:33:19.433492Z,1389347524489277440,2026,False,2580,Titus Davis,WR,WR,,29,Active,,,,unrostered_at_snapshot,unknown,,2026-09-07T02:33:19.257223Z
2026-09-07T02:33:19.433492Z,1389347524489277440,2026,False,13191,TJ Sheffield,WR,WR,,,Active,,,,unrostered_at_snapshot,unknown,,2026-09-07T02:33:19.257223Z
2026-09-07T02:33:19.433492Z,1389347524489277440,2026,False,12690,Tommy Mellott,WR,WR,,24,Active,,,,unrostered_at_snapshot,unknown,,2026-09-07T02:33:19.257223Z
2026-09-07T02:33:19.433492Z,1389347524489277440,2026,False,14005,Tommy Thomas,WR,WR,,,Active,,,,unrostered_at_snapshot,unknown,,2026-09-07T02:33:19.257223Z
2026-09-07T02:33:19.433492Z,1389347524489277440,2026,False,3614,Tommylee Lewis,WR,WR,,29,Active,,,,unrostered_at_snapshot,unknown,,2026-09-07T02:33:19.257223Z
2026-09-07T02:33:19.433492Z,1389347524489277440,2026,False,7078,Tony Brown,WR,WR,,24,Active,,,,unrostered_at_snapshot,unknown,,2026-09-07T02:33:19.257223Z
2026-09-07T02:33:19.433492Z,1389347524489277440,2026,False,2639,Tony Jones,WR,WR,,32,Active,,,,unrostered_at_snapshot,unknown,,2026-09-07T02:33:19.257223Z
2026-09-07T02:33:19.433492Z,1389347524489277440,2026,False,4497,Tony Stevens,WR,WR,,26,Active,,,,unrostered_at_snapshot,unknown,,2026-09-07T02:33:19.257223Z
2026-09-07T02:33:19.433492Z,1389347524489277440,2026,False,826,Torrey Smith,WR,WR,,32,Injured Reserve,,,,unrostered_at_snapshot,unknown,,2026-09-07T02:33:19.257223Z
2026-09-07T02:33:19.433492Z,1389347524489277440,2026,False,12849,Traeshon Holden,WR,WR,,25,Active,,,,unrostered_at_snapshot,unknown,,2026-09-07T02:33:19.257223Z
2026-09-07T02:33:19.433492Z,1389347524489277440,2026,False,8252,Travell Harris,WR,WR,,,Active,,,,unrostered_at_snapshot,unknown,,2026-09-07T02:33:19.257223Z
2026-09-07T02:33:19.433492Z,1389347524489277440,2026,False,4520,Travin Dural,WR,WR,,28,Active,,,,unrostered_at_snapshot,unknown,,2026-09-07T02:33:19.257223Z
2026-09-07T02:33:19.433492Z,1389347524489277440,2026,False,1077,Travis Benjamin,WR,WR,,32,Active,,,,unrostered_at_snapshot,unknown,,2026-09-07T02:33:19.257223Z
2026-09-07T02:33:19.433492Z,1389347524489277440,2026,False,6059,Travis Fulgham,WR,WR,,27,Active,,,,unrostered_at_snapshot,unknown,,2026-09-07T02:33:19.257223Z
2026-09-07T02:33:19.433492Z,1389347524489277440,2026,False,7454,Travis Jonsen,WR,WR,,25,Active,,,,unrostered_at_snapshot,unknown,,2026-09-07T02:33:19.257223Z
2026-09-07T02:33:19.433492Z,1389347524489277440,2026,False,8070,Travis Toivonen,WR,WR,,24,Active,,,,unrostered_at_snapshot,unknown,,2026-09-07T02:33:19.257223Z
2026-09-07T02:33:19.433492Z,1389347524489277440,2026,False,12392,Tre Mosley,WR,WR,,23,Active,,,,unrostered_at_snapshot,unknown,,2026-09-07T02:33:19.257223Z
2026-09-07T02:33:19.433492Z,1389347524489277440,2026,False,7546,Tre Nixon,WR,WR,,26,Active,,,,unrostered_at_snapshot,unknown,,2026-09-07T02:33:19.257223Z
2026-09-07T02:33:19.433492Z,1389347524489277440,2026,False,8169,Tre Turner,WR,WR,,,Active,,,,unrostered_at_snapshot,unknown,,2026-09-07T02:33:19.257223Z
2026-09-07T02:33:19.433492Z,1389347524489277440,2026,False,2752,Trent Steelman,WR,WR,,35,Active,,,,unrostered_at_snapshot,unknown,,2026-09-07T02:33:19.257223Z
2026-09-07T02:33:19.433492Z,1389347524489277440,2026,False,4218,Trent Taylor,WR,WR,,31,Active,,,,unrostered_at_snapshot,unknown,,2026-09-07T02:33:19.257223Z
2026-09-07T02:33:19.433492Z,1389347524489277440,2026,False,6598,Trenton Irwin,WR,WR,,30,Active,,,,unrostered_at_snapshot,unknown,,2026-09-07T02:33:19.257223Z
2026-09-07T02:33:19.433492Z,1389347524489277440,2026,False,12355,Treveyon Pratt,WR,WR,,24,Active,,,,unrostered_at_snapshot,unknown,,2026-09-07T02:33:19.257223Z
2026-09-07T02:33:19.433492Z,1389347524489277440,2026,False,6248,Trevion Thompson,WR,WR,,26,Active,,,,unrostered_at_snapshot,unknown,,2026-09-07T02:33:19.257223Z
2026-09-07T02:33:19.433492Z,1389347524489277440,2026,False,8581,Trevon Bradford,WR,WR,,,Active,,,,unrostered_at_snapshot,unknown,,2026-09-07T02:33:19.257223Z
2026-09-07T02:33:19.433492Z,1389347524489277440,2026,False,8549,Trevon Clark,WR,WR,,23,Active,,,,unrostered_at_snapshot,unknown,,2026-09-07T02:33:19.257223Z
2026-09-07T02:33:19.433492Z,1389347524489277440,2026,False,7217,Trevontae Hights,WR,WR,,24,Active,,,,unrostered_at_snapshot,unknown,,2026-09-07T02:33:19.257223Z
2026-09-07T02:33:19.433492Z,1389347524489277440,2026,False,3319,Trevor Davis,WR,WR,,28,Active,,,,unrostered_at_snapshot,unknown,,2026-09-07T02:33:19.257223Z
2026-09-07T02:33:19.433492Z,1389347524489277440,2026,False,2838,Trevor Harman,WR,WR,,33,Active,,,,unrostered_at_snapshot,unknown,,2026-09-07T02:33:19.257223Z
2026-09-07T02:33:19.433492Z,1389347524489277440,2026,False,4324,Trey Griffey,WR,WR,,27,Active,,,,unrostered_at_snapshot,unknown,,2026-09-07T02:33:19.257223Z
2026-09-07T02:33:19.433492Z,1389347524489277440,2026,False,5139,Trey Quinn,WR,WR,,27,Active,,,,unrostered_at_snapshot,unknown,,2026-09-07T02:33:19.257223Z
2026-09-07T02:33:19.433492Z,1389347524489277440,2026,False,13862,Treyvhon Saunders,WR,WR,,,Active,,,,unrostered_at_snapshot,unknown,,2026-09-07T02:33:19.257223Z
2026-09-07T02:33:19.433492Z,1389347524489277440,2026,False,6395,Trinity Benson,WR,WR,,26,Active,,,,unrostered_at_snapshot,unknown,,2026-09-07T02:33:19.257223Z
2026-09-07T02:33:19.433492Z,1389347524489277440,2026,False,13003,Tru Edwards,WR,WR,,25,Active,,,,unrostered_at_snapshot,unknown,,2026-09-07T02:33:19.257223Z
2026-09-07T02:33:19.433492Z,1389347524489277440,2026,False,11886,Tulu Griffin,WR,WR,,24,Active,,,,unrostered_at_snapshot,unknown,,2026-09-07T02:33:19.257223Z
2026-09-07T02:33:19.433492Z,1389347524489277440,2026,False,8196,Ty Fryfogle,WR,WR,,24,Active,,,,unrostered_at_snapshot,unknown,,2026-09-07T02:33:19.257223Z
2026-09-07T02:33:19.433492Z,1389347524489277440,2026,False,11906,Ty James,WR,WR,,23,Active,,,,unrostered_at_snapshot,unknown,,2026-09-07T02:33:19.257223Z
2026-09-07T02:33:19.433492Z,1389347524489277440,2026,False,9491,Ty Scott,WR,WR,,25,Active,,,,unrostered_at_snapshot,unknown,,2026-09-07T02:33:19.257223Z
2026-09-07T02:33:19.433492Z,1389347524489277440,2026,False,11226,Tyjon Lindsey,WR,WR,,24,Active,,,,unrostered_at_snapshot,unknown,,2026-09-07T02:33:19.257223Z
2026-09-07T02:33:19.433492Z,1389347524489277440,2026,False,11357,Tyler Adams,WR,WR,,25,Active,,,,unrostered_at_snapshot,unknown,,2026-09-07T02:33:19.257223Z
2026-09-07T02:33:19.433492Z,1389347524489277440,2026,False,3225,Tyler Boyd,WR,WR,,30,Active,,,,unrostered_at_snapshot,unknown,,2026-09-07T02:33:19.257223Z
2026-09-07T02:33:19.433492Z,1389347524489277440,2026,False,12029,Tyler Harrell,WR,WR,,24,Active,,,,unrostered_at_snapshot,unknown,,2026-09-07T02:33:19.257223Z
2026-09-07T02:33:19.433492Z,1389347524489277440,2026,False,11148,Tyler Hudson,WR,WR,,22,Active,,,,unrostered_at_snapshot,unknown,,2026-09-07T02:33:19.257223Z
2026-09-07T02:33:19.433492Z,1389347524489277440,2026,False,6960,Tyler Johnson,WR,WR,,28,Active,,,,unrostered_at_snapshot,unknown,,2026-09-07T02:33:19.257223Z
2026-09-07T02:33:19.433492Z,1389347524489277440,2026,False,12831,Tyler Kahmann,WR,WR,,25,Active,,,,unrostered_at_snapshot,unknown,,2026-09-07T02:33:19.257223Z
2026-09-07T02:33:19.433492Z,1389347524489277440,2026,False,2374,Tyler Lockett,WR,WR,,33,Active,,,,unrostered_at_snapshot,unknown,,2026-09-07T02:33:19.257223Z
2026-09-07T02:33:19.433492Z,1389347524489277440,2026,False,2910,Tyler Rutenbeck,WR,WR,,33,Active,,,,unrostered_at_snapshot,unknown,,2026-09-07T02:33:19.257223Z
2026-09-07T02:33:19.433492Z,1389347524489277440,2026,False,9490,Tyler Scott,WR,WR,,24,Active,,,,unrostered_at_snapshot,unknown,,2026-09-07T02:33:19.257223Z
2026-09-07T02:33:19.433492Z,1389347524489277440,2026,False,7274,Tyler Simmons,WR,WR,,24,Active,,,,unrostered_at_snapshot,unknown,,2026-09-07T02:33:19.257223Z
2026-09-07T02:33:19.433492Z,1389347524489277440,2026,False,8409,Tyler Snead,WR,WR,,22,Active,,,,unrostered_at_snapshot,unknown,,2026-09-07T02:33:19.257223Z
2026-09-07T02:33:19.433492Z,1389347524489277440,2026,False,7548,Tyler Vaughns,WR,WR,,25,Active,,,,unrostered_at_snapshot,unknown,,2026-09-07T02:33:19.257223Z
2026-09-07T02:33:19.433492Z,1389347524489277440,2026,False,6049,Tyre Brady,WR,WR,,26,Active,,,,unrostered_at_snapshot,unknown,,2026-09-07T02:33:19.257223Z
2026-09-07T02:33:19.433492Z,1389347524489277440,2026,False,3321,Tyreek Hill,WR,WR,,31,Active,Questionable,,,unrostered_at_snapshot,unknown,,2026-09-07T02:33:19.257223Z
2026-09-07T02:33:19.433492Z,1389347524489277440,2026,False,2583,Tyrell Williams,WR,WR,,29,Active,,,,unrostered_at_snapshot,unknown,,2026-09-07T02:33:19.257223Z
2026-09-07T02:33:19.433492Z,1389347524489277440,2026,False,7032,Tyrie Cleveland,WR,WR,,26,Active,,,,unrostered_at_snapshot,unknown,,2026-09-07T02:33:19.257223Z
2026-09-07T02:33:19.433492Z,1389347524489277440,2026,False,6063,Tyron Billy-Johnson,WR,WR,,28,Active,,,,unrostered_at_snapshot,unknown,,2026-09-07T02:33:19.257223Z
2026-09-07T02:33:19.433492Z,1389347524489277440,2026,False,13034,Tyrone Broden,WR,WR,,25,Active,Questionable,,,unrostered_at_snapshot,unknown,,2026-09-07T02:33:19.257223Z
2026-09-07T02:33:19.433492Z,1389347524489277440,2026,False,8656,Tyshaun James,WR,WR,,23,Active,,,,unrostered_at_snapshot,unknown,,2026-09-07T02:33:19.257223Z
2026-09-07T02:33:19.433492Z,1389347524489277440,2026,False,1678,Uzoma Nwachukwu,WR,WR,,31,Active,,,,unrostered_at_snapshot,unknown,,2026-09-07T02:33:19.257223Z
2026-09-07T02:33:19.433492Z,1389347524489277440,2026,False,3660,Valdez Showers,WR,WR,,28,Active,,,,unrostered_at_snapshot,unknown,,2026-09-07T02:33:19.257223Z
2026-09-07T02:33:19.433492Z,1389347524489277440,2026,False,6853,Van Jefferson,WR,WR,,30,Active,,,,unrostered_at_snapshot,unknown,,2026-09-07T02:33:19.257223Z
2026-09-07T02:33:19.433492Z,1389347524489277440,2026,False,6628,Ventell Bryant,WR,WR,,25,Active,,,,unrostered_at_snapshot,unknown,,2026-09-07T02:33:19.257223Z
2026-09-07T02:33:19.433492Z,1389347524489277440,2026,False,2635,Vernon Johnson,WR,WR,,32,Active,,,,unrostered_at_snapshot,unknown,,2026-09-07T02:33:19.257223Z
2026-09-07T02:33:19.433492Z,1389347524489277440,2026,False,4453,Victor Bolden,WR,WR,,28,Active,,,,unrostered_at_snapshot,unknown,,2026-09-07T02:33:19.257223Z
2026-09-07T02:33:19.433492Z,1389347524489277440,2026,False,5260,Vyncint Smith,WR,WR,,27,Active,,,,unrostered_at_snapshot,unknown,,2026-09-07T02:33:19.257223Z
2026-09-07T02:33:19.433492Z,1389347524489277440,2026,False,7550,Warren Jackson,WR,WR,,23,Active,,,,unrostered_at_snapshot,unknown,,2026-09-07T02:33:19.257223Z
2026-09-07T02:33:19.433492Z,1389347524489277440,2026,False,12198,Wayne Ruby,WR,WR,,24,Active,,,,unrostered_at_snapshot,unknown,,2026-09-07T02:33:19.257223Z
2026-09-07T02:33:19.433492Z,1389347524489277440,2026,False,7558,Whop Philyor,WR,WR,,23,Active,,,,unrostered_at_snapshot,unknown,,2026-09-07T02:33:19.257223Z
2026-09-07T02:33:19.433492Z,1389347524489277440,2026,False,3157,William Fuller,WR,WR,,27,Active,,,,unrostered_at_snapshot,unknown,,2026-09-07T02:33:19.257223Z
2026-09-07T02:33:19.433492Z,1389347524489277440,2026,False,8881,Willie Johnson,WR,WR,,26,Active,,,,unrostered_at_snapshot,unknown,,2026-09-07T02:33:19.257223Z
2026-09-07T02:33:19.433492Z,1389347524489277440,2026,False,13238,Winston Wright,WR,WR,,,Active,,,,unrostered_at_snapshot,unknown,,2026-09-07T02:33:19.257223Z
2026-09-07T02:33:19.433492Z,1389347524489277440,2026,False,11306,Xavier Gipson,WR,WR,,25,Active,,,,unrostered_at_snapshot,unknown,,2026-09-07T02:33:19.257223Z
2026-09-07T02:33:19.433492Z,1389347524489277440,2026,False,11969,Xavier Johnson,WR,WR,,27,Active,,,,unrostered_at_snapshot,unknown,,2026-09-07T02:33:19.257223Z
2026-09-07T02:33:19.433492Z,1389347524489277440,2026,False,13916,Xavier Loyd,WR,WR,,23,Active,,,,unrostered_at_snapshot,unknown,,2026-09-07T02:33:19.257223Z
2026-09-07T02:33:19.433492Z,1389347524489277440,2026,False,3150,Xavier Rush,WR,WR,,29,Active,,,,unrostered_at_snapshot,unknown,,2026-09-07T02:33:19.257223Z
2026-09-07T02:33:19.433492Z,1389347524489277440,2026,False,12363,Xavier Wade,WR,WR,,,Active,,,,unrostered_at_snapshot,unknown,,2026-09-07T02:33:19.257223Z
2026-09-07T02:33:19.433492Z,1389347524489277440,2026,False,12189,Xavier White,WR,WR,,25,Active,,,,unrostered_at_snapshot,unknown,,2026-09-07T02:33:19.257223Z
2026-09-07T02:33:19.433492Z,1389347524489277440,2026,False,2962,Zach D'Orazio,WR,WR,,33,Active,,,,unrostered_at_snapshot,unknown,,2026-09-07T02:33:19.257223Z
2026-09-07T02:33:19.433492Z,1389347524489277440,2026,False,12168,Zach Mathis,WR,WR,,24,Active,,,,unrostered_at_snapshot,unknown,,2026-09-07T02:33:19.257223Z
2026-09-07T02:33:19.433492Z,1389347524489277440,2026,False,4319,Zach Pascal,WR,WR,,30,Active,,,,unrostered_at_snapshot,unknown,,2026-09-07T02:33:19.257223Z
2026-09-07T02:33:19.433492Z,1389347524489277440,2026,False,13161,Zakhari Franklin,WR,WR,,25,Active,,,,unrostered_at_snapshot,unknown,,2026-09-07T02:33:19.257223Z
2026-09-07T02:33:19.433492Z,1389347524489277440,2026,False,4080,Zay Jones,WR,WR,,31,Active,,,,unrostered_at_snapshot,unknown,,2026-09-07T02:33:19.257223Z
2026-09-07T02:33:19.433492Z,1389347524489277440,2026,False,11189,Zay Malone,WR,WR,,23,Active,,,,unrostered_at_snapshot,unknown,,2026-09-07T02:33:19.257223Z
2026-09-07T02:33:19.433492Z,1389347524489277440,2026,False,7211,Zimari Manning,WR,WR,,26,Active,,,,unrostered_at_snapshot,unknown,,2026-09-07T02:33:19.257223Z
2026-09-07T02:33:19.433492Z,1389347524489277440,2026,False,11159,Zion Bowens,WR,WR,,24,Active,,,,unrostered_at_snapshot,unknown,,2026-09-07T02:33:19.257223Z
